{
	"material_0_m_carpaint_615e9.skin.dynamicTextures": {
		"name": "material_0_m_carpaint_615e9.skin.dynamicTextures",
		"class": "Material",
		"mapTo": "material_0_m_carpaint_615e9.skin.dynamicTextures",
		"Stages": [
			{
				"normalMap": "vehicles/korsar_1c/camso_col_0xff8080ff.dds",
				"normalMapStrength": 1,
				"clearCoatFactor": 1,
				"clearCoatRoughnessFactor": 1,
				"opacityMap": "vehicles/korsar_1c/615e9_stamp0.dds",
				"opacityMapUseUV": 1,
				"instanceDiffuse": true,
				"roughnessFactor": 1,
				"metallicFactor": 1,
				"diffuseColor": [ 1, 1, 1, 1 ],
				"useAnisotropic": true
			},
			{
				"normalMap": "vehicles/korsar_1c/camso_col_0xff8080ff.dds",
				"normalMapStrength": 1,
				"clearCoatFactor": 1,
				"clearCoatRoughnessFactor": 1,
				"opacityMap": "vehicles/korsar_1c/615e9_stamp0.dds",
				"opacityMapUseUV": 1,
				"instanceDiffuse": true,
				"roughnessFactor": 1,
				"metallicFactor": 1,
				"baseColorMap": "@DynamicTextureBaseColor",
				"diffuseMapUseUV": 1,
				"colorPaletteMap": "@DynamicTextureColorPalette",
				"colorPaletteMapUseUV": 1,
				"roughnessMap": "@DynamicTextureRoughness",
				"roughnessMapUseUV": 1,
				"metallicMap": "@DynamicTextureMetallic",
				"metallicMapUseUV": 1,
				"useAnisotropic": true
			},
			{
			},
			{
			}
		],
		"alphaRef": 255,
		"alphaTest": true,
		"translucent": false,
		"translucentBlendOp": "None",
		"doubleSided": true,
		"invertBackFaceNormals": true,
		"dynamicCubemap": true,
		"activeLayers": 2,
		"materialTag0": "beamng",
		"materialTag1": "vehicle",
		"order_simset": 0,
		"version": 1.5
	},
	"material_1_m_carpaint_615e9.skin.dynamicTextures": {
		"name": "material_1_m_carpaint_615e9.skin.dynamicTextures",
		"class": "Material",
		"mapTo": "material_1_m_carpaint_615e9.skin.dynamicTextures",
		"Stages": [
			{
				"normalMap": "vehicles/korsar_1c/camso_col_0xff8080ff.dds",
				"normalMapStrength": 1,
				"clearCoatFactor": 1,
				"clearCoatRoughnessFactor": 1,
				"opacityMap": "vehicles/korsar_1c/615e9_stamp0.dds",
				"opacityMapUseUV": 1,
				"instanceDiffuse": true,
				"roughnessFactor": 1,
				"metallicFactor": 1,
				"diffuseColor": [ 1, 1, 1, 1 ],
				"useAnisotropic": true
			},
			{
				"normalMap": "vehicles/korsar_1c/camso_col_0xff8080ff.dds",
				"normalMapStrength": 1,
				"clearCoatFactor": 1,
				"clearCoatRoughnessFactor": 1,
				"opacityMap": "vehicles/korsar_1c/615e9_stamp0.dds",
				"opacityMapUseUV": 1,
				"instanceDiffuse": true,
				"roughnessFactor": 1,
				"metallicFactor": 1,
				"baseColorMap": "@DynamicTextureBaseColor",
				"diffuseMapUseUV": 1,
				"colorPaletteMap": "@DynamicTextureColorPalette",
				"colorPaletteMapUseUV": 1,
				"roughnessMap": "@DynamicTextureRoughness",
				"roughnessMapUseUV": 1,
				"metallicMap": "@DynamicTextureMetallic",
				"metallicMapUseUV": 1,
				"useAnisotropic": true
			},
			{
			},
			{
			}
		],
		"alphaRef": 255,
		"alphaTest": true,
		"translucent": false,
		"translucentBlendOp": "None",
		"doubleSided": true,
		"invertBackFaceNormals": true,
		"dynamicCubemap": true,
		"activeLayers": 2,
		"materialTag0": "beamng",
		"materialTag1": "vehicle",
		"order_simset": 0,
		"version": 1.5
	},
	"material_5_m_carpaint_615e9.skin.dynamicTextures": {
		"name": "material_5_m_carpaint_615e9.skin.dynamicTextures",
		"class": "Material",
		"mapTo": "material_5_m_carpaint_615e9.skin.dynamicTextures",
		"Stages": [
			{
				"normalMap": "vehicles/korsar_1c/camso_col_0xff8080ff.dds",
				"normalMapStrength": 1,
				"clearCoatFactor": 1,
				"clearCoatRoughnessFactor": 1,
				"instanceDiffuse": true,
				"roughnessFactor": 1,
				"metallicFactor": 1,
				"diffuseColor": [ 1, 1, 1, 1 ]
			},
			{
				"normalMap": "vehicles/korsar_1c/camso_col_0xff8080ff.dds",
				"normalMapStrength": 1,
				"clearCoatFactor": 1,
				"clearCoatRoughnessFactor": 1,
				"instanceDiffuse": true,
				"roughnessFactor": 1,
				"metallicFactor": 1,
				"baseColorMap": "@DynamicTextureBaseColor",
				"diffuseMapUseUV": 1,
				"colorPaletteMap": "@DynamicTextureColorPalette",
				"colorPaletteMapUseUV": 1,
				"roughnessMap": "@DynamicTextureRoughness",
				"roughnessMapUseUV": 1,
				"metallicMap": "@DynamicTextureMetallic",
				"metallicMapUseUV": 1
			},
			{
			},
			{
			}
		],
		"alphaRef": 255,
		"alphaTest": true,
		"translucent": false,
		"translucentBlendOp": "None",
		"doubleSided": true,
		"invertBackFaceNormals": true,
		"dynamicCubemap": true,
		"activeLayers": 2,
		"materialTag0": "beamng",
		"materialTag1": "vehicle",
		"order_simset": 0,
		"version": 1.5
	},
	"material_6_m_carpaint_615e9.skin.dynamicTextures": {
		"name": "material_6_m_carpaint_615e9.skin.dynamicTextures",
		"class": "Material",
		"mapTo": "material_6_m_carpaint_615e9.skin.dynamicTextures",
		"Stages": [
			{
				"normalMap": "vehicles/korsar_1c/camso_col_0xff8080ff.dds",
				"normalMapStrength": 1,
				"clearCoatFactor": 1,
				"clearCoatRoughnessFactor": 1,
				"instanceDiffuse": true,
				"roughnessFactor": 1,
				"metallicFactor": 1,
				"diffuseColor": [ 1, 1, 1, 1 ]
			},
			{
				"normalMap": "vehicles/korsar_1c/camso_col_0xff8080ff.dds",
				"normalMapStrength": 1,
				"clearCoatFactor": 1,
				"clearCoatRoughnessFactor": 1,
				"instanceDiffuse": true,
				"roughnessFactor": 1,
				"metallicFactor": 1,
				"baseColorMap": "@DynamicTextureBaseColor",
				"diffuseMapUseUV": 1,
				"colorPaletteMap": "@DynamicTextureColorPalette",
				"colorPaletteMapUseUV": 1,
				"roughnessMap": "@DynamicTextureRoughness",
				"roughnessMapUseUV": 1,
				"metallicMap": "@DynamicTextureMetallic",
				"metallicMapUseUV": 1
			},
			{
			},
			{
			}
		],
		"alphaRef": 255,
		"alphaTest": true,
		"translucent": false,
		"translucentBlendOp": "None",
		"doubleSided": true,
		"invertBackFaceNormals": true,
		"dynamicCubemap": true,
		"activeLayers": 2,
		"materialTag0": "beamng",
		"materialTag1": "vehicle",
		"order_simset": 0,
		"version": 1.5
	},
	"material_14_m_carpaint_615e9.skin.dynamicTextures": {
		"name": "material_14_m_carpaint_615e9.skin.dynamicTextures",
		"class": "Material",
		"mapTo": "material_14_m_carpaint_615e9.skin.dynamicTextures",
		"Stages": [
			{
				"normalMap": "vehicles/korsar_1c/camso_col_0xff8080ff.dds",
				"normalMapStrength": 1,
				"clearCoatFactor": 1,
				"clearCoatRoughnessFactor": 0,
				"diffuseColor": [ 0.847059, 0.0941176, 0, 1 ],
				"roughnessFactor": 0.263333,
				"metallicFactor": 0.752381
			},
			{
				"normalMap": "vehicles/korsar_1c/camso_col_0xff8080ff.dds",
				"normalMapStrength": 1,
				"clearCoatFactor": 1,
				"clearCoatRoughnessFactor": 0,
				"roughnessFactor": 0.263333,
				"metallicFactor": 0.752381,
				"baseColorMap": "@DynamicTextureBaseColor",
				"diffuseMapUseUV": 1,
				"colorPaletteMap": "@DynamicTextureColorPalette",
				"colorPaletteMapUseUV": 1,
				"roughnessMap": "@DynamicTextureRoughness",
				"roughnessMapUseUV": 1,
				"metallicMap": "@DynamicTextureMetallic",
				"metallicMapUseUV": 1
			},
			{
			},
			{
			}
		],
		"alphaRef": 255,
		"alphaTest": true,
		"translucent": false,
		"translucentBlendOp": "None",
		"doubleSided": true,
		"invertBackFaceNormals": true,
		"dynamicCubemap": true,
		"activeLayers": 2,
		"materialTag0": "beamng",
		"materialTag1": "vehicle",
		"order_simset": 0,
		"version": 1.5
	},
	"material_20_m_carpaint_615e9.skin.dynamicTextures": {
		"name": "material_20_m_carpaint_615e9.skin.dynamicTextures",
		"class": "Material",
		"mapTo": "material_20_m_carpaint_615e9.skin.dynamicTextures",
		"Stages": [
			{
				"normalMap": "vehicles/korsar_1c/camso_col_0xff8080ff.dds",
				"normalMapStrength": 1,
				"clearCoatFactor": 1,
				"clearCoatRoughnessFactor": 1,
				"instanceDiffuse": true,
				"roughnessFactor": 1,
				"metallicFactor": 1,
				"diffuseColor": [ 1, 1, 1, 1 ]
			},
			{
				"normalMap": "vehicles/korsar_1c/camso_col_0xff8080ff.dds",
				"normalMapStrength": 1,
				"clearCoatFactor": 1,
				"clearCoatRoughnessFactor": 1,
				"instanceDiffuse": true,
				"roughnessFactor": 1,
				"metallicFactor": 1,
				"baseColorMap": "@DynamicTextureBaseColor",
				"diffuseMapUseUV": 1,
				"colorPaletteMap": "@DynamicTextureColorPalette",
				"colorPaletteMapUseUV": 1,
				"roughnessMap": "@DynamicTextureRoughness",
				"roughnessMapUseUV": 1,
				"metallicMap": "@DynamicTextureMetallic",
				"metallicMapUseUV": 1
			},
			{
			},
			{
			}
		],
		"alphaRef": 255,
		"alphaTest": true,
		"translucent": false,
		"translucentBlendOp": "None",
		"doubleSided": true,
		"invertBackFaceNormals": true,
		"dynamicCubemap": true,
		"activeLayers": 2,
		"materialTag0": "beamng",
		"materialTag1": "vehicle",
		"order_simset": 0,
		"version": 1.5
	},
	"material_24_m_carpaint_615e9.skin.dynamicTextures": {
		"name": "material_24_m_carpaint_615e9.skin.dynamicTextures",
		"class": "Material",
		"mapTo": "material_24_m_carpaint_615e9.skin.dynamicTextures",
		"Stages": [
			{
				"normalMap": "vehicles/korsar_1c/camso_col_0xff8080ff.dds",
				"normalMapStrength": 1,
				"clearCoatFactor": 1,
				"clearCoatRoughnessFactor": 1,
				"instanceDiffuse": true,
				"roughnessFactor": 1,
				"metallicFactor": 1,
				"diffuseColor": [ 1, 1, 1, 1 ]
			},
			{
				"normalMap": "vehicles/korsar_1c/camso_col_0xff8080ff.dds",
				"normalMapStrength": 1,
				"clearCoatFactor": 1,
				"clearCoatRoughnessFactor": 1,
				"instanceDiffuse": true,
				"roughnessFactor": 1,
				"metallicFactor": 1,
				"baseColorMap": "@DynamicTextureBaseColor",
				"diffuseMapUseUV": 1,
				"colorPaletteMap": "@DynamicTextureColorPalette",
				"colorPaletteMapUseUV": 1,
				"roughnessMap": "@DynamicTextureRoughness",
				"roughnessMapUseUV": 1,
				"metallicMap": "@DynamicTextureMetallic",
				"metallicMapUseUV": 1
			},
			{
			},
			{
			}
		],
		"alphaRef": 255,
		"alphaTest": true,
		"translucent": false,
		"translucentBlendOp": "None",
		"doubleSided": true,
		"invertBackFaceNormals": true,
		"dynamicCubemap": true,
		"activeLayers": 2,
		"materialTag0": "beamng",
		"materialTag1": "vehicle",
		"order_simset": 0,
		"version": 1.5
	},
	"material_25_m_carpaint_615e9.skin.dynamicTextures": {
		"name": "material_25_m_carpaint_615e9.skin.dynamicTextures",
		"class": "Material",
		"mapTo": "material_25_m_carpaint_615e9.skin.dynamicTextures",
		"Stages": [
			{
				"normalMap": "vehicles/korsar_1c/camso_col_0xff8080ff.dds",
				"normalMapStrength": 1,
				"clearCoatFactor": 1,
				"clearCoatRoughnessFactor": 1,
				"instanceDiffuse": true,
				"roughnessFactor": 1,
				"metallicFactor": 1,
				"diffuseColor": [ 1, 1, 1, 1 ]
			},
			{
				"normalMap": "vehicles/korsar_1c/camso_col_0xff8080ff.dds",
				"normalMapStrength": 1,
				"clearCoatFactor": 1,
				"clearCoatRoughnessFactor": 1,
				"instanceDiffuse": true,
				"roughnessFactor": 1,
				"metallicFactor": 1,
				"baseColorMap": "@DynamicTextureBaseColor",
				"diffuseMapUseUV": 1,
				"colorPaletteMap": "@DynamicTextureColorPalette",
				"colorPaletteMapUseUV": 1,
				"roughnessMap": "@DynamicTextureRoughness",
				"roughnessMapUseUV": 1,
				"metallicMap": "@DynamicTextureMetallic",
				"metallicMapUseUV": 1
			},
			{
			},
			{
			}
		],
		"alphaRef": 255,
		"alphaTest": true,
		"translucent": false,
		"translucentBlendOp": "None",
		"doubleSided": true,
		"invertBackFaceNormals": true,
		"dynamicCubemap": true,
		"activeLayers": 2,
		"materialTag0": "beamng",
		"materialTag1": "vehicle",
		"order_simset": 0,
		"version": 1.5
	},
	"material_26_m_carpaint_615e9.skin.dynamicTextures": {
		"name": "material_26_m_carpaint_615e9.skin.dynamicTextures",
		"class": "Material",
		"mapTo": "material_26_m_carpaint_615e9.skin.dynamicTextures",
		"Stages": [
			{
				"normalMap": "vehicles/korsar_1c/camso_col_0xff8080ff.dds",
				"normalMapStrength": 1,
				"clearCoatFactor": 1,
				"clearCoatRoughnessFactor": 1,
				"instanceDiffuse": true,
				"roughnessFactor": 1,
				"metallicFactor": 1,
				"diffuseColor": [ 1, 1, 1, 1 ]
			},
			{
				"normalMap": "vehicles/korsar_1c/camso_col_0xff8080ff.dds",
				"normalMapStrength": 1,
				"clearCoatFactor": 1,
				"clearCoatRoughnessFactor": 1,
				"instanceDiffuse": true,
				"roughnessFactor": 1,
				"metallicFactor": 1,
				"baseColorMap": "@DynamicTextureBaseColor",
				"diffuseMapUseUV": 1,
				"colorPaletteMap": "@DynamicTextureColorPalette",
				"colorPaletteMapUseUV": 1,
				"roughnessMap": "@DynamicTextureRoughness",
				"roughnessMapUseUV": 1,
				"metallicMap": "@DynamicTextureMetallic",
				"metallicMapUseUV": 1
			},
			{
			},
			{
			}
		],
		"alphaRef": 255,
		"alphaTest": true,
		"translucent": false,
		"translucentBlendOp": "None",
		"doubleSided": true,
		"invertBackFaceNormals": true,
		"dynamicCubemap": true,
		"activeLayers": 2,
		"materialTag0": "beamng",
		"materialTag1": "vehicle",
		"order_simset": 0,
		"version": 1.5
	},
	"material_30_m_carpaint_615e9.skin.dynamicTextures": {
		"name": "material_30_m_carpaint_615e9.skin.dynamicTextures",
		"class": "Material",
		"mapTo": "material_30_m_carpaint_615e9.skin.dynamicTextures",
		"Stages": [
			{
				"normalMap": "vehicles/korsar_1c/camso_col_0xff8080ff.dds",
				"normalMapStrength": 1,
				"clearCoatFactor": 1,
				"clearCoatRoughnessFactor": 1,
				"instanceDiffuse": true,
				"roughnessFactor": 1,
				"metallicFactor": 1,
				"diffuseColor": [ 1, 1, 1, 1 ]
			},
			{
				"normalMap": "vehicles/korsar_1c/camso_col_0xff8080ff.dds",
				"normalMapStrength": 1,
				"clearCoatFactor": 1,
				"clearCoatRoughnessFactor": 1,
				"instanceDiffuse": true,
				"roughnessFactor": 1,
				"metallicFactor": 1,
				"baseColorMap": "@DynamicTextureBaseColor",
				"diffuseMapUseUV": 1,
				"colorPaletteMap": "@DynamicTextureColorPalette",
				"colorPaletteMapUseUV": 1,
				"roughnessMap": "@DynamicTextureRoughness",
				"roughnessMapUseUV": 1,
				"metallicMap": "@DynamicTextureMetallic",
				"metallicMapUseUV": 1
			},
			{
			},
			{
			}
		],
		"alphaRef": 255,
		"alphaTest": true,
		"translucent": false,
		"translucentBlendOp": "None",
		"doubleSided": true,
		"invertBackFaceNormals": true,
		"dynamicCubemap": true,
		"activeLayers": 2,
		"materialTag0": "beamng",
		"materialTag1": "vehicle",
		"order_simset": 0,
		"version": 1.5
	},
	"material_32_m_carpaint_615e9.skin.dynamicTextures": {
		"name": "material_32_m_carpaint_615e9.skin.dynamicTextures",
		"class": "Material",
		"mapTo": "material_32_m_carpaint_615e9.skin.dynamicTextures",
		"Stages": [
			{
				"normalMap": "vehicles/korsar_1c/camso_col_0xff8080ff.dds",
				"normalMapStrength": 1,
				"clearCoatFactor": 1,
				"clearCoatRoughnessFactor": 1,
				"instanceDiffuse": true,
				"roughnessFactor": 1,
				"metallicFactor": 1,
				"diffuseColor": [ 1, 1, 1, 1 ]
			},
			{
				"normalMap": "vehicles/korsar_1c/camso_col_0xff8080ff.dds",
				"normalMapStrength": 1,
				"clearCoatFactor": 1,
				"clearCoatRoughnessFactor": 1,
				"instanceDiffuse": true,
				"roughnessFactor": 1,
				"metallicFactor": 1,
				"baseColorMap": "@DynamicTextureBaseColor",
				"diffuseMapUseUV": 1,
				"colorPaletteMap": "@DynamicTextureColorPalette",
				"colorPaletteMapUseUV": 1,
				"roughnessMap": "@DynamicTextureRoughness",
				"roughnessMapUseUV": 1,
				"metallicMap": "@DynamicTextureMetallic",
				"metallicMapUseUV": 1
			},
			{
			},
			{
			}
		],
		"alphaRef": 255,
		"alphaTest": true,
		"translucent": false,
		"translucentBlendOp": "None",
		"doubleSided": true,
		"invertBackFaceNormals": true,
		"dynamicCubemap": true,
		"activeLayers": 2,
		"materialTag0": "beamng",
		"materialTag1": "vehicle",
		"order_simset": 0,
		"version": 1.5
	},
	"material_33_m_carpaint_615e9.skin.dynamicTextures": {
		"name": "material_33_m_carpaint_615e9.skin.dynamicTextures",
		"class": "Material",
		"mapTo": "material_33_m_carpaint_615e9.skin.dynamicTextures",
		"Stages": [
			{
				"normalMap": "vehicles/korsar_1c/camso_col_0xff8080ff.dds",
				"normalMapStrength": 1,
				"clearCoatFactor": 1,
				"clearCoatRoughnessFactor": 0,
				"diffuseColor": [ 0.788235, 0.54902, 0, 1 ],
				"roughnessFactor": 0.35,
				"metallicFactor": 1
			},
			{
				"normalMap": "vehicles/korsar_1c/camso_col_0xff8080ff.dds",
				"normalMapStrength": 1,
				"clearCoatFactor": 1,
				"clearCoatRoughnessFactor": 0,
				"roughnessFactor": 0.35,
				"metallicFactor": 1,
				"baseColorMap": "@DynamicTextureBaseColor",
				"diffuseMapUseUV": 1,
				"colorPaletteMap": "@DynamicTextureColorPalette",
				"colorPaletteMapUseUV": 1,
				"roughnessMap": "@DynamicTextureRoughness",
				"roughnessMapUseUV": 1,
				"metallicMap": "@DynamicTextureMetallic",
				"metallicMapUseUV": 1
			},
			{
			},
			{
			}
		],
		"alphaRef": 255,
		"alphaTest": true,
		"translucent": false,
		"translucentBlendOp": "None",
		"doubleSided": true,
		"invertBackFaceNormals": true,
		"dynamicCubemap": true,
		"activeLayers": 2,
		"materialTag0": "beamng",
		"materialTag1": "vehicle",
		"order_simset": 0,
		"version": 1.5
	},
	"material_41_m_carpaint_615e9.skin.dynamicTextures": {
		"name": "material_41_m_carpaint_615e9.skin.dynamicTextures",
		"class": "Material",
		"mapTo": "material_41_m_carpaint_615e9.skin.dynamicTextures",
		"Stages": [
			{
				"normalMap": "vehicles/korsar_1c/camso_col_0xff8080ff.dds",
				"normalMapStrength": 1,
				"clearCoatFactor": 1,
				"clearCoatRoughnessFactor": 0,
				"diffuseColor": [ 0.788235, 0.54902, 0, 1 ],
				"roughnessFactor": 0.35,
				"metallicFactor": 1
			},
			{
				"normalMap": "vehicles/korsar_1c/camso_col_0xff8080ff.dds",
				"normalMapStrength": 1,
				"clearCoatFactor": 1,
				"clearCoatRoughnessFactor": 0,
				"roughnessFactor": 0.35,
				"metallicFactor": 1,
				"baseColorMap": "@DynamicTextureBaseColor",
				"diffuseMapUseUV": 1,
				"colorPaletteMap": "@DynamicTextureColorPalette",
				"colorPaletteMapUseUV": 1,
				"roughnessMap": "@DynamicTextureRoughness",
				"roughnessMapUseUV": 1,
				"metallicMap": "@DynamicTextureMetallic",
				"metallicMapUseUV": 1
			},
			{
			},
			{
			}
		],
		"alphaRef": 255,
		"alphaTest": true,
		"translucent": false,
		"translucentBlendOp": "None",
		"doubleSided": true,
		"invertBackFaceNormals": true,
		"dynamicCubemap": true,
		"activeLayers": 2,
		"materialTag0": "beamng",
		"materialTag1": "vehicle",
		"order_simset": 0,
		"version": 1.5
	},
	"material_51_m_carpaint_615e9.skin.dynamicTextures": {
		"name": "material_51_m_carpaint_615e9.skin.dynamicTextures",
		"class": "Material",
		"mapTo": "material_51_m_carpaint_615e9.skin.dynamicTextures",
		"Stages": [
			{
				"normalMap": "vehicles/korsar_1c/camso_col_0xff8080ff.dds",
				"normalMapStrength": 1,
				"clearCoatFactor": 1,
				"clearCoatRoughnessFactor": 1,
				"instanceDiffuse": true,
				"roughnessFactor": 1,
				"metallicFactor": 1,
				"diffuseColor": [ 1, 1, 1, 1 ]
			},
			{
				"normalMap": "vehicles/korsar_1c/camso_col_0xff8080ff.dds",
				"normalMapStrength": 1,
				"clearCoatFactor": 1,
				"clearCoatRoughnessFactor": 1,
				"instanceDiffuse": true,
				"roughnessFactor": 1,
				"metallicFactor": 1,
				"baseColorMap": "@DynamicTextureBaseColor",
				"diffuseMapUseUV": 1,
				"colorPaletteMap": "@DynamicTextureColorPalette",
				"colorPaletteMapUseUV": 1,
				"roughnessMap": "@DynamicTextureRoughness",
				"roughnessMapUseUV": 1,
				"metallicMap": "@DynamicTextureMetallic",
				"metallicMapUseUV": 1
			},
			{
			},
			{
			}
		],
		"alphaRef": 255,
		"alphaTest": true,
		"translucent": false,
		"translucentBlendOp": "None",
		"doubleSided": true,
		"invertBackFaceNormals": true,
		"dynamicCubemap": true,
		"activeLayers": 2,
		"materialTag0": "beamng",
		"materialTag1": "vehicle",
		"order_simset": 0,
		"version": 1.5
	}
}
