{
	"Configuration": "Dieci",
	"Description": "",
	"Config Type": "Factory",
	"Weight": 901,
	"Power": 1163,
	"Torque": 690,
	"PowerPeakRPM": 12000,
	"TorquePeakRPM": 12000,
	"Weight/Power": 0.774717,
	"0-100 km/h": 1.5,
	"Top Speed": 120.8,
	"Years": {
		"min": 2020,
		"max": 2020
	},
	"Drivetrain": "AWD",
	"Transmission": "Sequential",
	"Propulsion": "ICE",
	"Fuel Type": "Nitromethane",
	"Induction Type": "NA",
	"Value": 105716,
	"defaultPaintName1": "Default1",
	"defaultPaintName2": "Default2"
}
