{
	"material_1_m_carpaint_b7465.skin.dynamicTextures": {
		"name": "material_1_m_carpaint_b7465.skin.dynamicTextures",
		"class": "Material",
		"mapTo": "material_1_m_carpaint_b7465.skin.dynamicTextures",
		"Stages": [
			{
				"normalMap": "vehicles/rmc_bkr_35/camso_col_0xff8080ff.dds",
				"normalMapStrength": 1,
				"clearCoatFactor": 1,
				"clearCoatRoughnessFactor": 1,
				"opacityMap": "vehicles/rmc_bkr_35/b7465_stamp0.dds",
				"opacityMapUseUV": 1,
				"instanceDiffuse": true,
				"roughnessFactor": 1,
				"metallicFactor": 1,
				"diffuseColor": [ 1, 1, 1, 1 ],
				"useAnisotropic": true
			},
			{
				"normalMap": "vehicles/rmc_bkr_35/camso_col_0xff8080ff.dds",
				"normalMapStrength": 1,
				"clearCoatFactor": 1,
				"clearCoatRoughnessFactor": 1,
				"opacityMap": "vehicles/rmc_bkr_35/b7465_stamp0.dds",
				"opacityMapUseUV": 1,
				"instanceDiffuse": true,
				"roughnessFactor": 1,
				"metallicFactor": 1,
				"baseColorMap": "@DynamicTextureBaseColor",
				"diffuseMapUseUV": 1,
				"colorPaletteMap": "@DynamicTextureColorPalette",
				"colorPaletteMapUseUV": 1,
				"roughnessMap": "@DynamicTextureRoughness",
				"roughnessMapUseUV": 1,
				"metallicMap": "@DynamicTextureMetallic",
				"metallicMapUseUV": 1,
				"useAnisotropic": true
			},
			{
			},
			{
			}
		],
		"alphaRef": 255,
		"alphaTest": true,
		"translucent": false,
		"translucentBlendOp": "None",
		"doubleSided": true,
		"invertBackFaceNormals": true,
		"dynamicCubemap": true,
		"activeLayers": 2,
		"materialTag0": "beamng",
		"materialTag1": "vehicle",
		"order_simset": 0,
		"version": 1.5
	},
	"material_9_m_carpaint_b7465.skin.dynamicTextures": {
		"name": "material_9_m_carpaint_b7465.skin.dynamicTextures",
		"class": "Material",
		"mapTo": "material_9_m_carpaint_b7465.skin.dynamicTextures",
		"Stages": [
			{
				"normalMap": "vehicles/rmc_bkr_35/camso_col_0xff8080ff.dds",
				"normalMapStrength": 1,
				"clearCoatFactor": 1,
				"clearCoatRoughnessFactor": 0,
				"diffuseColor": [ 1, 1, 1, 1 ],
				"roughnessFactor": 0,
				"metallicFactor": 0
			},
			{
				"normalMap": "vehicles/rmc_bkr_35/camso_col_0xff8080ff.dds",
				"normalMapStrength": 1,
				"clearCoatFactor": 1,
				"clearCoatRoughnessFactor": 0,
				"roughnessFactor": 0,
				"metallicFactor": 0,
				"baseColorMap": "@DynamicTextureBaseColor",
				"diffuseMapUseUV": 1,
				"colorPaletteMap": "@DynamicTextureColorPalette",
				"colorPaletteMapUseUV": 1,
				"roughnessMap": "@DynamicTextureRoughness",
				"roughnessMapUseUV": 1,
				"metallicMap": "@DynamicTextureMetallic",
				"metallicMapUseUV": 1
			},
			{
			},
			{
			}
		],
		"alphaRef": 255,
		"alphaTest": true,
		"translucent": false,
		"translucentBlendOp": "None",
		"doubleSided": true,
		"invertBackFaceNormals": true,
		"dynamicCubemap": true,
		"activeLayers": 2,
		"materialTag0": "beamng",
		"materialTag1": "vehicle",
		"order_simset": 0,
		"version": 1.5
	},
	"material_26_m_carpaint_b7465.skin.dynamicTextures": {
		"name": "material_26_m_carpaint_b7465.skin.dynamicTextures",
		"class": "Material",
		"mapTo": "material_26_m_carpaint_b7465.skin.dynamicTextures",
		"Stages": [
			{
				"normalMap": "vehicles/rmc_bkr_35/camso_col_0xff8080ff.dds",
				"normalMapStrength": 1,
				"clearCoatFactor": 1,
				"clearCoatRoughnessFactor": 1,
				"instanceDiffuse": true,
				"roughnessFactor": 1,
				"metallicFactor": 1,
				"diffuseColor": [ 1, 1, 1, 1 ]
			},
			{
				"normalMap": "vehicles/rmc_bkr_35/camso_col_0xff8080ff.dds",
				"normalMapStrength": 1,
				"clearCoatFactor": 1,
				"clearCoatRoughnessFactor": 1,
				"instanceDiffuse": true,
				"roughnessFactor": 1,
				"metallicFactor": 1,
				"baseColorMap": "@DynamicTextureBaseColor",
				"diffuseMapUseUV": 1,
				"colorPaletteMap": "@DynamicTextureColorPalette",
				"colorPaletteMapUseUV": 1,
				"roughnessMap": "@DynamicTextureRoughness",
				"roughnessMapUseUV": 1,
				"metallicMap": "@DynamicTextureMetallic",
				"metallicMapUseUV": 1
			},
			{
			},
			{
			}
		],
		"alphaRef": 255,
		"alphaTest": true,
		"translucent": false,
		"translucentBlendOp": "None",
		"doubleSided": true,
		"invertBackFaceNormals": true,
		"dynamicCubemap": true,
		"activeLayers": 2,
		"materialTag0": "beamng",
		"materialTag1": "vehicle",
		"order_simset": 0,
		"version": 1.5
	},
	"material_29_m_carpaint_b7465.skin.dynamicTextures": {
		"name": "material_29_m_carpaint_b7465.skin.dynamicTextures",
		"class": "Material",
		"mapTo": "material_29_m_carpaint_b7465.skin.dynamicTextures",
		"Stages": [
			{
				"normalMap": "vehicles/rmc_bkr_35/camso_col_0xff8080ff.dds",
				"normalMapStrength": 1,
				"clearCoatFactor": 1,
				"clearCoatRoughnessFactor": 1,
				"opacityMap": "vehicles/rmc_bkr_35/b7465_stamp2.dds",
				"opacityMapUseUV": 1,
				"instanceDiffuse": true,
				"roughnessFactor": 1,
				"metallicFactor": 1,
				"diffuseColor": [ 1, 1, 1, 1 ],
				"useAnisotropic": true
			},
			{
				"normalMap": "vehicles/rmc_bkr_35/camso_col_0xff8080ff.dds",
				"normalMapStrength": 1,
				"clearCoatFactor": 1,
				"clearCoatRoughnessFactor": 1,
				"opacityMap": "vehicles/rmc_bkr_35/b7465_stamp2.dds",
				"opacityMapUseUV": 1,
				"instanceDiffuse": true,
				"roughnessFactor": 1,
				"metallicFactor": 1,
				"baseColorMap": "@DynamicTextureBaseColor",
				"diffuseMapUseUV": 1,
				"colorPaletteMap": "@DynamicTextureColorPalette",
				"colorPaletteMapUseUV": 1,
				"roughnessMap": "@DynamicTextureRoughness",
				"roughnessMapUseUV": 1,
				"metallicMap": "@DynamicTextureMetallic",
				"metallicMapUseUV": 1,
				"useAnisotropic": true
			},
			{
			},
			{
			}
		],
		"alphaRef": 255,
		"alphaTest": true,
		"translucent": false,
		"translucentBlendOp": "None",
		"doubleSided": true,
		"invertBackFaceNormals": true,
		"dynamicCubemap": true,
		"activeLayers": 2,
		"materialTag0": "beamng",
		"materialTag1": "vehicle",
		"order_simset": 0,
		"version": 1.5
	},
	"material_32_m_carpaint_b7465.skin.dynamicTextures": {
		"name": "material_32_m_carpaint_b7465.skin.dynamicTextures",
		"class": "Material",
		"mapTo": "material_32_m_carpaint_b7465.skin.dynamicTextures",
		"Stages": [
			{
				"normalMap": "vehicles/rmc_bkr_35/camso_col_0xff8080ff.dds",
				"normalMapStrength": 1,
				"clearCoatFactor": 1,
				"clearCoatRoughnessFactor": 1,
				"opacityMap": "vehicles/rmc_bkr_35/b7465_stamp1.dds",
				"opacityMapUseUV": 1,
				"instanceDiffuse": true,
				"roughnessFactor": 1,
				"metallicFactor": 1,
				"diffuseColor": [ 1, 1, 1, 1 ],
				"useAnisotropic": true
			},
			{
				"normalMap": "vehicles/rmc_bkr_35/camso_col_0xff8080ff.dds",
				"normalMapStrength": 1,
				"clearCoatFactor": 1,
				"clearCoatRoughnessFactor": 1,
				"opacityMap": "vehicles/rmc_bkr_35/b7465_stamp1.dds",
				"opacityMapUseUV": 1,
				"instanceDiffuse": true,
				"roughnessFactor": 1,
				"metallicFactor": 1,
				"baseColorMap": "@DynamicTextureBaseColor",
				"diffuseMapUseUV": 1,
				"colorPaletteMap": "@DynamicTextureColorPalette",
				"colorPaletteMapUseUV": 1,
				"roughnessMap": "@DynamicTextureRoughness",
				"roughnessMapUseUV": 1,
				"metallicMap": "@DynamicTextureMetallic",
				"metallicMapUseUV": 1,
				"useAnisotropic": true
			},
			{
			},
			{
			}
		],
		"alphaRef": 255,
		"alphaTest": true,
		"translucent": false,
		"translucentBlendOp": "None",
		"doubleSided": true,
		"invertBackFaceNormals": true,
		"dynamicCubemap": true,
		"activeLayers": 2,
		"materialTag0": "beamng",
		"materialTag1": "vehicle",
		"order_simset": 0,
		"version": 1.5
	},
	"material_42_m_carpaint_b7465.skin.dynamicTextures": {
		"name": "material_42_m_carpaint_b7465.skin.dynamicTextures",
		"class": "Material",
		"mapTo": "material_42_m_carpaint_b7465.skin.dynamicTextures",
		"Stages": [
			{
				"normalMap": "vehicles/rmc_bkr_35/camso_col_0xff8080ff.dds",
				"normalMapStrength": 1,
				"clearCoatFactor": 1,
				"clearCoatRoughnessFactor": 1,
				"opacityMap": "vehicles/rmc_bkr_35/b7465_stamp1.dds",
				"opacityMapUseUV": 1,
				"instanceDiffuse": true,
				"roughnessFactor": 1,
				"metallicFactor": 1,
				"diffuseColor": [ 1, 1, 1, 1 ],
				"useAnisotropic": true
			},
			{
				"normalMap": "vehicles/rmc_bkr_35/camso_col_0xff8080ff.dds",
				"normalMapStrength": 1,
				"clearCoatFactor": 1,
				"clearCoatRoughnessFactor": 1,
				"opacityMap": "vehicles/rmc_bkr_35/b7465_stamp1.dds",
				"opacityMapUseUV": 1,
				"instanceDiffuse": true,
				"roughnessFactor": 1,
				"metallicFactor": 1,
				"baseColorMap": "@DynamicTextureBaseColor",
				"diffuseMapUseUV": 1,
				"colorPaletteMap": "@DynamicTextureColorPalette",
				"colorPaletteMapUseUV": 1,
				"roughnessMap": "@DynamicTextureRoughness",
				"roughnessMapUseUV": 1,
				"metallicMap": "@DynamicTextureMetallic",
				"metallicMapUseUV": 1,
				"useAnisotropic": true
			},
			{
			},
			{
			}
		],
		"alphaRef": 255,
		"alphaTest": true,
		"translucent": false,
		"translucentBlendOp": "None",
		"doubleSided": true,
		"invertBackFaceNormals": true,
		"dynamicCubemap": true,
		"activeLayers": 2,
		"materialTag0": "beamng",
		"materialTag1": "vehicle",
		"order_simset": 0,
		"version": 1.5
	},
	"material_46_m_carpaint_b7465.skin.dynamicTextures": {
		"name": "material_46_m_carpaint_b7465.skin.dynamicTextures",
		"class": "Material",
		"mapTo": "material_46_m_carpaint_b7465.skin.dynamicTextures",
		"Stages": [
			{
				"normalMap": "vehicles/rmc_bkr_35/camso_col_0xff8080ff.dds",
				"normalMapStrength": 1,
				"clearCoatFactor": 1,
				"clearCoatRoughnessFactor": 1,
				"instanceDiffuse": true,
				"roughnessFactor": 1,
				"metallicFactor": 1,
				"diffuseColor": [ 1, 1, 1, 1 ]
			},
			{
				"normalMap": "vehicles/rmc_bkr_35/camso_col_0xff8080ff.dds",
				"normalMapStrength": 1,
				"clearCoatFactor": 1,
				"clearCoatRoughnessFactor": 1,
				"instanceDiffuse": true,
				"roughnessFactor": 1,
				"metallicFactor": 1,
				"baseColorMap": "@DynamicTextureBaseColor",
				"diffuseMapUseUV": 1,
				"colorPaletteMap": "@DynamicTextureColorPalette",
				"colorPaletteMapUseUV": 1,
				"roughnessMap": "@DynamicTextureRoughness",
				"roughnessMapUseUV": 1,
				"metallicMap": "@DynamicTextureMetallic",
				"metallicMapUseUV": 1
			},
			{
			},
			{
			}
		],
		"alphaRef": 255,
		"alphaTest": true,
		"translucent": false,
		"translucentBlendOp": "None",
		"doubleSided": true,
		"invertBackFaceNormals": true,
		"dynamicCubemap": true,
		"activeLayers": 2,
		"materialTag0": "beamng",
		"materialTag1": "vehicle",
		"order_simset": 0,
		"version": 1.5
	},
	"material_48_m_carpaint_b7465.skin.dynamicTextures": {
		"name": "material_48_m_carpaint_b7465.skin.dynamicTextures",
		"class": "Material",
		"mapTo": "material_48_m_carpaint_b7465.skin.dynamicTextures",
		"Stages": [
			{
				"normalMap": "vehicles/rmc_bkr_35/camso_col_0xff8080ff.dds",
				"normalMapStrength": 1,
				"clearCoatFactor": 1,
				"clearCoatRoughnessFactor": 1,
				"instanceDiffuse": true,
				"roughnessFactor": 1,
				"metallicFactor": 1,
				"diffuseColor": [ 1, 1, 1, 1 ]
			},
			{
				"normalMap": "vehicles/rmc_bkr_35/camso_col_0xff8080ff.dds",
				"normalMapStrength": 1,
				"clearCoatFactor": 1,
				"clearCoatRoughnessFactor": 1,
				"instanceDiffuse": true,
				"roughnessFactor": 1,
				"metallicFactor": 1,
				"baseColorMap": "@DynamicTextureBaseColor",
				"diffuseMapUseUV": 1,
				"colorPaletteMap": "@DynamicTextureColorPalette",
				"colorPaletteMapUseUV": 1,
				"roughnessMap": "@DynamicTextureRoughness",
				"roughnessMapUseUV": 1,
				"metallicMap": "@DynamicTextureMetallic",
				"metallicMapUseUV": 1
			},
			{
			},
			{
			}
		],
		"alphaRef": 255,
		"alphaTest": true,
		"translucent": false,
		"translucentBlendOp": "None",
		"doubleSided": true,
		"invertBackFaceNormals": true,
		"dynamicCubemap": true,
		"activeLayers": 2,
		"materialTag0": "beamng",
		"materialTag1": "vehicle",
		"order_simset": 0,
		"version": 1.5
	},
	"material_49_m_carpaint_b7465.skin.dynamicTextures": {
		"name": "material_49_m_carpaint_b7465.skin.dynamicTextures",
		"class": "Material",
		"mapTo": "material_49_m_carpaint_b7465.skin.dynamicTextures",
		"Stages": [
			{
				"normalMap": "vehicles/rmc_bkr_35/camso_col_0xff8080ff.dds",
				"normalMapStrength": 1,
				"clearCoatFactor": 1,
				"clearCoatRoughnessFactor": 0,
				"opacityMap": "vehicles/rmc_bkr_35/b7465_stamp1.dds",
				"opacityMapUseUV": 1,
				"diffuseColor": [ 0, 0, 0, 1 ],
				"roughnessFactor": 0,
				"metallicFactor": 0,
				"useAnisotropic": true
			},
			{
				"normalMap": "vehicles/rmc_bkr_35/camso_col_0xff8080ff.dds",
				"normalMapStrength": 1,
				"clearCoatFactor": 1,
				"clearCoatRoughnessFactor": 0,
				"opacityMap": "vehicles/rmc_bkr_35/b7465_stamp1.dds",
				"opacityMapUseUV": 1,
				"roughnessFactor": 0,
				"metallicFactor": 0,
				"baseColorMap": "@DynamicTextureBaseColor",
				"diffuseMapUseUV": 1,
				"colorPaletteMap": "@DynamicTextureColorPalette",
				"colorPaletteMapUseUV": 1,
				"roughnessMap": "@DynamicTextureRoughness",
				"roughnessMapUseUV": 1,
				"metallicMap": "@DynamicTextureMetallic",
				"metallicMapUseUV": 1,
				"useAnisotropic": true
			},
			{
			},
			{
			}
		],
		"alphaRef": 255,
		"alphaTest": true,
		"translucent": false,
		"translucentBlendOp": "None",
		"doubleSided": true,
		"invertBackFaceNormals": true,
		"dynamicCubemap": true,
		"activeLayers": 2,
		"materialTag0": "beamng",
		"materialTag1": "vehicle",
		"order_simset": 0,
		"version": 1.5
	},
	"material_67_m_carpaint_b7465.skin.dynamicTextures": {
		"name": "material_67_m_carpaint_b7465.skin.dynamicTextures",
		"class": "Material",
		"mapTo": "material_67_m_carpaint_b7465.skin.dynamicTextures",
		"Stages": [
			{
				"normalMap": "vehicles/rmc_bkr_35/camso_col_0xff8080ff.dds",
				"normalMapStrength": 1,
				"clearCoatFactor": 1,
				"clearCoatRoughnessFactor": 0,
				"diffuseColor": [ 0.627451, 0, 0, 1 ],
				"roughnessFactor": 0,
				"metallicFactor": 0
			},
			{
				"normalMap": "vehicles/rmc_bkr_35/camso_col_0xff8080ff.dds",
				"normalMapStrength": 1,
				"clearCoatFactor": 1,
				"clearCoatRoughnessFactor": 0,
				"roughnessFactor": 0,
				"metallicFactor": 0,
				"baseColorMap": "@DynamicTextureBaseColor",
				"diffuseMapUseUV": 1,
				"colorPaletteMap": "@DynamicTextureColorPalette",
				"colorPaletteMapUseUV": 1,
				"roughnessMap": "@DynamicTextureRoughness",
				"roughnessMapUseUV": 1,
				"metallicMap": "@DynamicTextureMetallic",
				"metallicMapUseUV": 1
			},
			{
			},
			{
			}
		],
		"alphaRef": 255,
		"alphaTest": true,
		"translucent": false,
		"translucentBlendOp": "None",
		"doubleSided": true,
		"invertBackFaceNormals": true,
		"dynamicCubemap": true,
		"activeLayers": 2,
		"materialTag0": "beamng",
		"materialTag1": "vehicle",
		"order_simset": 0,
		"version": 1.5
	},
	"material_103_m_carpaint_b7465.skin.dynamicTextures": {
		"name": "material_103_m_carpaint_b7465.skin.dynamicTextures",
		"class": "Material",
		"mapTo": "material_103_m_carpaint_b7465.skin.dynamicTextures",
		"Stages": [
			{
				"normalMap": "vehicles/rmc_bkr_35/camso_col_0xff8080ff.dds",
				"normalMapStrength": 1,
				"clearCoatFactor": 1,
				"clearCoatRoughnessFactor": 0,
				"diffuseColor": [ 0.847059, 0.682353, 0, 1 ],
				"roughnessFactor": 0,
				"metallicFactor": 0
			},
			{
				"normalMap": "vehicles/rmc_bkr_35/camso_col_0xff8080ff.dds",
				"normalMapStrength": 1,
				"clearCoatFactor": 1,
				"clearCoatRoughnessFactor": 0,
				"roughnessFactor": 0,
				"metallicFactor": 0,
				"baseColorMap": "@DynamicTextureBaseColor",
				"diffuseMapUseUV": 1,
				"colorPaletteMap": "@DynamicTextureColorPalette",
				"colorPaletteMapUseUV": 1,
				"roughnessMap": "@DynamicTextureRoughness",
				"roughnessMapUseUV": 1,
				"metallicMap": "@DynamicTextureMetallic",
				"metallicMapUseUV": 1
			},
			{
			},
			{
			}
		],
		"alphaRef": 255,
		"alphaTest": true,
		"translucent": false,
		"translucentBlendOp": "None",
		"doubleSided": true,
		"invertBackFaceNormals": true,
		"dynamicCubemap": true,
		"activeLayers": 2,
		"materialTag0": "beamng",
		"materialTag1": "vehicle",
		"order_simset": 0,
		"version": 1.5
	},
	"material_104_m_carpaint_b7465.skin.dynamicTextures": {
		"name": "material_104_m_carpaint_b7465.skin.dynamicTextures",
		"class": "Material",
		"mapTo": "material_104_m_carpaint_b7465.skin.dynamicTextures",
		"Stages": [
			{
				"normalMap": "vehicles/rmc_bkr_35/camso_col_0xff8080ff.dds",
				"normalMapStrength": 1,
				"clearCoatFactor": 1,
				"clearCoatRoughnessFactor": 0,
				"diffuseColor": [ 0.141176, 0.368627, 0.592157, 1 ],
				"roughnessFactor": 0,
				"metallicFactor": 0
			},
			{
				"normalMap": "vehicles/rmc_bkr_35/camso_col_0xff8080ff.dds",
				"normalMapStrength": 1,
				"clearCoatFactor": 1,
				"clearCoatRoughnessFactor": 0,
				"roughnessFactor": 0,
				"metallicFactor": 0,
				"baseColorMap": "@DynamicTextureBaseColor",
				"diffuseMapUseUV": 1,
				"colorPaletteMap": "@DynamicTextureColorPalette",
				"colorPaletteMapUseUV": 1,
				"roughnessMap": "@DynamicTextureRoughness",
				"roughnessMapUseUV": 1,
				"metallicMap": "@DynamicTextureMetallic",
				"metallicMapUseUV": 1
			},
			{
			},
			{
			}
		],
		"alphaRef": 255,
		"alphaTest": true,
		"translucent": false,
		"translucentBlendOp": "None",
		"doubleSided": true,
		"invertBackFaceNormals": true,
		"dynamicCubemap": true,
		"activeLayers": 2,
		"materialTag0": "beamng",
		"materialTag1": "vehicle",
		"order_simset": 0,
		"version": 1.5
	},
	"material_119_m_carpaint_b7465.skin.dynamicTextures": {
		"name": "material_119_m_carpaint_b7465.skin.dynamicTextures",
		"class": "Material",
		"mapTo": "material_119_m_carpaint_b7465.skin.dynamicTextures",
		"Stages": [
			{
				"normalMap": "vehicles/rmc_bkr_35/camso_col_0xff8080ff.dds",
				"normalMapStrength": 1,
				"clearCoatFactor": 1,
				"clearCoatRoughnessFactor": 0,
				"diffuseColor": [ 0.141176, 0.368627, 0.592157, 1 ],
				"roughnessFactor": 0,
				"metallicFactor": 0
			},
			{
				"normalMap": "vehicles/rmc_bkr_35/camso_col_0xff8080ff.dds",
				"normalMapStrength": 1,
				"clearCoatFactor": 1,
				"clearCoatRoughnessFactor": 0,
				"roughnessFactor": 0,
				"metallicFactor": 0,
				"baseColorMap": "@DynamicTextureBaseColor",
				"diffuseMapUseUV": 1,
				"colorPaletteMap": "@DynamicTextureColorPalette",
				"colorPaletteMapUseUV": 1,
				"roughnessMap": "@DynamicTextureRoughness",
				"roughnessMapUseUV": 1,
				"metallicMap": "@DynamicTextureMetallic",
				"metallicMapUseUV": 1
			},
			{
			},
			{
			}
		],
		"alphaRef": 255,
		"alphaTest": true,
		"translucent": false,
		"translucentBlendOp": "None",
		"doubleSided": true,
		"invertBackFaceNormals": true,
		"dynamicCubemap": true,
		"activeLayers": 2,
		"materialTag0": "beamng",
		"materialTag1": "vehicle",
		"order_simset": 0,
		"version": 1.5
	}
}
