{
	"Configuration": "285R",
	"Description": "",
	"Config Type": "Factory",
	"Weight": 1326,
	"Power": 3850,
	"Torque": 2972,
	"PowerPeakRPM": 9900,
	"TorquePeakRPM": 7500,
	"Weight/Power": 0.344441,
	"0-100 km/h": 1.7,
	"Top Speed": 123.0,
	"Years": {
		"min": 1995,
		"max": 1995
	},
	"Drivetrain": "AWD",
	"Transmission": "Manual",
	"Propulsion": "ICE",
	"Fuel Type": "Nitromethane",
	"Induction Type": "Turbo",
	"Value": 216701,
	"defaultPaintName1": "Default1",
	"defaultPaintName2": "Default2"
}
