{
	"material_0_m_carpaint_36685": {
		"name": "material_0_m_carpaint_36685",
		"class": "Material",
		"mapTo": "material_0_m_carpaint_36685",
		"Stages": [
			{
				"normalMap": "camso_col_0xff8080ff.dds",
				"normalMapStrength": 1,
				"clearCoatFactor": 1,
				"clearCoatRoughnessFactor": 1,
				"opacityMap": "36685_stamp0.dds",
				"opacityMapUseUV": 1,
				"instanceDiffuse": true,
				"colorPaletteMap": "camso_col_0xffff0000.dds",
				"roughnessFactor": 1,
				"metallicFactor": 1,
				"diffuseColor": [ 1, 1, 1, 1 ],
				"useAnisotropic": true
			},
			{
			},
			{
			},
			{
			}
		],
		"alphaRef": 255,
		"alphaTest": true,
		"translucent": false,
		"translucentBlendOp": "None",
		"doubleSided": true,
		"invertBackFaceNormals": true,
		"dynamicCubemap": true,
		"activeLayers": 1,
		"materialTag0": "beamng",
		"order_simset": 0,
		"version": 1.5
	},
	"material_1_carpaint_grille_000_36685": {
		"name": "material_1_carpaint_grille_000_36685",
		"class": "Material",
		"mapTo": "material_1_carpaint_grille_000_36685",
		"Stages": [
			{
				"normalMap": "camso_t_grille01_n.dds",
				"normalMapStrength": 0.333,
				"diffuseMap": "camso_t_grille01_h_stepped.dds",
				"roughnessMap": "camso_t_grille01_h_stepped_inverse.dds",
				"metallicMap": "camso_t_grille01_h_stepped.dds",
				"opacityMap": "36685_stamp0.dds",
				"opacityMapUseUV": 1,
				"diffuseColor": [ 0.431373, 0.431373, 0.431373, 1 ],
				"roughnessFactor": 0.15,
				"metallicFactor": 1,
				"useAnisotropic": true
			},
			{
			},
			{
			},
			{
			}
		],
		"alphaRef": 84,
		"alphaTest": true,
		"translucent": false,
		"translucentBlendOp": "None",
		"doubleSided": true,
		"invertBackFaceNormals": true,
		"dynamicCubemap": true,
		"activeLayers": 1,
		"materialTag0": "beamng",
		"order_simset": 0,
		"version": 1.5
	},
	"material_2_mp_plastic_inst_36685": {
		"name": "material_2_mp_plastic_inst_36685",
		"class": "Material",
		"mapTo": "material_2_mp_plastic_inst_36685",
		"Stages": [
			{
				"normalMap": "camso_col_0xff8080ff.dds",
				"normalMapStrength": 1,
				"opacityMap": "36685_stamp0.dds",
				"opacityMapUseUV": 1,
				"diffuseColor": [ 0.0509804, 0.0509804, 0.0509804, 1 ],
				"roughnessFactor": 0.4,
				"metallicFactor": 0,
				"useAnisotropic": true
			},
			{
			},
			{
			},
			{
			}
		],
		"alphaRef": 84,
		"alphaTest": true,
		"translucent": false,
		"translucentBlendOp": "None",
		"doubleSided": true,
		"invertBackFaceNormals": true,
		"dynamicCubemap": true,
		"activeLayers": 1,
		"materialTag0": "beamng",
		"order_simset": 0,
		"version": 1.5
	},
	"material_3_fixtureopaque_chrome_001_36685": {
		"name": "material_3_fixtureopaque_chrome_001_36685",
		"class": "Material",
		"mapTo": "material_3_fixtureopaque_chrome_001_36685",
		"Stages": [
			{
				"normalMap": "camso_col_0xff8080ff.dds",
				"normalMapStrength": 0,
				"diffuseMap": "camso_t_wheelhub_r_lerpg_0xFF7C6C61_0xFFFFF9F4.dds",
				"roughnessMap": "camso_t_roughness_8k_rmmodbdp_rbgmaskg.dds",
				"opacityMap": "36685_stamp0.dds",
				"opacityMapUseUV": 1,
				"diffuseColor": [ 1, 1, 1, 1 ],
				"roughnessFactor": 0,
				"metallicFactor": 1,
				"useAnisotropic": true
			},
			{
			},
			{
			},
			{
			}
		],
		"alphaRef": 84,
		"alphaTest": true,
		"translucent": false,
		"translucentBlendOp": "None",
		"doubleSided": true,
		"invertBackFaceNormals": true,
		"dynamicCubemap": true,
		"activeLayers": 1,
		"materialTag0": "beamng",
		"order_simset": 0,
		"version": 1.5
	},
	"material_4_carwindows_transparent_36685": {
		"name": "material_4_carwindows_transparent_36685",
		"class": "Material",
		"mapTo": "material_4_carwindows_transparent_36685",
		"Stages": [
			{
				"normalMap": "camso_col_0xff8080ff.dds",
				"normalMapStrength": 1,
				"opacityMap": "36685_stamp0.dds",
				"opacityMapUseUV": 1,
				"opacityFactor": 0.898039,
				"diffuseColor": [ 0, 0.0627451, 0.0509804, 0.898039 ],
				"roughnessFactor": 0.02,
				"metallicFactor": 1,
				"useAnisotropic": true
			},
			{
			},
			{
			},
			{
			}
		],
		"alphaRef": 1,
		"alphaTest": true,
		"translucent": true,
		"translucentBlendOp": "PreMulAlpha",
		"translucentZWrite": false,
		"castShadows": false,
		"translucentRecvShadows": true,
		"dynamicCubemap": true,
		"activeLayers": 1,
		"materialTag0": "beamng",
		"order_simset": 0,
		"version": 1.5
	},
	"material_5_mi_aluminium_car_paint_36685": {
		"name": "material_5_mi_aluminium_car_paint_36685",
		"class": "Material",
		"mapTo": "material_5_mi_aluminium_car_paint_36685",
		"Stages": [
			{
				"normalMap": "camso_col_0xff8080ff.dds",
				"normalMapStrength": 0,
				"diffuseMap": "camso_col_0xff525258.dds",
				"diffuseColor": [ 1, 1, 1, 1 ],
				"roughnessFactor": 0.2,
				"metallicFactor": 1
			},
			{
			},
			{
			},
			{
			}
		],
		"alphaRef": 84,
		"alphaTest": true,
		"translucent": false,
		"translucentBlendOp": "None",
		"doubleSided": true,
		"invertBackFaceNormals": true,
		"dynamicCubemap": true,
		"activeLayers": 1,
		"materialTag0": "beamng",
		"order_simset": 0,
		"version": 1.5
	},
	"material_6_mi_carbonfiber_36685": {
		"name": "material_6_mi_carbonfiber_36685",
		"class": "Material",
		"mapTo": "material_6_mi_carbonfiber_36685",
		"Stages": [
			{
				"normalMap": "camso_col_0xff8080ff.dds",
				"normalMapStrength": 1,
				"clearCoatFactor": 0.897143,
				"clearCoatRoughnessFactor": 0,
				"clearCoatBottomNormalMap": "camso_t_carbonfiber_twill_n.dds",
				"clearCoatBottomNormalMapStrength": 0.5,
				"diffuseMap": "camso_t_carbonfiber_twill_m_lerpg_0xFF494949_0xFF464648.dds",
				"roughnessMap": "camso_t_carbonfiber_twill_t_rbgmaskg.dds",
				"diffuseColor": [ 0.498039, 0.498039, 0.498039, 1 ],
				"roughnessFactor": 0.8,
				"metallicFactor": 0.001,
				"useAnisotropic": true
			},
			{
			},
			{
			},
			{
			}
		],
		"alphaRef": 84,
		"alphaTest": true,
		"translucent": false,
		"translucentBlendOp": "None",
		"doubleSided": true,
		"invertBackFaceNormals": true,
		"dynamicCubemap": true,
		"activeLayers": 1,
		"materialTag0": "beamng",
		"order_simset": 0,
		"version": 1.5
	},
	"material_7_m_blackrubber_36685": {
		"name": "material_7_m_blackrubber_36685",
		"class": "Material",
		"mapTo": "material_7_m_blackrubber_36685",
		"Stages": [
			{
				"normalMap": "camso_col_0xff8080ff.dds",
				"normalMapStrength": 1,
				"diffuseColor": [ 0.0470588, 0.0470588, 0.0470588, 0 ],
				"roughnessFactor": 0,
				"metallicFactor": 0
			},
			{
			},
			{
			},
			{
			}
		],
		"alphaRef": 84,
		"alphaTest": true,
		"translucent": false,
		"translucentBlendOp": "None",
		"doubleSided": true,
		"invertBackFaceNormals": true,
		"dynamicCubemap": true,
		"activeLayers": 1,
		"materialTag0": "beamng",
		"order_simset": 0,
		"version": 1.5
	},
	"material_8_chassis_steel_36685": {
		"name": "material_8_chassis_steel_36685",
		"class": "Material",
		"mapTo": "material_8_chassis_steel_36685",
		"Stages": [
			{
				"normalMap": "camso_col_0xff8080ff.dds",
				"normalMapStrength": 1,
				"diffuseColor": [ 0.560784, 0.560784, 0.560784, 1 ],
				"roughnessFactor": 0.2,
				"metallicFactor": 1
			},
			{
			},
			{
			},
			{
			}
		],
		"alphaRef": 84,
		"alphaTest": true,
		"translucent": false,
		"translucentBlendOp": "None",
		"doubleSided": true,
		"invertBackFaceNormals": true,
		"dynamicCubemap": true,
		"activeLayers": 1,
		"materialTag0": "beamng",
		"order_simset": 0,
		"version": 1.5
	},
	"material_9_m_bolt_morphable_36685": {
		"name": "material_9_m_bolt_morphable_36685",
		"class": "Material",
		"mapTo": "material_9_m_bolt_morphable_36685",
		"Stages": [
			{
				"normalMap": "camso_col_0xff8080ff.dds",
				"normalMapStrength": 1,
				"diffuseColor": [ 0.709804, 0.670588, 0.611765, 1 ],
				"roughnessFactor": 0.4,
				"metallicFactor": 1
			},
			{
			},
			{
			},
			{
			}
		],
		"alphaRef": 84,
		"alphaTest": true,
		"translucent": false,
		"translucentBlendOp": "None",
		"doubleSided": true,
		"invertBackFaceNormals": true,
		"dynamicCubemap": true,
		"activeLayers": 1,
		"materialTag0": "beamng",
		"order_simset": 0,
		"version": 1.5
	},
	"material_10_mi_rubber_tyre_36685": {
		"name": "material_10_mi_rubber_tyre_36685",
		"class": "Material",
		"mapTo": "material_10_mi_rubber_tyre_36685",
		"Stages": [
			{
				"normalMap": "36685_tyrenormal_1.dds",
				"normalMapStrength": 1,
				"diffuseColor": [ 0.12549, 0.121569, 0.121569, 1 ],
				"roughnessFactor": 0.541936,
				"metallicFactor": 0,
				"useAnisotropic": true
			},
			{
			},
			{
			},
			{
			}
		],
		"alphaRef": 84,
		"alphaTest": true,
		"translucent": false,
		"translucentBlendOp": "None",
		"doubleSided": true,
		"invertBackFaceNormals": true,
		"dynamicCubemap": true,
		"activeLayers": 1,
		"materialTag0": "beamng",
		"order_simset": 0,
		"version": 1.5
	},
	"material_11_m_carpaint_36685": {
		"name": "material_11_m_carpaint_36685",
		"class": "Material",
		"mapTo": "material_11_m_carpaint_36685",
		"Stages": [
			{
				"normalMap": "camso_col_0xff8080ff.dds",
				"normalMapStrength": 1,
				"clearCoatFactor": 1,
				"clearCoatRoughnessFactor": 0,
				"diffuseColor": [ 1, 1, 1, 1 ],
				"roughnessFactor": 0,
				"metallicFactor": 0
			},
			{
			},
			{
			},
			{
			}
		],
		"alphaRef": 255,
		"alphaTest": true,
		"translucent": false,
		"translucentBlendOp": "None",
		"doubleSided": true,
		"invertBackFaceNormals": true,
		"dynamicCubemap": true,
		"activeLayers": 1,
		"materialTag0": "beamng",
		"order_simset": 0,
		"version": 1.5
	},
	"material_12_m_carpaint_36685": {
		"name": "material_12_m_carpaint_36685",
		"class": "Material",
		"mapTo": "material_12_m_carpaint_36685",
		"Stages": [
			{
				"normalMap": "camso_col_0xff8080ff.dds",
				"normalMapStrength": 1,
				"clearCoatFactor": 1,
				"clearCoatRoughnessFactor": 1,
				"instanceDiffuse": true,
				"colorPaletteMap": "camso_col_0xffff0000.dds",
				"roughnessFactor": 1,
				"metallicFactor": 1,
				"diffuseColor": [ 1, 1, 1, 1 ]
			},
			{
			},
			{
			},
			{
			}
		],
		"alphaRef": 255,
		"alphaTest": true,
		"translucent": false,
		"translucentBlendOp": "None",
		"doubleSided": true,
		"invertBackFaceNormals": true,
		"dynamicCubemap": true,
		"activeLayers": 1,
		"materialTag0": "beamng",
		"order_simset": 0,
		"version": 1.5
	},
	"material_13_m_blackhole_36685": {
		"name": "material_13_m_blackhole_36685",
		"class": "Material",
		"mapTo": "material_13_m_blackhole_36685",
		"Stages": [
			{
				"normalMap": "camso_col_0xff8080ff.dds",
				"normalMapStrength": 1,
				"diffuseColor": [ 0, 0, 0, 0 ],
				"roughnessFactor": 0,
				"metallicFactor": 0
			},
			{
			},
			{
			},
			{
			}
		],
		"alphaRef": 84,
		"alphaTest": true,
		"translucent": false,
		"translucentBlendOp": "None",
		"doubleSided": true,
		"invertBackFaceNormals": true,
		"dynamicCubemap": true,
		"activeLayers": 1,
		"materialTag0": "beamng",
		"order_simset": 0,
		"version": 1.5
	},
	"material_14_m_vqwheel_787b_decal_36685": {
		"name": "material_14_m_vqwheel_787b_decal_36685",
		"class": "Material",
		"mapTo": "material_14_m_vqwheel_787b_decal_36685",
		"Stages": [
			{
				"normalMap": "camso_col_0xff8080ff.dds",
				"normalMapStrength": 1,
				"diffuseMap": "camso_vqwheel_787b_decal_colour.dds",
				"opacityMap": "camso_col_0xffffffff.dds",
				"diffuseColor": [ 1, 1, 1, 1 ],
				"roughnessFactor": 0,
				"metallicFactor": 0,
				"useAnisotropic": true
			},
			{
			},
			{
			},
			{
			}
		],
		"alphaRef": 191,
		"alphaTest": true,
		"translucent": false,
		"translucentBlendOp": "None",
		"doubleSided": true,
		"invertBackFaceNormals": true,
		"dynamicCubemap": true,
		"activeLayers": 1,
		"materialTag0": "beamng",
		"order_simset": 0,
		"version": 1.5
	},
	"material_15_mi_castalloy_morphable_36685": {
		"name": "material_15_mi_castalloy_morphable_36685",
		"class": "Material",
		"mapTo": "material_15_mi_castalloy_morphable_36685",
		"Stages": [
			{
				"normalMap": "camso_col_0xff8080ff.dds",
				"normalMapStrength": 1,
				"diffuseColor": [ 0.596078, 0.596078, 0.596078, 1 ],
				"roughnessFactor": 0.9,
				"metallicFactor": 0.4
			},
			{
			},
			{
			},
			{
			}
		],
		"alphaRef": 84,
		"alphaTest": true,
		"translucent": false,
		"translucentBlendOp": "None",
		"doubleSided": true,
		"invertBackFaceNormals": true,
		"dynamicCubemap": true,
		"activeLayers": 1,
		"materialTag0": "beamng",
		"order_simset": 0,
		"version": 1.5
	},
	"material_16_mi_suspensionpaintyellow_36685": {
		"name": "material_16_mi_suspensionpaintyellow_36685",
		"class": "Material",
		"mapTo": "material_16_mi_suspensionpaintyellow_36685",
		"Stages": [
			{
				"normalMap": "camso_col_0xff8080ff.dds",
				"normalMapStrength": 1,
				"diffuseColor": [ 0.662745, 0.568627, 0.113725, 0 ],
				"roughnessFactor": 0.3,
				"metallicFactor": 0
			},
			{
			},
			{
			},
			{
			}
		],
		"alphaRef": 84,
		"alphaTest": true,
		"translucent": false,
		"translucentBlendOp": "None",
		"doubleSided": true,
		"invertBackFaceNormals": true,
		"dynamicCubemap": true,
		"activeLayers": 1,
		"materialTag0": "beamng",
		"order_simset": 0,
		"version": 1.5
	},
	"material_17_mi_suspensionpaintred_36685": {
		"name": "material_17_mi_suspensionpaintred_36685",
		"class": "Material",
		"mapTo": "material_17_mi_suspensionpaintred_36685",
		"Stages": [
			{
				"normalMap": "camso_col_0xff8080ff.dds",
				"normalMapStrength": 1,
				"diffuseColor": [ 0.517647, 0, 0, 0 ],
				"roughnessFactor": 0.3,
				"metallicFactor": 0
			},
			{
			},
			{
			},
			{
			}
		],
		"alphaRef": 84,
		"alphaTest": true,
		"translucent": false,
		"translucentBlendOp": "None",
		"doubleSided": true,
		"invertBackFaceNormals": true,
		"dynamicCubemap": true,
		"activeLayers": 1,
		"materialTag0": "beamng",
		"order_simset": 0,
		"version": 1.5
	},
	"material_18_mi_bolt_morphable_36685": {
		"name": "material_18_mi_bolt_morphable_36685",
		"class": "Material",
		"mapTo": "material_18_mi_bolt_morphable_36685",
		"Stages": [
			{
				"normalMap": "camso_col_0xff8080ff.dds",
				"normalMapStrength": 1,
				"diffuseColor": [ 0.709804, 0.670588, 0.611765, 1 ],
				"roughnessFactor": 0.4,
				"metallicFactor": 1
			},
			{
			},
			{
			},
			{
			}
		],
		"alphaRef": 84,
		"alphaTest": true,
		"translucent": false,
		"translucentBlendOp": "None",
		"doubleSided": true,
		"invertBackFaceNormals": true,
		"dynamicCubemap": true,
		"activeLayers": 1,
		"materialTag0": "beamng",
		"order_simset": 0,
		"version": 1.5
	},
	"material_19_mi_machinedmetal_morphable_36685": {
		"name": "material_19_mi_machinedmetal_morphable_36685",
		"class": "Material",
		"mapTo": "material_19_mi_machinedmetal_morphable_36685",
		"Stages": [
			{
				"normalMap": "camso_t_normal_8k_slnobhpc.dds",
				"normalMapStrength": 0.199048,
				"diffuseMap": "camso_t_default_macrovariation_lerpg_0xFFCECEDB_0xFFD0C9CE.dds",
				"diffuseColor": [ 1, 1, 1, 1 ],
				"roughnessFactor": 0.247166,
				"metallicFactor": 1,
				"useAnisotropic": true
			},
			{
			},
			{
			},
			{
			}
		],
		"alphaRef": 84,
		"alphaTest": true,
		"translucent": false,
		"translucentBlendOp": "None",
		"doubleSided": true,
		"invertBackFaceNormals": true,
		"dynamicCubemap": true,
		"activeLayers": 1,
		"materialTag0": "beamng",
		"order_simset": 0,
		"version": 1.5
	},
	"material_20_mi_brakerotor_carbon_36685": {
		"name": "material_20_mi_brakerotor_carbon_36685",
		"class": "Material",
		"mapTo": "material_20_mi_brakerotor_carbon_36685",
		"Stages": [
			{
				"normalMap": "camso_col_0xff8080ff.dds",
				"normalMapStrength": 1,
				"diffuseMap": "camso_t_carbonceramic_basecolor.dds",
				"diffuseColor": [ 0.658824, 0.658824, 0.658824, 1 ],
				"roughnessFactor": 0.15,
				"metallicFactor": 1,
				"useAnisotropic": true
			},
			{
			},
			{
			},
			{
			}
		],
		"alphaRef": 84,
		"alphaTest": true,
		"translucent": false,
		"translucentBlendOp": "None",
		"doubleSided": true,
		"invertBackFaceNormals": true,
		"dynamicCubemap": true,
		"activeLayers": 1,
		"materialTag0": "beamng",
		"order_simset": 0,
		"version": 1.5
	},
	"material_21_m_carpaint_36685": {
		"name": "material_21_m_carpaint_36685",
		"class": "Material",
		"mapTo": "material_21_m_carpaint_36685",
		"Stages": [
			{
				"normalMap": "camso_col_0xff8080ff.dds",
				"normalMapStrength": 1,
				"clearCoatFactor": 1,
				"clearCoatRoughnessFactor": 0,
				"diffuseColor": [ 0.847059, 0.0941176, 0, 1 ],
				"roughnessFactor": 0.263333,
				"metallicFactor": 0.752381
			},
			{
			},
			{
			},
			{
			}
		],
		"alphaRef": 255,
		"alphaTest": true,
		"translucent": false,
		"translucentBlendOp": "None",
		"doubleSided": true,
		"invertBackFaceNormals": true,
		"dynamicCubemap": true,
		"activeLayers": 1,
		"materialTag0": "beamng",
		"order_simset": 0,
		"version": 1.5
	},
	"material_22_m_bolt_36685": {
		"name": "material_22_m_bolt_36685",
		"class": "Material",
		"mapTo": "material_22_m_bolt_36685",
		"Stages": [
			{
				"normalMap": "camso_col_0xff8080ff.dds",
				"normalMapStrength": 1,
				"diffuseColor": [ 0.709804, 0.670588, 0.611765, 1 ],
				"roughnessFactor": 0.4,
				"metallicFactor": 1
			},
			{
			},
			{
			},
			{
			}
		],
		"alphaRef": 84,
		"alphaTest": true,
		"translucent": false,
		"translucentBlendOp": "None",
		"doubleSided": true,
		"invertBackFaceNormals": true,
		"dynamicCubemap": true,
		"activeLayers": 1,
		"materialTag0": "beamng",
		"order_simset": 0,
		"version": 1.5
	},
	"material_23_m_castiron_forged_36685": {
		"name": "material_23_m_castiron_forged_36685",
		"class": "Material",
		"mapTo": "material_23_m_castiron_forged_36685",
		"Stages": [
			{
				"normalMap": "camso_col_0xff8080ff.dds",
				"normalMapStrength": 1,
				"diffuseColor": [ 0.372549, 0.372549, 0.372549, 1 ],
				"roughnessFactor": 0.9,
				"metallicFactor": 1
			},
			{
			},
			{
			},
			{
			}
		],
		"alphaRef": 84,
		"alphaTest": true,
		"translucent": false,
		"translucentBlendOp": "None",
		"doubleSided": true,
		"invertBackFaceNormals": true,
		"dynamicCubemap": true,
		"activeLayers": 1,
		"materialTag0": "beamng",
		"order_simset": 0,
		"version": 1.5
	},
	"material_24_m_machinedmetal_36685": {
		"name": "material_24_m_machinedmetal_36685",
		"class": "Material",
		"mapTo": "material_24_m_machinedmetal_36685",
		"Stages": [
			{
				"normalMap": "camso_col_0xff8080ff.dds",
				"normalMapStrength": 1,
				"diffuseColor": [ 0.654902, 0.654902, 0.654902, 1 ],
				"roughnessFactor": 0.2,
				"metallicFactor": 1
			},
			{
			},
			{
			},
			{
			}
		],
		"alphaRef": 84,
		"alphaTest": true,
		"translucent": false,
		"translucentBlendOp": "None",
		"doubleSided": true,
		"invertBackFaceNormals": true,
		"dynamicCubemap": true,
		"activeLayers": 1,
		"materialTag0": "beamng",
		"order_simset": 0,
		"version": 1.5
	},
	"material_25_mi_rubber_tyre_36685": {
		"name": "material_25_mi_rubber_tyre_36685",
		"class": "Material",
		"mapTo": "material_25_mi_rubber_tyre_36685",
		"Stages": [
			{
				"normalMap": "36685_tyrenormal_2.dds",
				"normalMapStrength": 1,
				"diffuseColor": [ 0.12549, 0.121569, 0.121569, 1 ],
				"roughnessFactor": 0.541936,
				"metallicFactor": 0,
				"useAnisotropic": true
			},
			{
			},
			{
			},
			{
			}
		],
		"alphaRef": 84,
		"alphaTest": true,
		"translucent": false,
		"translucentBlendOp": "None",
		"doubleSided": true,
		"invertBackFaceNormals": true,
		"dynamicCubemap": true,
		"activeLayers": 1,
		"materialTag0": "beamng",
		"order_simset": 0,
		"version": 1.5
	},
	"material_26_mp_plastic_36685": {
		"name": "material_26_mp_plastic_36685",
		"class": "Material",
		"mapTo": "material_26_mp_plastic_36685",
		"Stages": [
			{
				"normalMap": "camso_col_0xff8080ff.dds",
				"normalMapStrength": 1,
				"diffuseColor": [ 0.0509804, 0.0509804, 0.0509804, 1 ],
				"roughnessFactor": 0.4,
				"metallicFactor": 0
			},
			{
			},
			{
			},
			{
			}
		],
		"alphaRef": 84,
		"alphaTest": true,
		"translucent": false,
		"translucentBlendOp": "None",
		"doubleSided": true,
		"invertBackFaceNormals": true,
		"dynamicCubemap": true,
		"activeLayers": 1,
		"materialTag0": "beamng",
		"order_simset": 0,
		"version": 1.5
	},
	"material_27_mi_suspensionpaintblack_36685": {
		"name": "material_27_mi_suspensionpaintblack_36685",
		"class": "Material",
		"mapTo": "material_27_mi_suspensionpaintblack_36685",
		"Stages": [
			{
				"normalMap": "camso_col_0xff8080ff.dds",
				"normalMapStrength": 1,
				"diffuseColor": [ 0, 0, 0, 0 ],
				"roughnessFactor": 0.3,
				"metallicFactor": 0
			},
			{
			},
			{
			},
			{
			}
		],
		"alphaRef": 84,
		"alphaTest": true,
		"translucent": false,
		"translucentBlendOp": "None",
		"doubleSided": true,
		"invertBackFaceNormals": true,
		"dynamicCubemap": true,
		"activeLayers": 1,
		"materialTag0": "beamng",
		"order_simset": 0,
		"version": 1.5
	},
	"material_28_m_carpaint_36685": {
		"name": "material_28_m_carpaint_36685",
		"class": "Material",
		"mapTo": "material_28_m_carpaint_36685",
		"Stages": [
			{
				"normalMap": "camso_col_0xff8080ff.dds",
				"normalMapStrength": 1,
				"clearCoatFactor": 1,
				"clearCoatRoughnessFactor": 1,
				"instanceDiffuse": true,
				"colorPaletteMap": "camso_col_0xffff0000.dds",
				"roughnessFactor": 1,
				"metallicFactor": 1,
				"diffuseColor": [ 1, 1, 1, 1 ]
			},
			{
			},
			{
			},
			{
			}
		],
		"alphaRef": 255,
		"alphaTest": true,
		"translucent": false,
		"translucentBlendOp": "None",
		"doubleSided": true,
		"invertBackFaceNormals": true,
		"dynamicCubemap": true,
		"activeLayers": 1,
		"materialTag0": "beamng",
		"order_simset": 0,
		"version": 1.5
	},
	"material_29_mi_metal_anodized_02_medium_36685": {
		"name": "material_29_mi_metal_anodized_02_medium_36685",
		"class": "Material",
		"mapTo": "material_29_mi_metal_anodized_02_medium_36685",
		"Stages": [
			{
				"normalMap": "camso_col_0xff8080ff.dds",
				"normalMapStrength": 0,
				"diffuseMap": "camso_col_0xff525258.dds",
				"diffuseColor": [ 1, 1, 1, 1 ],
				"roughnessFactor": 0.35,
				"metallicFactor": 1
			},
			{
			},
			{
			},
			{
			}
		],
		"alphaRef": 84,
		"alphaTest": true,
		"translucent": false,
		"translucentBlendOp": "None",
		"doubleSided": true,
		"invertBackFaceNormals": true,
		"dynamicCubemap": true,
		"activeLayers": 1,
		"materialTag0": "beamng",
		"order_simset": 0,
		"version": 1.5
	},
	"material_30_m_carpaint_36685": {
		"name": "material_30_m_carpaint_36685",
		"class": "Material",
		"mapTo": "material_30_m_carpaint_36685",
		"Stages": [
			{
				"normalMap": "camso_col_0xff8080ff.dds",
				"normalMapStrength": 1,
				"clearCoatFactor": 1,
				"clearCoatRoughnessFactor": 1,
				"instanceDiffuse": true,
				"colorPaletteMap": "camso_col_0xffff0000.dds",
				"roughnessFactor": 1,
				"metallicFactor": 1,
				"diffuseColor": [ 1, 1, 1, 1 ]
			},
			{
			},
			{
			},
			{
			}
		],
		"alphaRef": 255,
		"alphaTest": true,
		"translucent": false,
		"translucentBlendOp": "None",
		"doubleSided": true,
		"invertBackFaceNormals": true,
		"dynamicCubemap": true,
		"activeLayers": 1,
		"materialTag0": "beamng",
		"order_simset": 0,
		"version": 1.5
	},
	"material_31_mi_metal_anodized_02_medium_36685": {
		"name": "material_31_mi_metal_anodized_02_medium_36685",
		"class": "Material",
		"mapTo": "material_31_mi_metal_anodized_02_medium_36685",
		"Stages": [
			{
				"normalMap": "camso_col_0xff8080ff.dds",
				"normalMapStrength": 0,
				"diffuseMap": "camso_col_0xff525258.dds",
				"diffuseColor": [ 1, 1, 1, 1 ],
				"roughnessFactor": 0.35,
				"metallicFactor": 1
			},
			{
			},
			{
			},
			{
			}
		],
		"alphaRef": 84,
		"alphaTest": true,
		"translucent": false,
		"translucentBlendOp": "None",
		"doubleSided": true,
		"invertBackFaceNormals": true,
		"dynamicCubemap": true,
		"activeLayers": 1,
		"materialTag0": "beamng",
		"order_simset": 0,
		"version": 1.5
	},
	"material_32_m_carpaint_36685": {
		"name": "material_32_m_carpaint_36685",
		"class": "Material",
		"mapTo": "material_32_m_carpaint_36685",
		"Stages": [
			{
				"normalMap": "camso_col_0xff8080ff.dds",
				"normalMapStrength": 1,
				"clearCoatFactor": 1,
				"clearCoatRoughnessFactor": 1,
				"opacityMap": "36685_stamp1.dds",
				"opacityMapUseUV": 1,
				"instanceDiffuse": true,
				"colorPaletteMap": "camso_col_0xffff0000.dds",
				"roughnessFactor": 1,
				"metallicFactor": 1,
				"diffuseColor": [ 1, 1, 1, 1 ],
				"useAnisotropic": true
			},
			{
			},
			{
			},
			{
			}
		],
		"alphaRef": 255,
		"alphaTest": true,
		"translucent": false,
		"translucentBlendOp": "None",
		"doubleSided": true,
		"invertBackFaceNormals": true,
		"dynamicCubemap": true,
		"activeLayers": 1,
		"materialTag0": "beamng",
		"order_simset": 0,
		"version": 1.5
	},
	"material_33_mi_metal_anodized_02_medium_36685": {
		"name": "material_33_mi_metal_anodized_02_medium_36685",
		"class": "Material",
		"mapTo": "material_33_mi_metal_anodized_02_medium_36685",
		"Stages": [
			{
				"normalMap": "camso_col_0xff8080ff.dds",
				"normalMapStrength": 0,
				"diffuseMap": "camso_col_0xff525258.dds",
				"opacityMap": "36685_stamp1.dds",
				"opacityMapUseUV": 1,
				"diffuseColor": [ 1, 1, 1, 1 ],
				"roughnessFactor": 0.35,
				"metallicFactor": 1,
				"useAnisotropic": true
			},
			{
			},
			{
			},
			{
			}
		],
		"alphaRef": 84,
		"alphaTest": true,
		"translucent": false,
		"translucentBlendOp": "None",
		"doubleSided": true,
		"invertBackFaceNormals": true,
		"dynamicCubemap": true,
		"activeLayers": 1,
		"materialTag0": "beamng",
		"order_simset": 0,
		"version": 1.5
	},
	"material_34_fixturegrille_001_36685": {
		"name": "material_34_fixturegrille_001_36685",
		"class": "Material",
		"mapTo": "material_34_fixturegrille_001_36685",
		"Stages": [
			{
				"normalMap": "camso_t_grille01_n.dds",
				"normalMapStrength": 0.333,
				"diffuseMap": "camso_t_grille01_h_stepped.dds",
				"roughnessMap": "camso_t_grille01_h_stepped_inverse.dds",
				"metallicMap": "camso_t_grille01_h_stepped.dds",
				"opacityMap": "36685_stamp1.dds",
				"opacityMapUseUV": 1,
				"diffuseColor": [ 0.431373, 0.431373, 0.431373, 1 ],
				"roughnessFactor": 0.2,
				"metallicFactor": 1,
				"useAnisotropic": true
			},
			{
			},
			{
			},
			{
			}
		],
		"alphaRef": 84,
		"alphaTest": true,
		"translucent": false,
		"translucentBlendOp": "None",
		"doubleSided": true,
		"invertBackFaceNormals": true,
		"dynamicCubemap": true,
		"activeLayers": 1,
		"materialTag0": "beamng",
		"order_simset": 0,
		"version": 1.5
	},
	"material_35_m_carpaint_36685": {
		"name": "material_35_m_carpaint_36685",
		"class": "Material",
		"mapTo": "material_35_m_carpaint_36685",
		"Stages": [
			{
				"normalMap": "camso_col_0xff8080ff.dds",
				"normalMapStrength": 1,
				"clearCoatFactor": 1,
				"clearCoatRoughnessFactor": 1,
				"opacityMap": "36685_stamp1.dds",
				"opacityMapUseUV": 1,
				"instanceDiffuse": true,
				"colorPaletteMap": "camso_col_0xffff0000.dds",
				"roughnessFactor": 1,
				"metallicFactor": 1,
				"diffuseColor": [ 1, 1, 1, 1 ],
				"useAnisotropic": true
			},
			{
			},
			{
			},
			{
			}
		],
		"alphaRef": 255,
		"alphaTest": true,
		"translucent": false,
		"translucentBlendOp": "None",
		"doubleSided": true,
		"invertBackFaceNormals": true,
		"dynamicCubemap": true,
		"activeLayers": 1,
		"materialTag0": "beamng",
		"order_simset": 0,
		"version": 1.5
	},
	"material_36_mi_metal_anodized_02_medium_36685": {
		"name": "material_36_mi_metal_anodized_02_medium_36685",
		"class": "Material",
		"mapTo": "material_36_mi_metal_anodized_02_medium_36685",
		"Stages": [
			{
				"normalMap": "camso_col_0xff8080ff.dds",
				"normalMapStrength": 0,
				"diffuseMap": "camso_col_0xff525258.dds",
				"opacityMap": "36685_stamp1.dds",
				"opacityMapUseUV": 1,
				"diffuseColor": [ 1, 1, 1, 1 ],
				"roughnessFactor": 0.35,
				"metallicFactor": 1,
				"useAnisotropic": true
			},
			{
			},
			{
			},
			{
			}
		],
		"alphaRef": 84,
		"alphaTest": true,
		"translucent": false,
		"translucentBlendOp": "None",
		"doubleSided": true,
		"invertBackFaceNormals": true,
		"dynamicCubemap": true,
		"activeLayers": 1,
		"materialTag0": "beamng",
		"order_simset": 0,
		"version": 1.5
	},
	"material_37_fixturegrille_001_36685": {
		"name": "material_37_fixturegrille_001_36685",
		"class": "Material",
		"mapTo": "material_37_fixturegrille_001_36685",
		"Stages": [
			{
				"normalMap": "camso_t_grille01_n.dds",
				"normalMapStrength": 0.333,
				"diffuseMap": "camso_t_grille01_h_stepped.dds",
				"roughnessMap": "camso_t_grille01_h_stepped_inverse.dds",
				"metallicMap": "camso_t_grille01_h_stepped.dds",
				"opacityMap": "36685_stamp1.dds",
				"opacityMapUseUV": 1,
				"diffuseColor": [ 0.431373, 0.431373, 0.431373, 1 ],
				"roughnessFactor": 0.2,
				"metallicFactor": 1,
				"useAnisotropic": true
			},
			{
			},
			{
			},
			{
			}
		],
		"alphaRef": 84,
		"alphaTest": true,
		"translucent": false,
		"translucentBlendOp": "None",
		"doubleSided": true,
		"invertBackFaceNormals": true,
		"dynamicCubemap": true,
		"activeLayers": 1,
		"materialTag0": "beamng",
		"order_simset": 0,
		"version": 1.5
	},
	"material_38_fixtureopaqueglass_reflector_002_36685": {
		"name": "material_38_fixtureopaqueglass_reflector_002_36685",
		"class": "Material",
		"mapTo": "material_38_fixtureopaqueglass_reflector_002_36685",
		"Stages": [
			{
				"normalMap": "camso_col_0xff8080ff.dds",
				"normalMapStrength": 1,
				"opacityMap": "36685_stamp1.dds",
				"opacityMapUseUV": 1,
				"diffuseColor": [ 0.976471, 0.45098, 0, 1 ],
				"roughnessFactor": 0,
				"metallicFactor": 0,
				"useAnisotropic": true
			},
			{
			},
			{
			},
			{
			}
		],
		"alphaRef": 84,
		"alphaTest": true,
		"translucent": false,
		"translucentBlendOp": "None",
		"doubleSided": true,
		"invertBackFaceNormals": true,
		"dynamicCubemap": true,
		"activeLayers": 1,
		"materialTag0": "beamng",
		"order_simset": 0,
		"version": 1.5
	},
	"material_38_fixtureopaqueglass_reflector_002_36685_off": {
		"name": "material_38_fixtureopaqueglass_reflector_002_36685_off",
		"class": "Material",
		"mapTo": "material_38_fixtureopaqueglass_reflector_002_36685_off",
		"Stages": [
			{
				"normalMap": "camso_col_0xff8080ff.dds",
				"normalMapStrength": 1,
				"opacityMap": "36685_stamp1.dds",
				"opacityMapUseUV": 1,
				"diffuseColor": [ 0.976471, 0.45098, 0, 1 ],
				"roughnessFactor": 0,
				"metallicFactor": 0,
				"useAnisotropic": true
			},
			{
			},
			{
			},
			{
			}
		],
		"alphaRef": 84,
		"alphaTest": true,
		"translucent": false,
		"translucentBlendOp": "None",
		"doubleSided": true,
		"invertBackFaceNormals": true,
		"dynamicCubemap": true,
		"activeLayers": 1,
		"materialTag0": "beamng",
		"order_simset": 0,
		"version": 1.5
	},
	"material_38_fixtureopaqueglass_reflector_002_36685_on": {
		"name": "material_38_fixtureopaqueglass_reflector_002_36685_on",
		"class": "Material",
		"mapTo": "material_38_fixtureopaqueglass_reflector_002_36685_on",
		"Stages": [
			{
				"normalMap": "camso_col_0xff8080ff.dds",
				"normalMapStrength": 1,
				"opacityMap": "36685_stamp1.dds",
				"opacityMapUseUV": 1,
				"diffuseColor": [ 0.976471, 0.45098, 0, 1 ],
				"roughnessFactor": 0,
				"metallicFactor": 0,
				"emissiveFactor": [ 0.99738, 0.705656, 0 ],
				"glow": true,
				"useAnisotropic": true
			},
			{
			},
			{
			},
			{
			}
		],
		"alphaRef": 84,
		"alphaTest": true,
		"translucent": false,
		"translucentBlendOp": "None",
		"doubleSided": true,
		"invertBackFaceNormals": true,
		"dynamicCubemap": true,
		"activeLayers": 1,
		"materialTag0": "beamng",
		"order_simset": 0,
		"version": 1.5
	},
	"material_38_fixtureopaqueglass_reflector_002_36685_onIntense": {
		"name": "material_38_fixtureopaqueglass_reflector_002_36685_onIntense",
		"class": "Material",
		"mapTo": "material_38_fixtureopaqueglass_reflector_002_36685_onIntense",
		"Stages": [
			{
				"normalMap": "camso_col_0xff8080ff.dds",
				"normalMapStrength": 1,
				"opacityMap": "36685_stamp1.dds",
				"opacityMapUseUV": 1,
				"diffuseColor": [ 0.976471, 0.45098, 0, 1 ],
				"roughnessFactor": 0,
				"metallicFactor": 0,
				"emissiveFactor": [ 1, 0.70751, 0 ],
				"glow": true,
				"useAnisotropic": true
			},
			{
			},
			{
			},
			{
			}
		],
		"alphaRef": 84,
		"alphaTest": true,
		"translucent": false,
		"translucentBlendOp": "None",
		"doubleSided": true,
		"invertBackFaceNormals": true,
		"dynamicCubemap": true,
		"activeLayers": 1,
		"materialTag0": "beamng",
		"order_simset": 0,
		"version": 1.5
	},
	"material_39_fixtureglass_headlight_006_36685": {
		"name": "material_39_fixtureglass_headlight_006_36685",
		"class": "Material",
		"mapTo": "material_39_fixtureglass_headlight_006_36685",
		"Stages": [
			{
				"normalMap": "camso_col_0xff7f7fff.dds",
				"normalMapStrength": 1,
				"opacityMap": "36685_stamp1.dds",
				"opacityMapUseUV": 1,
				"opacityFactor": 0.298039,
				"diffuseColor": [ 0.984314, 0.988235, 0.988235, 0.298039 ],
				"roughnessFactor": 0,
				"metallicFactor": 1,
				"useAnisotropic": true
			},
			{
			},
			{
			},
			{
			}
		],
		"alphaRef": 1,
		"alphaTest": true,
		"translucent": true,
		"translucentBlendOp": "AddAlpha",
		"translucentZWrite": false,
		"castShadows": false,
		"translucentRecvShadows": true,
		"dynamicCubemap": true,
		"activeLayers": 1,
		"materialTag0": "beamng",
		"order_simset": 0,
		"version": 1.5
	},
	"material_39_fixtureglass_headlight_006_36685_off": {
		"name": "material_39_fixtureglass_headlight_006_36685_off",
		"class": "Material",
		"mapTo": "material_39_fixtureglass_headlight_006_36685_off",
		"Stages": [
			{
				"normalMap": "camso_col_0xff7f7fff.dds",
				"normalMapStrength": 1,
				"opacityMap": "36685_stamp1.dds",
				"opacityMapUseUV": 1,
				"opacityFactor": 0.298039,
				"diffuseColor": [ 0.984314, 0.988235, 0.988235, 0.298039 ],
				"roughnessFactor": 0,
				"metallicFactor": 1,
				"useAnisotropic": true
			},
			{
			},
			{
			},
			{
			}
		],
		"alphaRef": 1,
		"alphaTest": true,
		"translucent": true,
		"translucentBlendOp": "AddAlpha",
		"translucentZWrite": false,
		"castShadows": false,
		"translucentRecvShadows": true,
		"dynamicCubemap": true,
		"activeLayers": 1,
		"materialTag0": "beamng",
		"order_simset": 0,
		"version": 1.5
	},
	"material_39_fixtureglass_headlight_006_36685_on": {
		"name": "material_39_fixtureglass_headlight_006_36685_on",
		"class": "Material",
		"mapTo": "material_39_fixtureglass_headlight_006_36685_on",
		"Stages": [
			{
				"normalMap": "camso_col_0xff7f7fff.dds",
				"normalMapStrength": 1,
				"opacityMap": "36685_stamp1.dds",
				"opacityMapUseUV": 1,
				"opacityFactor": 0.298039,
				"diffuseColor": [ 0.984314, 0.988235, 0.988235, 0.298039 ],
				"roughnessFactor": 0,
				"metallicFactor": 1,
				"emissiveFactor": [ 1, 1, 1 ],
				"glow": true,
				"useAnisotropic": true
			},
			{
			},
			{
			},
			{
			}
		],
		"alphaRef": 1,
		"alphaTest": true,
		"translucent": true,
		"translucentBlendOp": "AddAlpha",
		"translucentZWrite": false,
		"castShadows": false,
		"translucentRecvShadows": true,
		"dynamicCubemap": true,
		"activeLayers": 1,
		"materialTag0": "beamng",
		"order_simset": 0,
		"version": 1.5
	},
	"material_39_fixtureglass_headlight_006_36685_onIntense": {
		"name": "material_39_fixtureglass_headlight_006_36685_onIntense",
		"class": "Material",
		"mapTo": "material_39_fixtureglass_headlight_006_36685_onIntense",
		"Stages": [
			{
				"normalMap": "camso_col_0xff7f7fff.dds",
				"normalMapStrength": 1,
				"opacityMap": "36685_stamp1.dds",
				"opacityMapUseUV": 1,
				"opacityFactor": 0.298039,
				"diffuseColor": [ 0.984314, 0.988235, 0.988235, 0.298039 ],
				"roughnessFactor": 0,
				"metallicFactor": 1,
				"emissiveFactor": [ 1, 1, 1 ],
				"glow": true,
				"useAnisotropic": true
			},
			{
			},
			{
			},
			{
			}
		],
		"alphaRef": 1,
		"alphaTest": true,
		"translucent": true,
		"translucentBlendOp": "AddAlpha",
		"translucentZWrite": false,
		"castShadows": false,
		"translucentRecvShadows": true,
		"dynamicCubemap": true,
		"activeLayers": 1,
		"materialTag0": "beamng",
		"order_simset": 0,
		"version": 1.5
	},
	"material_40_mp_plastic_36685": {
		"name": "material_40_mp_plastic_36685",
		"class": "Material",
		"mapTo": "material_40_mp_plastic_36685",
		"Stages": [
			{
				"normalMap": "camso_col_0xff8080ff.dds",
				"normalMapStrength": 1,
				"opacityMap": "36685_stamp1.dds",
				"opacityMapUseUV": 1,
				"diffuseColor": [ 0.0509804, 0.0509804, 0.0509804, 1 ],
				"roughnessFactor": 0.4,
				"metallicFactor": 0,
				"useAnisotropic": true
			},
			{
			},
			{
			},
			{
			}
		],
		"alphaRef": 84,
		"alphaTest": true,
		"translucent": false,
		"translucentBlendOp": "None",
		"doubleSided": true,
		"invertBackFaceNormals": true,
		"dynamicCubemap": true,
		"activeLayers": 1,
		"materialTag0": "beamng",
		"order_simset": 0,
		"version": 1.5
	},
	"material_41_fixturereflector_005_36685": {
		"name": "material_41_fixturereflector_005_36685",
		"class": "Material",
		"mapTo": "material_41_fixturereflector_005_36685",
		"Stages": [
			{
				"normalMap": "camso_col_0xff8080ff.dds",
				"normalMapStrength": 1,
				"opacityMap": "36685_stamp1.dds",
				"opacityMapUseUV": 1,
				"diffuseColor": [ 1, 1, 1, 1 ],
				"roughnessFactor": 0,
				"metallicFactor": 0,
				"useAnisotropic": true
			},
			{
			},
			{
			},
			{
			}
		],
		"alphaRef": 84,
		"alphaTest": true,
		"translucent": false,
		"translucentBlendOp": "None",
		"doubleSided": true,
		"invertBackFaceNormals": true,
		"dynamicCubemap": true,
		"activeLayers": 1,
		"materialTag0": "beamng",
		"order_simset": 0,
		"version": 1.5
	},
	"material_41_fixturereflector_005_36685_off": {
		"name": "material_41_fixturereflector_005_36685_off",
		"class": "Material",
		"mapTo": "material_41_fixturereflector_005_36685_off",
		"Stages": [
			{
				"normalMap": "camso_col_0xff8080ff.dds",
				"normalMapStrength": 1,
				"opacityMap": "36685_stamp1.dds",
				"opacityMapUseUV": 1,
				"diffuseColor": [ 1, 1, 1, 1 ],
				"roughnessFactor": 0,
				"metallicFactor": 0,
				"useAnisotropic": true
			},
			{
			},
			{
			},
			{
			}
		],
		"alphaRef": 84,
		"alphaTest": true,
		"translucent": false,
		"translucentBlendOp": "None",
		"doubleSided": true,
		"invertBackFaceNormals": true,
		"dynamicCubemap": true,
		"activeLayers": 1,
		"materialTag0": "beamng",
		"order_simset": 0,
		"version": 1.5
	},
	"material_41_fixturereflector_005_36685_on": {
		"name": "material_41_fixturereflector_005_36685_on",
		"class": "Material",
		"mapTo": "material_41_fixturereflector_005_36685_on",
		"Stages": [
			{
				"normalMap": "camso_col_0xff8080ff.dds",
				"normalMapStrength": 1,
				"opacityMap": "36685_stamp1.dds",
				"opacityMapUseUV": 1,
				"diffuseColor": [ 1, 1, 1, 1 ],
				"roughnessFactor": 0,
				"metallicFactor": 0,
				"emissiveFactor": [ 0.990831, 0.990831, 0.990831 ],
				"glow": true,
				"useAnisotropic": true
			},
			{
			},
			{
			},
			{
			}
		],
		"alphaRef": 84,
		"alphaTest": true,
		"translucent": false,
		"translucentBlendOp": "None",
		"doubleSided": true,
		"invertBackFaceNormals": true,
		"dynamicCubemap": true,
		"activeLayers": 1,
		"materialTag0": "beamng",
		"order_simset": 0,
		"version": 1.5
	},
	"material_41_fixturereflector_005_36685_onIntense": {
		"name": "material_41_fixturereflector_005_36685_onIntense",
		"class": "Material",
		"mapTo": "material_41_fixturereflector_005_36685_onIntense",
		"Stages": [
			{
				"normalMap": "camso_col_0xff8080ff.dds",
				"normalMapStrength": 1,
				"opacityMap": "36685_stamp1.dds",
				"opacityMapUseUV": 1,
				"diffuseColor": [ 1, 1, 1, 1 ],
				"roughnessFactor": 0,
				"metallicFactor": 0,
				"emissiveFactor": [ 1, 1, 1 ],
				"glow": true,
				"useAnisotropic": true
			},
			{
			},
			{
			},
			{
			}
		],
		"alphaRef": 84,
		"alphaTest": true,
		"translucent": false,
		"translucentBlendOp": "None",
		"doubleSided": true,
		"invertBackFaceNormals": true,
		"dynamicCubemap": true,
		"activeLayers": 1,
		"materialTag0": "beamng",
		"order_simset": 0,
		"version": 1.5
	},
	"material_42_fixturebulb_light_001_36685": {
		"name": "material_42_fixturebulb_light_001_36685",
		"class": "Material",
		"mapTo": "material_42_fixturebulb_light_001_36685",
		"Stages": [
			{
				"normalMap": "camso_col_0xff8080ff.dds",
				"normalMapStrength": 1,
				"opacityMap": "36685_stamp1.dds",
				"opacityMapUseUV": 1,
				"diffuseColor": [ 0.984314, 0.984314, 0.980392, 1 ],
				"roughnessFactor": 0.02,
				"metallicFactor": 1,
				"useAnisotropic": true
			},
			{
			},
			{
			},
			{
			}
		],
		"alphaRef": 84,
		"alphaTest": true,
		"translucent": false,
		"translucentBlendOp": "None",
		"doubleSided": true,
		"invertBackFaceNormals": true,
		"dynamicCubemap": true,
		"activeLayers": 1,
		"materialTag0": "beamng",
		"order_simset": 0,
		"version": 1.5
	},
	"material_42_fixturebulb_light_001_36685_off": {
		"name": "material_42_fixturebulb_light_001_36685_off",
		"class": "Material",
		"mapTo": "material_42_fixturebulb_light_001_36685_off",
		"Stages": [
			{
				"normalMap": "camso_col_0xff8080ff.dds",
				"normalMapStrength": 1,
				"opacityMap": "36685_stamp1.dds",
				"opacityMapUseUV": 1,
				"diffuseColor": [ 0.984314, 0.984314, 0.980392, 1 ],
				"roughnessFactor": 0.02,
				"metallicFactor": 1,
				"useAnisotropic": true
			},
			{
			},
			{
			},
			{
			}
		],
		"alphaRef": 84,
		"alphaTest": true,
		"translucent": false,
		"translucentBlendOp": "None",
		"doubleSided": true,
		"invertBackFaceNormals": true,
		"dynamicCubemap": true,
		"activeLayers": 1,
		"materialTag0": "beamng",
		"order_simset": 0,
		"version": 1.5
	},
	"material_42_fixturebulb_light_001_36685_on": {
		"name": "material_42_fixturebulb_light_001_36685_on",
		"class": "Material",
		"mapTo": "material_42_fixturebulb_light_001_36685_on",
		"Stages": [
			{
				"normalMap": "camso_col_0xff8080ff.dds",
				"normalMapStrength": 1,
				"opacityMap": "36685_stamp1.dds",
				"opacityMapUseUV": 1,
				"diffuseColor": [ 0.984314, 0.984314, 0.980392, 1 ],
				"roughnessFactor": 0.02,
				"metallicFactor": 1,
				"emissiveFactor": [ 1, 1, 1 ],
				"glow": true,
				"useAnisotropic": true
			},
			{
			},
			{
			},
			{
			}
		],
		"alphaRef": 84,
		"alphaTest": true,
		"translucent": false,
		"translucentBlendOp": "None",
		"doubleSided": true,
		"invertBackFaceNormals": true,
		"dynamicCubemap": true,
		"activeLayers": 1,
		"materialTag0": "beamng",
		"order_simset": 0,
		"version": 1.5
	},
	"material_42_fixturebulb_light_001_36685_onIntense": {
		"name": "material_42_fixturebulb_light_001_36685_onIntense",
		"class": "Material",
		"mapTo": "material_42_fixturebulb_light_001_36685_onIntense",
		"Stages": [
			{
				"normalMap": "camso_col_0xff8080ff.dds",
				"normalMapStrength": 1,
				"opacityMap": "36685_stamp1.dds",
				"opacityMapUseUV": 1,
				"diffuseColor": [ 0.984314, 0.984314, 0.980392, 1 ],
				"roughnessFactor": 0.02,
				"metallicFactor": 1,
				"emissiveFactor": [ 1, 1, 1 ],
				"glow": true,
				"useAnisotropic": true
			},
			{
			},
			{
			},
			{
			}
		],
		"alphaRef": 84,
		"alphaTest": true,
		"translucent": false,
		"translucentBlendOp": "None",
		"doubleSided": true,
		"invertBackFaceNormals": true,
		"dynamicCubemap": true,
		"activeLayers": 1,
		"materialTag0": "beamng",
		"order_simset": 0,
		"version": 1.5
	},
	"material_43_fixtureopaqueglass_reflector_002_36685": {
		"name": "material_43_fixtureopaqueglass_reflector_002_36685",
		"class": "Material",
		"mapTo": "material_43_fixtureopaqueglass_reflector_002_36685",
		"Stages": [
			{
				"normalMap": "camso_col_0xff8080ff.dds",
				"normalMapStrength": 1,
				"opacityMap": "36685_stamp1.dds",
				"opacityMapUseUV": 1,
				"diffuseColor": [ 0.976471, 0.45098, 0, 1 ],
				"roughnessFactor": 0,
				"metallicFactor": 0,
				"useAnisotropic": true
			},
			{
			},
			{
			},
			{
			}
		],
		"alphaRef": 84,
		"alphaTest": true,
		"translucent": false,
		"translucentBlendOp": "None",
		"doubleSided": true,
		"invertBackFaceNormals": true,
		"dynamicCubemap": true,
		"activeLayers": 1,
		"materialTag0": "beamng",
		"order_simset": 0,
		"version": 1.5
	},
	"material_43_fixtureopaqueglass_reflector_002_36685_off": {
		"name": "material_43_fixtureopaqueglass_reflector_002_36685_off",
		"class": "Material",
		"mapTo": "material_43_fixtureopaqueglass_reflector_002_36685_off",
		"Stages": [
			{
				"normalMap": "camso_col_0xff8080ff.dds",
				"normalMapStrength": 1,
				"opacityMap": "36685_stamp1.dds",
				"opacityMapUseUV": 1,
				"diffuseColor": [ 0.976471, 0.45098, 0, 1 ],
				"roughnessFactor": 0,
				"metallicFactor": 0,
				"useAnisotropic": true
			},
			{
			},
			{
			},
			{
			}
		],
		"alphaRef": 84,
		"alphaTest": true,
		"translucent": false,
		"translucentBlendOp": "None",
		"doubleSided": true,
		"invertBackFaceNormals": true,
		"dynamicCubemap": true,
		"activeLayers": 1,
		"materialTag0": "beamng",
		"order_simset": 0,
		"version": 1.5
	},
	"material_43_fixtureopaqueglass_reflector_002_36685_on": {
		"name": "material_43_fixtureopaqueglass_reflector_002_36685_on",
		"class": "Material",
		"mapTo": "material_43_fixtureopaqueglass_reflector_002_36685_on",
		"Stages": [
			{
				"normalMap": "camso_col_0xff8080ff.dds",
				"normalMapStrength": 1,
				"opacityMap": "36685_stamp1.dds",
				"opacityMapUseUV": 1,
				"diffuseColor": [ 0.976471, 0.45098, 0, 1 ],
				"roughnessFactor": 0,
				"metallicFactor": 0,
				"emissiveFactor": [ 0.99738, 0.705656, 0 ],
				"glow": true,
				"useAnisotropic": true
			},
			{
			},
			{
			},
			{
			}
		],
		"alphaRef": 84,
		"alphaTest": true,
		"translucent": false,
		"translucentBlendOp": "None",
		"doubleSided": true,
		"invertBackFaceNormals": true,
		"dynamicCubemap": true,
		"activeLayers": 1,
		"materialTag0": "beamng",
		"order_simset": 0,
		"version": 1.5
	},
	"material_43_fixtureopaqueglass_reflector_002_36685_onIntense": {
		"name": "material_43_fixtureopaqueglass_reflector_002_36685_onIntense",
		"class": "Material",
		"mapTo": "material_43_fixtureopaqueglass_reflector_002_36685_onIntense",
		"Stages": [
			{
				"normalMap": "camso_col_0xff8080ff.dds",
				"normalMapStrength": 1,
				"opacityMap": "36685_stamp1.dds",
				"opacityMapUseUV": 1,
				"diffuseColor": [ 0.976471, 0.45098, 0, 1 ],
				"roughnessFactor": 0,
				"metallicFactor": 0,
				"emissiveFactor": [ 1, 0.70751, 0 ],
				"glow": true,
				"useAnisotropic": true
			},
			{
			},
			{
			},
			{
			}
		],
		"alphaRef": 84,
		"alphaTest": true,
		"translucent": false,
		"translucentBlendOp": "None",
		"doubleSided": true,
		"invertBackFaceNormals": true,
		"dynamicCubemap": true,
		"activeLayers": 1,
		"materialTag0": "beamng",
		"order_simset": 0,
		"version": 1.5
	},
	"material_44_fixtureopaqueglass_reflector_001_36685": {
		"name": "material_44_fixtureopaqueglass_reflector_001_36685",
		"class": "Material",
		"mapTo": "material_44_fixtureopaqueglass_reflector_001_36685",
		"Stages": [
			{
				"normalMap": "camso_col_0xff8080ff.dds",
				"normalMapStrength": 1,
				"diffuseColor": [ 0.470588, 0.0666667, 0.0470588, 1 ],
				"roughnessFactor": 0,
				"metallicFactor": 0
			},
			{
			},
			{
			},
			{
			}
		],
		"alphaRef": 84,
		"alphaTest": true,
		"translucent": false,
		"translucentBlendOp": "None",
		"doubleSided": true,
		"invertBackFaceNormals": true,
		"dynamicCubemap": true,
		"activeLayers": 1,
		"materialTag0": "beamng",
		"order_simset": 0,
		"version": 1.5
	},
	"material_44_fixtureopaqueglass_reflector_001_36685_off": {
		"name": "material_44_fixtureopaqueglass_reflector_001_36685_off",
		"class": "Material",
		"mapTo": "material_44_fixtureopaqueglass_reflector_001_36685_off",
		"Stages": [
			{
				"normalMap": "camso_col_0xff8080ff.dds",
				"normalMapStrength": 1,
				"diffuseColor": [ 0.470588, 0.0666667, 0.0470588, 1 ],
				"roughnessFactor": 0,
				"metallicFactor": 0
			},
			{
			},
			{
			},
			{
			}
		],
		"alphaRef": 84,
		"alphaTest": true,
		"translucent": false,
		"translucentBlendOp": "None",
		"doubleSided": true,
		"invertBackFaceNormals": true,
		"dynamicCubemap": true,
		"activeLayers": 1,
		"materialTag0": "beamng",
		"order_simset": 0,
		"version": 1.5
	},
	"material_44_fixtureopaqueglass_reflector_001_36685_on": {
		"name": "material_44_fixtureopaqueglass_reflector_001_36685_on",
		"class": "Material",
		"mapTo": "material_44_fixtureopaqueglass_reflector_001_36685_on",
		"Stages": [
			{
				"normalMap": "camso_col_0xff8080ff.dds",
				"normalMapStrength": 1,
				"diffuseColor": [ 0.470588, 0.0666667, 0.0470588, 1 ],
				"roughnessFactor": 0,
				"metallicFactor": 0,
				"emissiveFactor": [ 0.905694, 0.361288, 0.301898 ],
				"glow": true
			},
			{
			},
			{
			},
			{
			}
		],
		"alphaRef": 84,
		"alphaTest": true,
		"translucent": false,
		"translucentBlendOp": "None",
		"doubleSided": true,
		"invertBackFaceNormals": true,
		"dynamicCubemap": true,
		"activeLayers": 1,
		"materialTag0": "beamng",
		"order_simset": 0,
		"version": 1.5
	},
	"material_44_fixtureopaqueglass_reflector_001_36685_onIntense": {
		"name": "material_44_fixtureopaqueglass_reflector_001_36685_onIntense",
		"class": "Material",
		"mapTo": "material_44_fixtureopaqueglass_reflector_001_36685_onIntense",
		"Stages": [
			{
				"normalMap": "camso_col_0xff8080ff.dds",
				"normalMapStrength": 1,
				"diffuseColor": [ 0.470588, 0.0666667, 0.0470588, 1 ],
				"roughnessFactor": 0,
				"metallicFactor": 0,
				"emissiveFactor": [ 1, 0.398907, 0.333333 ],
				"glow": true
			},
			{
			},
			{
			},
			{
			}
		],
		"alphaRef": 84,
		"alphaTest": true,
		"translucent": false,
		"translucentBlendOp": "None",
		"doubleSided": true,
		"invertBackFaceNormals": true,
		"dynamicCubemap": true,
		"activeLayers": 1,
		"materialTag0": "beamng",
		"order_simset": 0,
		"version": 1.5
	},
	"material_45_m_carpaint_36685": {
		"name": "material_45_m_carpaint_36685",
		"class": "Material",
		"mapTo": "material_45_m_carpaint_36685",
		"Stages": [
			{
				"normalMap": "camso_col_0xff8080ff.dds",
				"normalMapStrength": 1,
				"clearCoatFactor": 1,
				"clearCoatRoughnessFactor": 1,
				"instanceDiffuse": true,
				"colorPaletteMap": "camso_col_0xffff0000.dds",
				"roughnessFactor": 1,
				"metallicFactor": 1,
				"diffuseColor": [ 1, 1, 1, 1 ]
			},
			{
			},
			{
			},
			{
			}
		],
		"alphaRef": 255,
		"alphaTest": true,
		"translucent": false,
		"translucentBlendOp": "None",
		"doubleSided": true,
		"invertBackFaceNormals": true,
		"dynamicCubemap": true,
		"activeLayers": 1,
		"materialTag0": "beamng",
		"order_simset": 0,
		"version": 1.5
	},
	"material_46_fixtureopaqueglass_reflector_001_36685": {
		"name": "material_46_fixtureopaqueglass_reflector_001_36685",
		"class": "Material",
		"mapTo": "material_46_fixtureopaqueglass_reflector_001_36685",
		"Stages": [
			{
				"normalMap": "camso_col_0xff8080ff.dds",
				"normalMapStrength": 1,
				"diffuseColor": [ 0.470588, 0.0666667, 0.0470588, 1 ],
				"roughnessFactor": 0,
				"metallicFactor": 0
			},
			{
			},
			{
			},
			{
			}
		],
		"alphaRef": 84,
		"alphaTest": true,
		"translucent": false,
		"translucentBlendOp": "None",
		"doubleSided": true,
		"invertBackFaceNormals": true,
		"dynamicCubemap": true,
		"activeLayers": 1,
		"materialTag0": "beamng",
		"order_simset": 0,
		"version": 1.5
	},
	"material_46_fixtureopaqueglass_reflector_001_36685_off": {
		"name": "material_46_fixtureopaqueglass_reflector_001_36685_off",
		"class": "Material",
		"mapTo": "material_46_fixtureopaqueglass_reflector_001_36685_off",
		"Stages": [
			{
				"normalMap": "camso_col_0xff8080ff.dds",
				"normalMapStrength": 1,
				"diffuseColor": [ 0.470588, 0.0666667, 0.0470588, 1 ],
				"roughnessFactor": 0,
				"metallicFactor": 0
			},
			{
			},
			{
			},
			{
			}
		],
		"alphaRef": 84,
		"alphaTest": true,
		"translucent": false,
		"translucentBlendOp": "None",
		"doubleSided": true,
		"invertBackFaceNormals": true,
		"dynamicCubemap": true,
		"activeLayers": 1,
		"materialTag0": "beamng",
		"order_simset": 0,
		"version": 1.5
	},
	"material_46_fixtureopaqueglass_reflector_001_36685_on": {
		"name": "material_46_fixtureopaqueglass_reflector_001_36685_on",
		"class": "Material",
		"mapTo": "material_46_fixtureopaqueglass_reflector_001_36685_on",
		"Stages": [
			{
				"normalMap": "camso_col_0xff8080ff.dds",
				"normalMapStrength": 1,
				"diffuseColor": [ 0.470588, 0.0666667, 0.0470588, 1 ],
				"roughnessFactor": 0,
				"metallicFactor": 0,
				"emissiveFactor": [ 0.905694, 0.361288, 0.301898 ],
				"glow": true
			},
			{
			},
			{
			},
			{
			}
		],
		"alphaRef": 84,
		"alphaTest": true,
		"translucent": false,
		"translucentBlendOp": "None",
		"doubleSided": true,
		"invertBackFaceNormals": true,
		"dynamicCubemap": true,
		"activeLayers": 1,
		"materialTag0": "beamng",
		"order_simset": 0,
		"version": 1.5
	},
	"material_46_fixtureopaqueglass_reflector_001_36685_onIntense": {
		"name": "material_46_fixtureopaqueglass_reflector_001_36685_onIntense",
		"class": "Material",
		"mapTo": "material_46_fixtureopaqueglass_reflector_001_36685_onIntense",
		"Stages": [
			{
				"normalMap": "camso_col_0xff8080ff.dds",
				"normalMapStrength": 1,
				"diffuseColor": [ 0.470588, 0.0666667, 0.0470588, 1 ],
				"roughnessFactor": 0,
				"metallicFactor": 0,
				"emissiveFactor": [ 1, 0.398907, 0.333333 ],
				"glow": true
			},
			{
			},
			{
			},
			{
			}
		],
		"alphaRef": 84,
		"alphaTest": true,
		"translucent": false,
		"translucentBlendOp": "None",
		"doubleSided": true,
		"invertBackFaceNormals": true,
		"dynamicCubemap": true,
		"activeLayers": 1,
		"materialTag0": "beamng",
		"order_simset": 0,
		"version": 1.5
	},
	"material_47_mi_plastic_matte_36685": {
		"name": "material_47_mi_plastic_matte_36685",
		"class": "Material",
		"mapTo": "material_47_mi_plastic_matte_36685",
		"Stages": [
			{
				"normalMap": "camso_col_0xff8080ff.dds",
				"normalMapStrength": 1,
				"diffuseColor": [ 0.172549, 0.172549, 0.172549, 1 ],
				"roughnessFactor": 0.4,
				"metallicFactor": 0
			},
			{
			},
			{
			},
			{
			}
		],
		"alphaRef": 84,
		"alphaTest": true,
		"translucent": false,
		"translucentBlendOp": "None",
		"doubleSided": true,
		"invertBackFaceNormals": true,
		"dynamicCubemap": true,
		"activeLayers": 1,
		"materialTag0": "beamng",
		"order_simset": 0,
		"version": 1.5
	},
	"material_48_fixturereflector_009_36685": {
		"name": "material_48_fixturereflector_009_36685",
		"class": "Material",
		"mapTo": "material_48_fixturereflector_009_36685",
		"Stages": [
			{
				"normalMap": "camso_col_0xff8080ff.dds",
				"normalMapStrength": 1,
				"diffuseColor": [ 0.984314, 0.47451, 0, 1 ],
				"roughnessFactor": 0,
				"metallicFactor": 0
			},
			{
			},
			{
			},
			{
			}
		],
		"alphaRef": 84,
		"alphaTest": true,
		"translucent": false,
		"translucentBlendOp": "None",
		"doubleSided": true,
		"invertBackFaceNormals": true,
		"dynamicCubemap": true,
		"activeLayers": 1,
		"materialTag0": "beamng",
		"order_simset": 0,
		"version": 1.5
	},
	"material_48_fixturereflector_009_36685_off": {
		"name": "material_48_fixturereflector_009_36685_off",
		"class": "Material",
		"mapTo": "material_48_fixturereflector_009_36685_off",
		"Stages": [
			{
				"normalMap": "camso_col_0xff8080ff.dds",
				"normalMapStrength": 1,
				"diffuseColor": [ 0.984314, 0.47451, 0, 1 ],
				"roughnessFactor": 0,
				"metallicFactor": 0
			},
			{
			},
			{
			},
			{
			}
		],
		"alphaRef": 84,
		"alphaTest": true,
		"translucent": false,
		"translucentBlendOp": "None",
		"doubleSided": true,
		"invertBackFaceNormals": true,
		"dynamicCubemap": true,
		"activeLayers": 1,
		"materialTag0": "beamng",
		"order_simset": 0,
		"version": 1.5
	},
	"material_48_fixturereflector_009_36685_on": {
		"name": "material_48_fixturereflector_009_36685_on",
		"class": "Material",
		"mapTo": "material_48_fixturereflector_009_36685_on",
		"Stages": [
			{
				"normalMap": "camso_col_0xff8080ff.dds",
				"normalMapStrength": 1,
				"diffuseColor": [ 0.984314, 0.47451, 0, 1 ],
				"roughnessFactor": 0,
				"metallicFactor": 0,
				"emissiveFactor": [ 0.989522, 0.881355, 0.837287 ],
				"glow": true
			},
			{
			},
			{
			},
			{
			}
		],
		"alphaRef": 84,
		"alphaTest": true,
		"translucent": false,
		"translucentBlendOp": "None",
		"doubleSided": true,
		"invertBackFaceNormals": true,
		"dynamicCubemap": true,
		"activeLayers": 1,
		"materialTag0": "beamng",
		"order_simset": 0,
		"version": 1.5
	},
	"material_48_fixturereflector_009_36685_onIntense": {
		"name": "material_48_fixturereflector_009_36685_onIntense",
		"class": "Material",
		"mapTo": "material_48_fixturereflector_009_36685_onIntense",
		"Stages": [
			{
				"normalMap": "camso_col_0xff8080ff.dds",
				"normalMapStrength": 1,
				"diffuseColor": [ 0.984314, 0.47451, 0, 1 ],
				"roughnessFactor": 0,
				"metallicFactor": 0,
				"emissiveFactor": [ 1, 0.890688, 0.846154 ],
				"glow": true
			},
			{
			},
			{
			},
			{
			}
		],
		"alphaRef": 84,
		"alphaTest": true,
		"translucent": false,
		"translucentBlendOp": "None",
		"doubleSided": true,
		"invertBackFaceNormals": true,
		"dynamicCubemap": true,
		"activeLayers": 1,
		"materialTag0": "beamng",
		"order_simset": 0,
		"version": 1.5
	},
	"material_49_fixturegrille_010_36685": {
		"name": "material_49_fixturegrille_010_36685",
		"class": "Material",
		"mapTo": "material_49_fixturegrille_010_36685",
		"Stages": [
			{
				"normalMap": "camso_t_grille01_n.dds",
				"normalMapStrength": 0.333,
				"diffuseMap": "camso_t_grille01_h_stepped.dds",
				"roughnessMap": "camso_t_grille01_h_stepped_inverse.dds",
				"metallicMap": "camso_t_grille01_h_stepped.dds",
				"opacityMap": "camso_t_grille01_h_stepped_lerped.dds",
				"diffuseColor": [ 0.431373, 0.431373, 0.431373, 1 ],
				"roughnessFactor": 0.2,
				"metallicFactor": 1,
				"useAnisotropic": true
			},
			{
			},
			{
			},
			{
			}
		],
		"alphaRef": 84,
		"alphaTest": true,
		"translucent": false,
		"translucentBlendOp": "None",
		"doubleSided": true,
		"invertBackFaceNormals": true,
		"dynamicCubemap": true,
		"activeLayers": 1,
		"materialTag0": "beamng",
		"order_simset": 0,
		"version": 1.5
	},
	"material_50_fixturereflector_009_36685": {
		"name": "material_50_fixturereflector_009_36685",
		"class": "Material",
		"mapTo": "material_50_fixturereflector_009_36685",
		"Stages": [
			{
				"normalMap": "camso_col_0xff8080ff.dds",
				"normalMapStrength": 1,
				"diffuseColor": [ 0.984314, 0.47451, 0, 1 ],
				"roughnessFactor": 0,
				"metallicFactor": 0
			},
			{
			},
			{
			},
			{
			}
		],
		"alphaRef": 84,
		"alphaTest": true,
		"translucent": false,
		"translucentBlendOp": "None",
		"doubleSided": true,
		"invertBackFaceNormals": true,
		"dynamicCubemap": true,
		"activeLayers": 1,
		"materialTag0": "beamng",
		"order_simset": 0,
		"version": 1.5
	},
	"material_50_fixturereflector_009_36685_off": {
		"name": "material_50_fixturereflector_009_36685_off",
		"class": "Material",
		"mapTo": "material_50_fixturereflector_009_36685_off",
		"Stages": [
			{
				"normalMap": "camso_col_0xff8080ff.dds",
				"normalMapStrength": 1,
				"diffuseColor": [ 0.984314, 0.47451, 0, 1 ],
				"roughnessFactor": 0,
				"metallicFactor": 0
			},
			{
			},
			{
			},
			{
			}
		],
		"alphaRef": 84,
		"alphaTest": true,
		"translucent": false,
		"translucentBlendOp": "None",
		"doubleSided": true,
		"invertBackFaceNormals": true,
		"dynamicCubemap": true,
		"activeLayers": 1,
		"materialTag0": "beamng",
		"order_simset": 0,
		"version": 1.5
	},
	"material_50_fixturereflector_009_36685_on": {
		"name": "material_50_fixturereflector_009_36685_on",
		"class": "Material",
		"mapTo": "material_50_fixturereflector_009_36685_on",
		"Stages": [
			{
				"normalMap": "camso_col_0xff8080ff.dds",
				"normalMapStrength": 1,
				"diffuseColor": [ 0.984314, 0.47451, 0, 1 ],
				"roughnessFactor": 0,
				"metallicFactor": 0,
				"emissiveFactor": [ 0.989522, 0.881355, 0.837287 ],
				"glow": true
			},
			{
			},
			{
			},
			{
			}
		],
		"alphaRef": 84,
		"alphaTest": true,
		"translucent": false,
		"translucentBlendOp": "None",
		"doubleSided": true,
		"invertBackFaceNormals": true,
		"dynamicCubemap": true,
		"activeLayers": 1,
		"materialTag0": "beamng",
		"order_simset": 0,
		"version": 1.5
	},
	"material_50_fixturereflector_009_36685_onIntense": {
		"name": "material_50_fixturereflector_009_36685_onIntense",
		"class": "Material",
		"mapTo": "material_50_fixturereflector_009_36685_onIntense",
		"Stages": [
			{
				"normalMap": "camso_col_0xff8080ff.dds",
				"normalMapStrength": 1,
				"diffuseColor": [ 0.984314, 0.47451, 0, 1 ],
				"roughnessFactor": 0,
				"metallicFactor": 0,
				"emissiveFactor": [ 1, 0.890688, 0.846154 ],
				"glow": true
			},
			{
			},
			{
			},
			{
			}
		],
		"alphaRef": 84,
		"alphaTest": true,
		"translucent": false,
		"translucentBlendOp": "None",
		"doubleSided": true,
		"invertBackFaceNormals": true,
		"dynamicCubemap": true,
		"activeLayers": 1,
		"materialTag0": "beamng",
		"order_simset": 0,
		"version": 1.5
	},
	"material_51_fixturegrille_010_36685": {
		"name": "material_51_fixturegrille_010_36685",
		"class": "Material",
		"mapTo": "material_51_fixturegrille_010_36685",
		"Stages": [
			{
				"normalMap": "camso_t_grille01_n.dds",
				"normalMapStrength": 0.333,
				"diffuseMap": "camso_t_grille01_h_stepped.dds",
				"roughnessMap": "camso_t_grille01_h_stepped_inverse.dds",
				"metallicMap": "camso_t_grille01_h_stepped.dds",
				"opacityMap": "36685_stamp1.dds",
				"opacityMapUseUV": 1,
				"diffuseColor": [ 0.431373, 0.431373, 0.431373, 1 ],
				"roughnessFactor": 0.2,
				"metallicFactor": 1,
				"useAnisotropic": true
			},
			{
			},
			{
			},
			{
			}
		],
		"alphaRef": 84,
		"alphaTest": true,
		"translucent": false,
		"translucentBlendOp": "None",
		"doubleSided": true,
		"invertBackFaceNormals": true,
		"dynamicCubemap": true,
		"activeLayers": 1,
		"materialTag0": "beamng",
		"order_simset": 0,
		"version": 1.5
	},
	"material_52_mi_plastic_matte_36685": {
		"name": "material_52_mi_plastic_matte_36685",
		"class": "Material",
		"mapTo": "material_52_mi_plastic_matte_36685",
		"Stages": [
			{
				"normalMap": "camso_col_0xff8080ff.dds",
				"normalMapStrength": 1,
				"opacityMap": "36685_stamp1.dds",
				"opacityMapUseUV": 1,
				"diffuseColor": [ 0.172549, 0.172549, 0.172549, 1 ],
				"roughnessFactor": 0.4,
				"metallicFactor": 0,
				"useAnisotropic": true
			},
			{
			},
			{
			},
			{
			}
		],
		"alphaRef": 84,
		"alphaTest": true,
		"translucent": false,
		"translucentBlendOp": "None",
		"doubleSided": true,
		"invertBackFaceNormals": true,
		"dynamicCubemap": true,
		"activeLayers": 1,
		"materialTag0": "beamng",
		"order_simset": 0,
		"version": 1.5
	},
	"material_53_fixturemat_blackplastic_001_36685": {
		"name": "material_53_fixturemat_blackplastic_001_36685",
		"class": "Material",
		"mapTo": "material_53_fixturemat_blackplastic_001_36685",
		"Stages": [
			{
				"normalMap": "camso_col_0xff8080ff.dds",
				"normalMapStrength": 1,
				"opacityMap": "36685_stamp1.dds",
				"opacityMapUseUV": 1,
				"diffuseColor": [ 0.0509804, 0.0509804, 0.0509804, 1 ],
				"roughnessFactor": 0.4,
				"metallicFactor": 0,
				"useAnisotropic": true
			},
			{
			},
			{
			},
			{
			}
		],
		"alphaRef": 84,
		"alphaTest": true,
		"translucent": false,
		"translucentBlendOp": "None",
		"doubleSided": true,
		"invertBackFaceNormals": true,
		"dynamicCubemap": true,
		"activeLayers": 1,
		"materialTag0": "beamng",
		"order_simset": 0,
		"version": 1.5
	},
	"material_54_black_36685": {
		"name": "material_54_black_36685",
		"class": "Material",
		"mapTo": "material_54_black_36685",
		"Stages": [
			{
				"normalMap": "camso_col_0xff8080ff.dds",
				"normalMapStrength": 1,
				"opacityMap": "36685_stamp1.dds",
				"opacityMapUseUV": 1,
				"diffuseColor": [ 0.0980392, 0.0980392, 0.0980392, 0 ],
				"roughnessFactor": 0,
				"metallicFactor": 0,
				"useAnisotropic": true
			},
			{
			},
			{
			},
			{
			}
		],
		"alphaRef": 84,
		"alphaTest": true,
		"translucent": false,
		"translucentBlendOp": "None",
		"doubleSided": true,
		"invertBackFaceNormals": true,
		"dynamicCubemap": true,
		"activeLayers": 1,
		"materialTag0": "beamng",
		"order_simset": 0,
		"version": 1.5
	},
	"material_55_fixtureopaque_chrome_001_36685": {
		"name": "material_55_fixtureopaque_chrome_001_36685",
		"class": "Material",
		"mapTo": "material_55_fixtureopaque_chrome_001_36685",
		"Stages": [
			{
				"normalMap": "camso_col_0xff8080ff.dds",
				"normalMapStrength": 0,
				"diffuseMap": "camso_t_wheelhub_r_lerpg_0xFF7C6C61_0xFFFFF9F4.dds",
				"roughnessMap": "camso_t_roughness_8k_rmmodbdp_rbgmaskg.dds",
				"opacityMap": "36685_stamp1.dds",
				"opacityMapUseUV": 1,
				"diffuseColor": [ 1, 1, 1, 1 ],
				"roughnessFactor": 0,
				"metallicFactor": 1,
				"useAnisotropic": true
			},
			{
			},
			{
			},
			{
			}
		],
		"alphaRef": 84,
		"alphaTest": true,
		"translucent": false,
		"translucentBlendOp": "None",
		"doubleSided": true,
		"invertBackFaceNormals": true,
		"dynamicCubemap": true,
		"activeLayers": 1,
		"materialTag0": "beamng",
		"order_simset": 0,
		"version": 1.5
	},
	"material_56_chromefixture_36685": {
		"name": "material_56_chromefixture_36685",
		"class": "Material",
		"mapTo": "material_56_chromefixture_36685",
		"Stages": [
			{
				"normalMap": "camso_col_0xff8080ff.dds",
				"normalMapStrength": 1,
				"diffuseColor": [ 1, 1, 1, 1 ],
				"roughnessFactor": 0,
				"metallicFactor": 0
			},
			{
			},
			{
			},
			{
			}
		],
		"alphaRef": 84,
		"alphaTest": true,
		"translucent": false,
		"translucentBlendOp": "None",
		"doubleSided": true,
		"invertBackFaceNormals": true,
		"dynamicCubemap": true,
		"activeLayers": 1,
		"materialTag0": "beamng",
		"order_simset": 0,
		"version": 1.5
	},
	"material_57_m_blackplastic_36685": {
		"name": "material_57_m_blackplastic_36685",
		"class": "Material",
		"mapTo": "material_57_m_blackplastic_36685",
		"Stages": [
			{
				"normalMap": "camso_col_0xff8080ff.dds",
				"normalMapStrength": 1,
				"diffuseColor": [ 0.0627451, 0.0627451, 0.0627451, 1 ],
				"roughnessFactor": 0.281651,
				"metallicFactor": 0
			},
			{
			},
			{
			},
			{
			}
		],
		"alphaRef": 84,
		"alphaTest": true,
		"translucent": false,
		"translucentBlendOp": "None",
		"doubleSided": true,
		"invertBackFaceNormals": true,
		"dynamicCubemap": true,
		"activeLayers": 1,
		"materialTag0": "beamng",
		"order_simset": 0,
		"version": 1.5
	},
	"material_58_worldgridmaterial_36685": {
		"name": "material_58_worldgridmaterial_36685",
		"class": "Material",
		"mapTo": "material_58_worldgridmaterial_36685",
		"Stages": [
			{
				"normalMap": "camso_t_default_material_grid_n.dds",
				"normalMapStrength": 1,
				"clearCoatFactor": 1,
				"clearCoatRoughnessFactor": 0,
				"diffuseColor": [ 1, 1, 1, 1 ],
				"roughnessFactor": 0,
				"metallicFactor": 0,
				"useAnisotropic": true
			},
			{
			},
			{
			},
			{
			}
		],
		"alphaRef": 255,
		"alphaTest": true,
		"translucent": false,
		"translucentBlendOp": "None",
		"doubleSided": true,
		"invertBackFaceNormals": true,
		"dynamicCubemap": true,
		"activeLayers": 1,
		"materialTag0": "beamng",
		"order_simset": 0,
		"version": 1.5
	},
	"material_59_m_carpaint_36685": {
		"name": "material_59_m_carpaint_36685",
		"class": "Material",
		"mapTo": "material_59_m_carpaint_36685",
		"Stages": [
			{
				"normalMap": "camso_col_0xff8080ff.dds",
				"normalMapStrength": 1,
				"clearCoatFactor": 1,
				"clearCoatRoughnessFactor": 0,
				"diffuseColor": [ 0.298039, 0, 0.572549, 1 ],
				"roughnessFactor": 0.35,
				"metallicFactor": 1
			},
			{
			},
			{
			},
			{
			}
		],
		"alphaRef": 255,
		"alphaTest": true,
		"translucent": false,
		"translucentBlendOp": "None",
		"doubleSided": true,
		"invertBackFaceNormals": true,
		"dynamicCubemap": true,
		"activeLayers": 1,
		"materialTag0": "beamng",
		"order_simset": 0,
		"version": 1.5
	},
	"material_60_m_machinedmetal_36685": {
		"name": "material_60_m_machinedmetal_36685",
		"class": "Material",
		"mapTo": "material_60_m_machinedmetal_36685",
		"Stages": [
			{
				"normalMap": "camso_col_0xff8080ff.dds",
				"normalMapStrength": 1,
				"diffuseColor": [ 0.654902, 0.654902, 0.654902, 1 ],
				"roughnessFactor": 0.2,
				"metallicFactor": 1
			},
			{
			},
			{
			},
			{
			}
		],
		"alphaRef": 84,
		"alphaTest": true,
		"translucent": false,
		"translucentBlendOp": "None",
		"doubleSided": true,
		"invertBackFaceNormals": true,
		"dynamicCubemap": true,
		"activeLayers": 1,
		"materialTag0": "beamng",
		"order_simset": 0,
		"version": 1.5
	},
	"material_61_m_castalloy_inst_36685": {
		"name": "material_61_m_castalloy_inst_36685",
		"class": "Material",
		"mapTo": "material_61_m_castalloy_inst_36685",
		"Stages": [
			{
				"normalMap": "camso_col_0xff8080ff.dds",
				"normalMapStrength": 1,
				"diffuseColor": [ 0.866667, 0.878431, 0.905882, 1 ],
				"roughnessFactor": 0.9,
				"metallicFactor": 1
			},
			{
			},
			{
			},
			{
			}
		],
		"alphaRef": 84,
		"alphaTest": true,
		"translucent": false,
		"translucentBlendOp": "None",
		"doubleSided": true,
		"invertBackFaceNormals": true,
		"dynamicCubemap": true,
		"activeLayers": 1,
		"materialTag0": "beamng",
		"order_simset": 0,
		"version": 1.5
	},
	"material_62_m_blackrubber_36685": {
		"name": "material_62_m_blackrubber_36685",
		"class": "Material",
		"mapTo": "material_62_m_blackrubber_36685",
		"Stages": [
			{
				"normalMap": "camso_col_0xff8080ff.dds",
				"normalMapStrength": 1,
				"diffuseColor": [ 0.0470588, 0.0470588, 0.0470588, 0 ],
				"roughnessFactor": 0,
				"metallicFactor": 0
			},
			{
			},
			{
			},
			{
			}
		],
		"alphaRef": 84,
		"alphaTest": true,
		"translucent": false,
		"translucentBlendOp": "None",
		"doubleSided": true,
		"invertBackFaceNormals": true,
		"dynamicCubemap": true,
		"activeLayers": 1,
		"materialTag0": "beamng",
		"order_simset": 0,
		"version": 1.5
	},
	"material_63_m_forgedsteel_36685": {
		"name": "material_63_m_forgedsteel_36685",
		"class": "Material",
		"mapTo": "material_63_m_forgedsteel_36685",
		"Stages": [
			{
				"normalMap": "camso_col_0xff8080ff.dds",
				"normalMapStrength": 1,
				"diffuseColor": [ 0.6, 0.6, 0.6, 1 ],
				"roughnessFactor": 0.3,
				"metallicFactor": 1
			},
			{
			},
			{
			},
			{
			}
		],
		"alphaRef": 84,
		"alphaTest": true,
		"translucent": false,
		"translucentBlendOp": "None",
		"doubleSided": true,
		"invertBackFaceNormals": true,
		"dynamicCubemap": true,
		"activeLayers": 1,
		"materialTag0": "beamng",
		"order_simset": 0,
		"version": 1.5
	},
	"material_64_mp_plastic_36685": {
		"name": "material_64_mp_plastic_36685",
		"class": "Material",
		"mapTo": "material_64_mp_plastic_36685",
		"Stages": [
			{
				"normalMap": "camso_col_0xff8080ff.dds",
				"normalMapStrength": 1,
				"diffuseColor": [ 0.0509804, 0.0509804, 0.0509804, 1 ],
				"roughnessFactor": 0.4,
				"metallicFactor": 0
			},
			{
			},
			{
			},
			{
			}
		],
		"alphaRef": 84,
		"alphaTest": true,
		"translucent": false,
		"translucentBlendOp": "None",
		"doubleSided": true,
		"invertBackFaceNormals": true,
		"dynamicCubemap": true,
		"activeLayers": 1,
		"materialTag0": "beamng",
		"order_simset": 0,
		"version": 1.5
	},
	"material_65_chassis_steel_36685": {
		"name": "material_65_chassis_steel_36685",
		"class": "Material",
		"mapTo": "material_65_chassis_steel_36685",
		"Stages": [
			{
				"normalMap": "camso_col_0xff8080ff.dds",
				"normalMapStrength": 1,
				"diffuseColor": [ 0.560784, 0.560784, 0.560784, 1 ],
				"roughnessFactor": 0.2,
				"metallicFactor": 1
			},
			{
			},
			{
			},
			{
			}
		],
		"alphaRef": 84,
		"alphaTest": true,
		"translucent": false,
		"translucentBlendOp": "None",
		"doubleSided": true,
		"invertBackFaceNormals": true,
		"dynamicCubemap": true,
		"activeLayers": 1,
		"materialTag0": "beamng",
		"order_simset": 0,
		"version": 1.5
	},
	"material_66_m_metal_inst_36685": {
		"name": "material_66_m_metal_inst_36685",
		"class": "Material",
		"mapTo": "material_66_m_metal_inst_36685",
		"Stages": [
			{
				"normalMap": "camso_col_0xff8080ff.dds",
				"normalMapStrength": 1,
				"diffuseColor": [ 0.741176, 0.741176, 0.741176, 1 ],
				"roughnessFactor": 0.279817,
				"metallicFactor": 1
			},
			{
			},
			{
			},
			{
			}
		],
		"alphaRef": 84,
		"alphaTest": true,
		"translucent": false,
		"translucentBlendOp": "None",
		"doubleSided": true,
		"invertBackFaceNormals": true,
		"dynamicCubemap": true,
		"activeLayers": 1,
		"materialTag0": "beamng",
		"order_simset": 0,
		"version": 1.5
	},
	"material_67_m_blackrubber_36685": {
		"name": "material_67_m_blackrubber_36685",
		"class": "Material",
		"mapTo": "material_67_m_blackrubber_36685",
		"Stages": [
			{
				"normalMap": "camso_col_0xff8080ff.dds",
				"normalMapStrength": 1,
				"diffuseColor": [ 0.0470588, 0.0470588, 0.0470588, 0 ],
				"roughnessFactor": 0,
				"metallicFactor": 0
			},
			{
			},
			{
			},
			{
			}
		],
		"alphaRef": 84,
		"alphaTest": true,
		"translucent": false,
		"translucentBlendOp": "None",
		"doubleSided": true,
		"invertBackFaceNormals": true,
		"dynamicCubemap": true,
		"activeLayers": 1,
		"materialTag0": "beamng",
		"order_simset": 0,
		"version": 1.5
	},
	"material_68_m_chrome_36685": {
		"name": "material_68_m_chrome_36685",
		"class": "Material",
		"mapTo": "material_68_m_chrome_36685",
		"Stages": [
			{
				"normalMap": "camso_col_0xff8080ff.dds",
				"normalMapStrength": 1,
				"diffuseColor": [ 0.913725, 0.984314, 1, 1 ],
				"roughnessFactor": 0.19,
				"metallicFactor": 0
			},
			{
			},
			{
			},
			{
			}
		],
		"alphaRef": 84,
		"alphaTest": true,
		"translucent": false,
		"translucentBlendOp": "None",
		"doubleSided": true,
		"invertBackFaceNormals": true,
		"dynamicCubemap": true,
		"activeLayers": 1,
		"materialTag0": "beamng",
		"order_simset": 0,
		"version": 1.5
	},
	"material_69_m_castalloy_inst_36685": {
		"name": "material_69_m_castalloy_inst_36685",
		"class": "Material",
		"mapTo": "material_69_m_castalloy_inst_36685",
		"Stages": [
			{
				"normalMap": "camso_col_0xff8080ff.dds",
				"normalMapStrength": 1,
				"diffuseColor": [ 0.866667, 0.878431, 0.905882, 1 ],
				"roughnessFactor": 0.9,
				"metallicFactor": 1
			},
			{
			},
			{
			},
			{
			}
		],
		"alphaRef": 84,
		"alphaTest": true,
		"translucent": false,
		"translucentBlendOp": "None",
		"doubleSided": true,
		"invertBackFaceNormals": true,
		"dynamicCubemap": true,
		"activeLayers": 1,
		"materialTag0": "beamng",
		"order_simset": 0,
		"version": 1.5
	},
	"material_70_m_carpaint_36685": {
		"name": "material_70_m_carpaint_36685",
		"class": "Material",
		"mapTo": "material_70_m_carpaint_36685",
		"Stages": [
			{
				"normalMap": "camso_col_0xff8080ff.dds",
				"normalMapStrength": 1,
				"clearCoatFactor": 1,
				"clearCoatRoughnessFactor": 0,
				"diffuseColor": [ 0.298039, 0, 0.572549, 1 ],
				"roughnessFactor": 0.35,
				"metallicFactor": 1
			},
			{
			},
			{
			},
			{
			}
		],
		"alphaRef": 255,
		"alphaTest": true,
		"translucent": false,
		"translucentBlendOp": "None",
		"doubleSided": true,
		"invertBackFaceNormals": true,
		"dynamicCubemap": true,
		"activeLayers": 1,
		"materialTag0": "beamng",
		"order_simset": 0,
		"version": 1.5
	},
	"material_71_mi_pulley_and_alternator_lod2_36685": {
		"name": "material_71_mi_pulley_and_alternator_lod2_36685",
		"class": "Material",
		"mapTo": "material_71_mi_pulley_and_alternator_lod2_36685",
		"Stages": [
			{
				"normalMap": "camso_full_alt_baker_low_bake1_pbr_stoa_normal.dds",
				"normalMapStrength": 1,
				"diffuseMap": "camso_full_alt_baker_low_bake1_pbr_stoa_diffuse.dds",
				"diffuseColor": [ 1, 1, 1, 1 ],
				"roughnessFactor": 0,
				"metallicFactor": 1,
				"useAnisotropic": true
			},
			{
			},
			{
			},
			{
			}
		],
		"alphaRef": 84,
		"alphaTest": true,
		"translucent": false,
		"translucentBlendOp": "None",
		"doubleSided": true,
		"invertBackFaceNormals": true,
		"dynamicCubemap": true,
		"activeLayers": 1,
		"materialTag0": "beamng",
		"order_simset": 0,
		"version": 1.5
	},
	"material_72_mi_alternator_brackets_36685": {
		"name": "material_72_mi_alternator_brackets_36685",
		"class": "Material",
		"mapTo": "material_72_mi_alternator_brackets_36685",
		"Stages": [
			{
				"normalMap": "camso_brackets_low_m_alternator_normal.dds",
				"normalMapStrength": 1,
				"diffuseMap": "camso_brackets_low_m_alternator_brackets_basecolor.dds",
				"diffuseColor": [ 1, 1, 1, 1 ],
				"roughnessFactor": 0,
				"metallicFactor": 1,
				"useAnisotropic": true
			},
			{
			},
			{
			},
			{
			}
		],
		"alphaRef": 84,
		"alphaTest": true,
		"translucent": false,
		"translucentBlendOp": "None",
		"doubleSided": true,
		"invertBackFaceNormals": true,
		"dynamicCubemap": true,
		"activeLayers": 1,
		"materialTag0": "beamng",
		"order_simset": 0,
		"version": 1.5
	},
	"material_73_m_exhaust_36685": {
		"name": "material_73_m_exhaust_36685",
		"class": "Material",
		"mapTo": "material_73_m_exhaust_36685",
		"Stages": [
			{
				"normalMap": "camso_col_0xff8080ff.dds",
				"normalMapStrength": 1,
				"diffuseColor": [ 0.713725, 0.713725, 0.713725, 0 ],
				"roughnessFactor": 0.29238,
				"metallicFactor": 1
			},
			{
			},
			{
			},
			{
			}
		],
		"alphaRef": 84,
		"alphaTest": true,
		"translucent": false,
		"translucentBlendOp": "None",
		"doubleSided": true,
		"invertBackFaceNormals": true,
		"dynamicCubemap": true,
		"activeLayers": 1,
		"materialTag0": "beamng",
		"order_simset": 0,
		"version": 1.5
	},
	"material_74_mi_roughplasticspline_36685": {
		"name": "material_74_mi_roughplasticspline_36685",
		"class": "Material",
		"mapTo": "material_74_mi_roughplasticspline_36685",
		"Stages": [
			{
				"normalMap": "camso_col_0xff8080ff.dds",
				"normalMapStrength": 1,
				"diffuseColor": [ 0.0509804, 0.0509804, 0.0509804, 1 ],
				"roughnessFactor": 0.4,
				"metallicFactor": 0
			},
			{
			},
			{
			},
			{
			}
		],
		"alphaRef": 84,
		"alphaTest": true,
		"translucent": false,
		"translucentBlendOp": "None",
		"doubleSided": true,
		"invertBackFaceNormals": true,
		"dynamicCubemap": true,
		"activeLayers": 1,
		"materialTag0": "beamng",
		"order_simset": 0,
		"version": 1.5
	},
	"material_75_mi_castironglowable_turbo_36685": {
		"name": "material_75_mi_castironglowable_turbo_36685",
		"class": "Material",
		"mapTo": "material_75_mi_castironglowable_turbo_36685",
		"Stages": [
			{
				"normalMap": "camso_col_0xff8080ff.dds",
				"normalMapStrength": 1,
				"diffuseMap": "camso_sandcastmap_lerpg_0xFF766E6F_0xFF312E27.dds",
				"diffuseColor": [ 1, 1, 1, 1 ],
				"roughnessFactor": 0.9,
				"metallicFactor": 0.2,
				"useAnisotropic": true
			},
			{
			},
			{
			},
			{
			}
		],
		"alphaRef": 84,
		"alphaTest": true,
		"translucent": false,
		"translucentBlendOp": "None",
		"doubleSided": true,
		"invertBackFaceNormals": true,
		"dynamicCubemap": true,
		"activeLayers": 1,
		"materialTag0": "beamng",
		"order_simset": 0,
		"version": 1.5
	},
	"material_76_m_forgedsteel_36685": {
		"name": "material_76_m_forgedsteel_36685",
		"class": "Material",
		"mapTo": "material_76_m_forgedsteel_36685",
		"Stages": [
			{
				"normalMap": "camso_col_0xff8080ff.dds",
				"normalMapStrength": 1,
				"diffuseColor": [ 0.6, 0.6, 0.6, 1 ],
				"roughnessFactor": 0.3,
				"metallicFactor": 1
			},
			{
			},
			{
			},
			{
			}
		],
		"alphaRef": 84,
		"alphaTest": true,
		"translucent": false,
		"translucentBlendOp": "None",
		"doubleSided": true,
		"invertBackFaceNormals": true,
		"dynamicCubemap": true,
		"activeLayers": 1,
		"materialTag0": "beamng",
		"order_simset": 0,
		"version": 1.5
	},
	"material_77_m_oilring_36685": {
		"name": "material_77_m_oilring_36685",
		"class": "Material",
		"mapTo": "material_77_m_oilring_36685",
		"Stages": [
			{
				"normalMap": "camso_col_0xff8080ff.dds",
				"normalMapStrength": 1,
				"diffuseMap": "camso_oilring.dds",
				"metallicMap": "camso_oilring_rbgmaskb.dds",
				"diffuseColor": [ 0.717647, 0.717647, 0.717647, 1 ],
				"roughnessFactor": 0,
				"metallicFactor": 0,
				"useAnisotropic": true
			},
			{
			},
			{
			},
			{
			}
		],
		"alphaRef": 84,
		"alphaTest": true,
		"translucent": false,
		"translucentBlendOp": "None",
		"doubleSided": true,
		"invertBackFaceNormals": true,
		"dynamicCubemap": true,
		"activeLayers": 1,
		"materialTag0": "beamng",
		"order_simset": 0,
		"version": 1.5
	},
	"material_78_mp_plastic_36685": {
		"name": "material_78_mp_plastic_36685",
		"class": "Material",
		"mapTo": "material_78_mp_plastic_36685",
		"Stages": [
			{
				"normalMap": "camso_col_0xff8080ff.dds",
				"normalMapStrength": 1,
				"diffuseColor": [ 0.0509804, 0.0509804, 0.0509804, 1 ],
				"roughnessFactor": 0.4,
				"metallicFactor": 0
			},
			{
			},
			{
			},
			{
			}
		],
		"alphaRef": 84,
		"alphaTest": true,
		"translucent": false,
		"translucentBlendOp": "None",
		"doubleSided": true,
		"invertBackFaceNormals": true,
		"dynamicCubemap": true,
		"activeLayers": 1,
		"materialTag0": "beamng",
		"order_simset": 0,
		"version": 1.5
	},
	"material_79_m_blackhole_36685": {
		"name": "material_79_m_blackhole_36685",
		"class": "Material",
		"mapTo": "material_79_m_blackhole_36685",
		"Stages": [
			{
				"normalMap": "camso_col_0xff8080ff.dds",
				"normalMapStrength": 1,
				"diffuseColor": [ 0, 0, 0, 0 ],
				"roughnessFactor": 0,
				"metallicFactor": 0
			},
			{
			},
			{
			},
			{
			}
		],
		"alphaRef": 84,
		"alphaTest": true,
		"translucent": false,
		"translucentBlendOp": "None",
		"doubleSided": true,
		"invertBackFaceNormals": true,
		"dynamicCubemap": true,
		"activeLayers": 1,
		"materialTag0": "beamng",
		"order_simset": 0,
		"version": 1.5
	},
	"material_80_mi_machinedmetal_morphable_36685": {
		"name": "material_80_mi_machinedmetal_morphable_36685",
		"class": "Material",
		"mapTo": "material_80_mi_machinedmetal_morphable_36685",
		"Stages": [
			{
				"normalMap": "camso_t_normal_8k_slnobhpc.dds",
				"normalMapStrength": 0.199048,
				"diffuseMap": "camso_t_default_macrovariation_lerpg_0xFFCECEDB_0xFFD0C9CE.dds",
				"diffuseColor": [ 1, 1, 1, 1 ],
				"roughnessFactor": 0.247166,
				"metallicFactor": 1,
				"useAnisotropic": true
			},
			{
			},
			{
			},
			{
			}
		],
		"alphaRef": 84,
		"alphaTest": true,
		"translucent": false,
		"translucentBlendOp": "None",
		"doubleSided": true,
		"invertBackFaceNormals": true,
		"dynamicCubemap": true,
		"activeLayers": 1,
		"materialTag0": "beamng",
		"order_simset": 0,
		"version": 1.5
	},
	"material_81_m_exhaust_01_36685": {
		"name": "material_81_m_exhaust_01_36685",
		"class": "Material",
		"mapTo": "material_81_m_exhaust_01_36685",
		"Stages": [
			{
				"normalMap": "camso_col_0xff8080ff.dds",
				"normalMapStrength": 1,
				"diffuseColor": [ 1, 1, 1, 1 ],
				"roughnessFactor": 0,
				"metallicFactor": 1
			},
			{
			},
			{
			},
			{
			}
		],
		"alphaRef": 84,
		"alphaTest": true,
		"translucent": false,
		"translucentBlendOp": "None",
		"doubleSided": true,
		"invertBackFaceNormals": true,
		"dynamicCubemap": true,
		"activeLayers": 1,
		"materialTag0": "beamng",
		"order_simset": 0,
		"version": 1.5
	},
	"material_82_m_metalrough_36685": {
		"name": "material_82_m_metalrough_36685",
		"class": "Material",
		"mapTo": "material_82_m_metalrough_36685",
		"Stages": [
			{
				"normalMap": "camso_col_0xff8080ff.dds",
				"normalMapStrength": 1,
				"diffuseColor": [ 0.8, 0.831373, 0.843137, 1 ],
				"roughnessFactor": 0.261468,
				"metallicFactor": 1
			},
			{
			},
			{
			},
			{
			}
		],
		"alphaRef": 84,
		"alphaTest": true,
		"translucent": false,
		"translucentBlendOp": "None",
		"doubleSided": true,
		"invertBackFaceNormals": true,
		"dynamicCubemap": true,
		"activeLayers": 1,
		"materialTag0": "beamng",
		"order_simset": 0,
		"version": 1.5
	},
	"material_83_mi_engineoilfilter_36685": {
		"name": "material_83_mi_engineoilfilter_36685",
		"class": "Material",
		"mapTo": "material_83_mi_engineoilfilter_36685",
		"Stages": [
			{
				"normalMap": "camso_col_0xff8080ff.dds",
				"normalMapStrength": 1,
				"diffuseColor": [ 0.309804, 0.364706, 0.419608, 1 ],
				"roughnessFactor": 0.237143,
				"metallicFactor": 0.5
			},
			{
			},
			{
			},
			{
			}
		],
		"alphaRef": 84,
		"alphaTest": true,
		"translucent": false,
		"translucentBlendOp": "None",
		"doubleSided": true,
		"invertBackFaceNormals": true,
		"dynamicCubemap": true,
		"activeLayers": 1,
		"materialTag0": "beamng",
		"order_simset": 0,
		"version": 1.5
	},
	"material_84_blackhole_36685": {
		"name": "material_84_blackhole_36685",
		"class": "Material",
		"mapTo": "material_84_blackhole_36685",
		"Stages": [
			{
				"normalMap": "camso_col_0xff8080ff.dds",
				"normalMapStrength": 1,
				"diffuseColor": [ 0, 0, 0, 0 ],
				"roughnessFactor": 1,
				"metallicFactor": 0
			},
			{
			},
			{
			},
			{
			}
		],
		"alphaRef": 84,
		"alphaTest": true,
		"translucent": false,
		"translucentBlendOp": "None",
		"doubleSided": true,
		"invertBackFaceNormals": true,
		"activeLayers": 1,
		"materialTag0": "beamng",
		"order_simset": 0,
		"version": 1.5
	},
	"material_85_fixtureopaque_chrome_001_36685": {
		"name": "material_85_fixtureopaque_chrome_001_36685",
		"class": "Material",
		"mapTo": "material_85_fixtureopaque_chrome_001_36685",
		"Stages": [
			{
				"normalMap": "camso_col_0xff8080ff.dds",
				"normalMapStrength": 0,
				"diffuseMap": "camso_t_wheelhub_r_lerpg_0xFF7C6C61_0xFFFFF9F4.dds",
				"roughnessMap": "camso_t_roughness_8k_rmmodbdp_rbgmaskg.dds",
				"diffuseColor": [ 1, 1, 1, 1 ],
				"roughnessFactor": 0,
				"metallicFactor": 1,
				"useAnisotropic": true
			},
			{
			},
			{
			},
			{
			}
		],
		"alphaRef": 84,
		"alphaTest": true,
		"translucent": false,
		"translucentBlendOp": "None",
		"doubleSided": true,
		"invertBackFaceNormals": true,
		"dynamicCubemap": true,
		"activeLayers": 1,
		"materialTag0": "beamng",
		"order_simset": 0,
		"version": 1.5
	},
	"material_86_master_exhaustparalax_36685": {
		"name": "material_86_master_exhaustparalax_36685",
		"class": "Material",
		"mapTo": "material_86_master_exhaustparalax_36685",
		"Stages": [
			{
				"normalMap": "camso_col_0xff8080ff.dds",
				"normalMapStrength": 1,
				"diffuseColor": [ 0, 0, 0, 1 ],
				"roughnessFactor": 0,
				"metallicFactor": 0
			},
			{
			},
			{
			},
			{
			}
		],
		"alphaRef": 84,
		"alphaTest": true,
		"translucent": false,
		"translucentBlendOp": "None",
		"doubleSided": true,
		"invertBackFaceNormals": true,
		"dynamicCubemap": true,
		"activeLayers": 1,
		"materialTag0": "beamng",
		"order_simset": 0,
		"version": 1.5
	}
}
