{
	"material_0_m_carpaint_aa84f": {
		"name": "material_0_m_carpaint_aa84f",
		"class": "Material",
		"mapTo": "material_0_m_carpaint_aa84f",
		"Stages": [
			{
				"normalMap": "camso_col_0xff8080ff.dds",
				"normalMapStrength": 1,
				"clearCoatFactor": 1,
				"clearCoatRoughnessFactor": 1,
				"opacityMap": "aa84f_stamp0.dds",
				"opacityMapUseUV": 1,
				"instanceDiffuse": true,
				"colorPaletteMap": "camso_col_0xffff0000.dds",
				"roughnessFactor": 1,
				"metallicFactor": 1,
				"diffuseColor": [ 1, 1, 1, 1 ],
				"useAnisotropic": true
			},
			{
			},
			{
			},
			{
			}
		],
		"alphaRef": 255,
		"alphaTest": true,
		"translucent": false,
		"translucentBlendOp": "None",
		"doubleSided": true,
		"invertBackFaceNormals": true,
		"dynamicCubemap": true,
		"activeLayers": 1,
		"materialTag0": "beamng",
		"order_simset": 0,
		"version": 1.5
	},
	"material_1_mp_plastic_inst_aa84f": {
		"name": "material_1_mp_plastic_inst_aa84f",
		"class": "Material",
		"mapTo": "material_1_mp_plastic_inst_aa84f",
		"Stages": [
			{
				"normalMap": "camso_col_0xff8080ff.dds",
				"normalMapStrength": 1,
				"opacityMap": "aa84f_stamp0.dds",
				"opacityMapUseUV": 1,
				"diffuseColor": [ 0.0509804, 0.0509804, 0.0509804, 1 ],
				"roughnessFactor": 0.4,
				"metallicFactor": 0,
				"useAnisotropic": true
			},
			{
			},
			{
			},
			{
			}
		],
		"alphaRef": 84,
		"alphaTest": true,
		"translucent": false,
		"translucentBlendOp": "None",
		"doubleSided": true,
		"invertBackFaceNormals": true,
		"dynamicCubemap": true,
		"activeLayers": 1,
		"materialTag0": "beamng",
		"order_simset": 0,
		"version": 1.5
	},
	"material_2_m_carpaint_aa84f": {
		"name": "material_2_m_carpaint_aa84f",
		"class": "Material",
		"mapTo": "material_2_m_carpaint_aa84f",
		"Stages": [
			{
				"normalMap": "camso_col_0xff8080ff.dds",
				"normalMapStrength": 1,
				"clearCoatFactor": 1,
				"clearCoatRoughnessFactor": 1,
				"opacityMap": "aa84f_stamp0.dds",
				"opacityMapUseUV": 1,
				"instanceDiffuse": true,
				"colorPaletteMap": "camso_col_0xff00ff00.dds",
				"roughnessFactor": 1,
				"metallicFactor": 1,
				"diffuseColor": [ 1, 1, 1, 1 ],
				"useAnisotropic": true
			},
			{
			},
			{
			},
			{
			}
		],
		"alphaRef": 255,
		"alphaTest": true,
		"translucent": false,
		"translucentBlendOp": "None",
		"doubleSided": true,
		"invertBackFaceNormals": true,
		"dynamicCubemap": true,
		"activeLayers": 1,
		"materialTag0": "beamng",
		"order_simset": 0,
		"version": 1.5
	},
	"material_3_carwindows_transparent_aa84f": {
		"name": "material_3_carwindows_transparent_aa84f",
		"class": "Material",
		"mapTo": "material_3_carwindows_transparent_aa84f",
		"Stages": [
			{
				"normalMap": "camso_col_0xff8080ff.dds",
				"normalMapStrength": 1,
				"opacityMap": "aa84f_stamp0.dds",
				"opacityMapUseUV": 1,
				"opacityFactor": 0.898039,
				"diffuseColor": [ 0, 0.0627451, 0.0509804, 0.898039 ],
				"roughnessFactor": 0.02,
				"metallicFactor": 1,
				"useAnisotropic": true
			},
			{
			},
			{
			},
			{
			}
		],
		"alphaRef": 1,
		"alphaTest": true,
		"translucent": true,
		"translucentBlendOp": "PreMulAlpha",
		"translucentZWrite": false,
		"castShadows": false,
		"translucentRecvShadows": true,
		"dynamicCubemap": true,
		"activeLayers": 1,
		"materialTag0": "beamng",
		"order_simset": 0,
		"version": 1.5
	},
	"material_4_chassis_steel_aa84f": {
		"name": "material_4_chassis_steel_aa84f",
		"class": "Material",
		"mapTo": "material_4_chassis_steel_aa84f",
		"Stages": [
			{
				"normalMap": "camso_col_0xff8080ff.dds",
				"normalMapStrength": 1,
				"diffuseColor": [ 0.560784, 0.560784, 0.560784, 1 ],
				"roughnessFactor": 0.2,
				"metallicFactor": 1
			},
			{
			},
			{
			},
			{
			}
		],
		"alphaRef": 84,
		"alphaTest": true,
		"translucent": false,
		"translucentBlendOp": "None",
		"doubleSided": true,
		"invertBackFaceNormals": true,
		"dynamicCubemap": true,
		"activeLayers": 1,
		"materialTag0": "beamng",
		"order_simset": 0,
		"version": 1.5
	},
	"material_5_m_blackrubber_aa84f": {
		"name": "material_5_m_blackrubber_aa84f",
		"class": "Material",
		"mapTo": "material_5_m_blackrubber_aa84f",
		"Stages": [
			{
				"normalMap": "camso_col_0xff8080ff.dds",
				"normalMapStrength": 1,
				"diffuseColor": [ 0.0470588, 0.0470588, 0.0470588, 0 ],
				"roughnessFactor": 0,
				"metallicFactor": 0
			},
			{
			},
			{
			},
			{
			}
		],
		"alphaRef": 84,
		"alphaTest": true,
		"translucent": false,
		"translucentBlendOp": "None",
		"doubleSided": true,
		"invertBackFaceNormals": true,
		"dynamicCubemap": true,
		"activeLayers": 1,
		"materialTag0": "beamng",
		"order_simset": 0,
		"version": 1.5
	},
	"material_6_m_seamsealer_aa84f": {
		"name": "material_6_m_seamsealer_aa84f",
		"class": "Material",
		"mapTo": "material_6_m_seamsealer_aa84f",
		"Stages": [
			{
				"normalMap": "camso_col_0xff8080ff.dds",
				"normalMapStrength": 1,
				"clearCoatFactor": 1,
				"clearCoatRoughnessFactor": 0,
				"diffuseColor": [ 1, 1, 1, 1 ],
				"roughnessFactor": 0,
				"metallicFactor": 0
			},
			{
			},
			{
			},
			{
			}
		],
		"alphaRef": 255,
		"alphaTest": true,
		"translucent": false,
		"translucentBlendOp": "None",
		"doubleSided": true,
		"invertBackFaceNormals": true,
		"dynamicCubemap": true,
		"activeLayers": 1,
		"materialTag0": "beamng",
		"order_simset": 0,
		"version": 1.5
	},
	"material_7_chassis_corrosionresist_aa84f": {
		"name": "material_7_chassis_corrosionresist_aa84f",
		"class": "Material",
		"mapTo": "material_7_chassis_corrosionresist_aa84f",
		"Stages": [
			{
				"normalMap": "camso_col_0xff8080ff.dds",
				"normalMapStrength": 1,
				"diffuseColor": [ 0.423529, 0.431373, 0.431373, 0 ],
				"roughnessFactor": 0.2,
				"metallicFactor": 0.8
			},
			{
			},
			{
			},
			{
			}
		],
		"alphaRef": 84,
		"alphaTest": true,
		"translucent": false,
		"translucentBlendOp": "None",
		"doubleSided": true,
		"invertBackFaceNormals": true,
		"dynamicCubemap": true,
		"activeLayers": 1,
		"materialTag0": "beamng",
		"order_simset": 0,
		"version": 1.5
	},
	"material_8_mi_rubber_tyre_aa84f": {
		"name": "material_8_mi_rubber_tyre_aa84f",
		"class": "Material",
		"mapTo": "material_8_mi_rubber_tyre_aa84f",
		"Stages": [
			{
				"normalMap": "aa84f_tyrenormal_0.dds",
				"normalMapStrength": 1,
				"diffuseColor": [ 0.12549, 0.121569, 0.121569, 1 ],
				"roughnessFactor": 0.541936,
				"metallicFactor": 0,
				"useAnisotropic": true
			},
			{
			},
			{
			},
			{
			}
		],
		"alphaRef": 84,
		"alphaTest": true,
		"translucent": false,
		"translucentBlendOp": "None",
		"doubleSided": true,
		"invertBackFaceNormals": true,
		"dynamicCubemap": true,
		"activeLayers": 1,
		"materialTag0": "beamng",
		"order_simset": 0,
		"version": 1.5
	},
	"material_9_mi_brushedsteel_aa84f": {
		"name": "material_9_mi_brushedsteel_aa84f",
		"class": "Material",
		"mapTo": "material_9_mi_brushedsteel_aa84f",
		"Stages": [
			{
				"normalMap": "camso_col_0xff8080ff.dds",
				"normalMapStrength": 0,
				"roughnessMap": "camso_t_brushedmetal_m_rbgmaskg.dds",
				"diffuseColor": [ 0.74902, 0.756863, 0.74902, 1 ],
				"roughnessFactor": -0.125,
				"metallicFactor": 1,
				"useAnisotropic": true
			},
			{
			},
			{
			},
			{
			}
		],
		"alphaRef": 84,
		"alphaTest": true,
		"translucent": false,
		"translucentBlendOp": "None",
		"doubleSided": true,
		"invertBackFaceNormals": true,
		"dynamicCubemap": true,
		"activeLayers": 1,
		"materialTag0": "beamng",
		"order_simset": 0,
		"version": 1.5
	},
	"material_10_mi_castalloy_morphable_aa84f": {
		"name": "material_10_mi_castalloy_morphable_aa84f",
		"class": "Material",
		"mapTo": "material_10_mi_castalloy_morphable_aa84f",
		"Stages": [
			{
				"normalMap": "camso_col_0xff8080ff.dds",
				"normalMapStrength": 1,
				"diffuseColor": [ 0.596078, 0.596078, 0.596078, 1 ],
				"roughnessFactor": 0.9,
				"metallicFactor": 0.4
			},
			{
			},
			{
			},
			{
			}
		],
		"alphaRef": 84,
		"alphaTest": true,
		"translucent": false,
		"translucentBlendOp": "None",
		"doubleSided": true,
		"invertBackFaceNormals": true,
		"dynamicCubemap": true,
		"activeLayers": 1,
		"materialTag0": "beamng",
		"order_simset": 0,
		"version": 1.5
	},
	"material_11_mi_suspensionpaintblack_aa84f": {
		"name": "material_11_mi_suspensionpaintblack_aa84f",
		"class": "Material",
		"mapTo": "material_11_mi_suspensionpaintblack_aa84f",
		"Stages": [
			{
				"normalMap": "camso_col_0xff8080ff.dds",
				"normalMapStrength": 1,
				"diffuseColor": [ 0, 0, 0, 0 ],
				"roughnessFactor": 0.3,
				"metallicFactor": 0
			},
			{
			},
			{
			},
			{
			}
		],
		"alphaRef": 84,
		"alphaTest": true,
		"translucent": false,
		"translucentBlendOp": "None",
		"doubleSided": true,
		"invertBackFaceNormals": true,
		"dynamicCubemap": true,
		"activeLayers": 1,
		"materialTag0": "beamng",
		"order_simset": 0,
		"version": 1.5
	},
	"material_12_mi_suspensionpaintyellow_aa84f": {
		"name": "material_12_mi_suspensionpaintyellow_aa84f",
		"class": "Material",
		"mapTo": "material_12_mi_suspensionpaintyellow_aa84f",
		"Stages": [
			{
				"normalMap": "camso_col_0xff8080ff.dds",
				"normalMapStrength": 1,
				"diffuseColor": [ 0.662745, 0.568627, 0.113725, 0 ],
				"roughnessFactor": 0.3,
				"metallicFactor": 0
			},
			{
			},
			{
			},
			{
			}
		],
		"alphaRef": 84,
		"alphaTest": true,
		"translucent": false,
		"translucentBlendOp": "None",
		"doubleSided": true,
		"invertBackFaceNormals": true,
		"dynamicCubemap": true,
		"activeLayers": 1,
		"materialTag0": "beamng",
		"order_simset": 0,
		"version": 1.5
	},
	"material_13_mi_suspensionpaintred_aa84f": {
		"name": "material_13_mi_suspensionpaintred_aa84f",
		"class": "Material",
		"mapTo": "material_13_mi_suspensionpaintred_aa84f",
		"Stages": [
			{
				"normalMap": "camso_col_0xff8080ff.dds",
				"normalMapStrength": 1,
				"diffuseColor": [ 0.517647, 0, 0, 0 ],
				"roughnessFactor": 0.3,
				"metallicFactor": 0
			},
			{
			},
			{
			},
			{
			}
		],
		"alphaRef": 84,
		"alphaTest": true,
		"translucent": false,
		"translucentBlendOp": "None",
		"doubleSided": true,
		"invertBackFaceNormals": true,
		"dynamicCubemap": true,
		"activeLayers": 1,
		"materialTag0": "beamng",
		"order_simset": 0,
		"version": 1.5
	},
	"material_14_m_bolt_aa84f": {
		"name": "material_14_m_bolt_aa84f",
		"class": "Material",
		"mapTo": "material_14_m_bolt_aa84f",
		"Stages": [
			{
				"normalMap": "camso_col_0xff8080ff.dds",
				"normalMapStrength": 1,
				"diffuseColor": [ 0.709804, 0.670588, 0.611765, 1 ],
				"roughnessFactor": 0.4,
				"metallicFactor": 1
			},
			{
			},
			{
			},
			{
			}
		],
		"alphaRef": 84,
		"alphaTest": true,
		"translucent": false,
		"translucentBlendOp": "None",
		"doubleSided": true,
		"invertBackFaceNormals": true,
		"dynamicCubemap": true,
		"activeLayers": 1,
		"materialTag0": "beamng",
		"order_simset": 0,
		"version": 1.5
	},
	"material_15_m_machinedmetal_aa84f": {
		"name": "material_15_m_machinedmetal_aa84f",
		"class": "Material",
		"mapTo": "material_15_m_machinedmetal_aa84f",
		"Stages": [
			{
				"normalMap": "camso_col_0xff8080ff.dds",
				"normalMapStrength": 1,
				"diffuseColor": [ 0.654902, 0.654902, 0.654902, 1 ],
				"roughnessFactor": 0.2,
				"metallicFactor": 1
			},
			{
			},
			{
			},
			{
			}
		],
		"alphaRef": 84,
		"alphaTest": true,
		"translucent": false,
		"translucentBlendOp": "None",
		"doubleSided": true,
		"invertBackFaceNormals": true,
		"dynamicCubemap": true,
		"activeLayers": 1,
		"materialTag0": "beamng",
		"order_simset": 0,
		"version": 1.5
	},
	"material_16_m_carpaint_aa84f": {
		"name": "material_16_m_carpaint_aa84f",
		"class": "Material",
		"mapTo": "material_16_m_carpaint_aa84f",
		"Stages": [
			{
				"normalMap": "camso_col_0xff8080ff.dds",
				"normalMapStrength": 1,
				"clearCoatFactor": 1,
				"clearCoatRoughnessFactor": 1,
				"instanceDiffuse": true,
				"colorPaletteMap": "camso_col_0xff00ff00.dds",
				"roughnessFactor": 1,
				"metallicFactor": 1,
				"diffuseColor": [ 1, 1, 1, 1 ]
			},
			{
			},
			{
			},
			{
			}
		],
		"alphaRef": 255,
		"alphaTest": true,
		"translucent": false,
		"translucentBlendOp": "None",
		"doubleSided": true,
		"invertBackFaceNormals": true,
		"dynamicCubemap": true,
		"activeLayers": 1,
		"materialTag0": "beamng",
		"order_simset": 0,
		"version": 1.5
	},
	"material_17_m_castiron_forged_aa84f": {
		"name": "material_17_m_castiron_forged_aa84f",
		"class": "Material",
		"mapTo": "material_17_m_castiron_forged_aa84f",
		"Stages": [
			{
				"normalMap": "camso_col_0xff8080ff.dds",
				"normalMapStrength": 1,
				"diffuseColor": [ 0.372549, 0.372549, 0.372549, 1 ],
				"roughnessFactor": 0.9,
				"metallicFactor": 1
			},
			{
			},
			{
			},
			{
			}
		],
		"alphaRef": 84,
		"alphaTest": true,
		"translucent": false,
		"translucentBlendOp": "None",
		"doubleSided": true,
		"invertBackFaceNormals": true,
		"dynamicCubemap": true,
		"activeLayers": 1,
		"materialTag0": "beamng",
		"order_simset": 0,
		"version": 1.5
	},
	"material_18_mi_rubber_tyre_aa84f": {
		"name": "material_18_mi_rubber_tyre_aa84f",
		"class": "Material",
		"mapTo": "material_18_mi_rubber_tyre_aa84f",
		"Stages": [
			{
				"normalMap": "aa84f_tyrenormal_1.dds",
				"normalMapStrength": 1,
				"diffuseColor": [ 0.12549, 0.121569, 0.121569, 1 ],
				"roughnessFactor": 0.541936,
				"metallicFactor": 0,
				"useAnisotropic": true
			},
			{
			},
			{
			},
			{
			}
		],
		"alphaRef": 84,
		"alphaTest": true,
		"translucent": false,
		"translucentBlendOp": "None",
		"doubleSided": true,
		"invertBackFaceNormals": true,
		"dynamicCubemap": true,
		"activeLayers": 1,
		"materialTag0": "beamng",
		"order_simset": 0,
		"version": 1.5
	},
	"material_19_mi_solid_axles_castiron_morphable_aa84f": {
		"name": "material_19_mi_solid_axles_castiron_morphable_aa84f",
		"class": "Material",
		"mapTo": "material_19_mi_solid_axles_castiron_morphable_aa84f",
		"Stages": [
			{
				"normalMap": "camso_col_0xff8080ff.dds",
				"normalMapStrength": 1,
				"diffuseColor": [ 0.356863, 0.356863, 0.356863, 1 ],
				"roughnessFactor": 0.9,
				"metallicFactor": 0.4
			},
			{
			},
			{
			},
			{
			}
		],
		"alphaRef": 84,
		"alphaTest": true,
		"translucent": false,
		"translucentBlendOp": "None",
		"doubleSided": true,
		"invertBackFaceNormals": true,
		"dynamicCubemap": true,
		"activeLayers": 1,
		"materialTag0": "beamng",
		"order_simset": 0,
		"version": 1.5
	},
	"material_20_mi_solid_axle_steel_aa84f": {
		"name": "material_20_mi_solid_axle_steel_aa84f",
		"class": "Material",
		"mapTo": "material_20_mi_solid_axle_steel_aa84f",
		"Stages": [
			{
				"normalMap": "camso_col_0xff8080ff.dds",
				"normalMapStrength": 1,
				"diffuseColor": [ 0.411765, 0.411765, 0.411765, 1 ],
				"roughnessFactor": 0.35,
				"metallicFactor": 1
			},
			{
			},
			{
			},
			{
			}
		],
		"alphaRef": 84,
		"alphaTest": true,
		"translucent": false,
		"translucentBlendOp": "None",
		"doubleSided": true,
		"invertBackFaceNormals": true,
		"dynamicCubemap": true,
		"activeLayers": 1,
		"materialTag0": "beamng",
		"order_simset": 0,
		"version": 1.5
	},
	"material_21_mi_suspensionpaintyellow_inst1_aa84f": {
		"name": "material_21_mi_suspensionpaintyellow_inst1_aa84f",
		"class": "Material",
		"mapTo": "material_21_mi_suspensionpaintyellow_inst1_aa84f",
		"Stages": [
			{
				"normalMap": "camso_col_0xff8080ff.dds",
				"normalMapStrength": 1,
				"diffuseColor": [ 0.662745, 0.568627, 0.113725, 0 ],
				"roughnessFactor": 0.3,
				"metallicFactor": 0
			},
			{
			},
			{
			},
			{
			}
		],
		"alphaRef": 84,
		"alphaTest": true,
		"translucent": false,
		"translucentBlendOp": "None",
		"doubleSided": true,
		"invertBackFaceNormals": true,
		"dynamicCubemap": true,
		"activeLayers": 1,
		"materialTag0": "beamng",
		"order_simset": 0,
		"version": 1.5
	},
	"material_22_mi_brakerotor_carbon_aa84f": {
		"name": "material_22_mi_brakerotor_carbon_aa84f",
		"class": "Material",
		"mapTo": "material_22_mi_brakerotor_carbon_aa84f",
		"Stages": [
			{
				"normalMap": "camso_col_0xff8080ff.dds",
				"normalMapStrength": 1,
				"diffuseMap": "camso_t_carbonceramic_basecolor.dds",
				"diffuseColor": [ 0.658824, 0.658824, 0.658824, 1 ],
				"roughnessFactor": 0.15,
				"metallicFactor": 1,
				"useAnisotropic": true
			},
			{
			},
			{
			},
			{
			}
		],
		"alphaRef": 84,
		"alphaTest": true,
		"translucent": false,
		"translucentBlendOp": "None",
		"doubleSided": true,
		"invertBackFaceNormals": true,
		"dynamicCubemap": true,
		"activeLayers": 1,
		"materialTag0": "beamng",
		"order_simset": 0,
		"version": 1.5
	},
	"material_23_m_carpaint_aa84f": {
		"name": "material_23_m_carpaint_aa84f",
		"class": "Material",
		"mapTo": "material_23_m_carpaint_aa84f",
		"Stages": [
			{
				"normalMap": "camso_col_0xff8080ff.dds",
				"normalMapStrength": 1,
				"clearCoatFactor": 1,
				"clearCoatRoughnessFactor": 1,
				"instanceDiffuse": true,
				"colorPaletteMap": "camso_col_0xffff0000.dds",
				"roughnessFactor": 1,
				"metallicFactor": 1,
				"diffuseColor": [ 1, 1, 1, 1 ]
			},
			{
			},
			{
			},
			{
			}
		],
		"alphaRef": 255,
		"alphaTest": true,
		"translucent": false,
		"translucentBlendOp": "None",
		"doubleSided": true,
		"invertBackFaceNormals": true,
		"dynamicCubemap": true,
		"activeLayers": 1,
		"materialTag0": "beamng",
		"order_simset": 0,
		"version": 1.5
	},
	"material_24_mi_carbonfiber_aa84f": {
		"name": "material_24_mi_carbonfiber_aa84f",
		"class": "Material",
		"mapTo": "material_24_mi_carbonfiber_aa84f",
		"Stages": [
			{
				"normalMap": "camso_col_0xff8080ff.dds",
				"normalMapStrength": 1,
				"clearCoatFactor": 0.897143,
				"clearCoatRoughnessFactor": 0,
				"clearCoatBottomNormalMap": "camso_t_carbonfiber_twill_n.dds",
				"clearCoatBottomNormalMapStrength": 0.5,
				"diffuseMap": "camso_t_carbonfiber_twill_m_lerpg_0xFF494949_0xFF464648.dds",
				"roughnessMap": "camso_t_carbonfiber_twill_t_rbgmaskg.dds",
				"diffuseColor": [ 0.498039, 0.498039, 0.498039, 1 ],
				"roughnessFactor": 0.8,
				"metallicFactor": 0.001,
				"useAnisotropic": true
			},
			{
			},
			{
			},
			{
			}
		],
		"alphaRef": 84,
		"alphaTest": true,
		"translucent": false,
		"translucentBlendOp": "None",
		"doubleSided": true,
		"invertBackFaceNormals": true,
		"dynamicCubemap": true,
		"activeLayers": 1,
		"materialTag0": "beamng",
		"order_simset": 0,
		"version": 1.5
	},
	"material_25_m_carpaint_aa84f": {
		"name": "material_25_m_carpaint_aa84f",
		"class": "Material",
		"mapTo": "material_25_m_carpaint_aa84f",
		"Stages": [
			{
				"normalMap": "camso_col_0xff8080ff.dds",
				"normalMapStrength": 1,
				"clearCoatFactor": 1,
				"clearCoatRoughnessFactor": 1,
				"instanceDiffuse": true,
				"colorPaletteMap": "camso_col_0xffff0000.dds",
				"roughnessFactor": 1,
				"metallicFactor": 1,
				"diffuseColor": [ 1, 1, 1, 1 ]
			},
			{
			},
			{
			},
			{
			}
		],
		"alphaRef": 255,
		"alphaTest": true,
		"translucent": false,
		"translucentBlendOp": "None",
		"doubleSided": true,
		"invertBackFaceNormals": true,
		"dynamicCubemap": true,
		"activeLayers": 1,
		"materialTag0": "beamng",
		"order_simset": 0,
		"version": 1.5
	},
	"material_26_m_carpaint_aa84f": {
		"name": "material_26_m_carpaint_aa84f",
		"class": "Material",
		"mapTo": "material_26_m_carpaint_aa84f",
		"Stages": [
			{
				"normalMap": "camso_col_0xff8080ff.dds",
				"normalMapStrength": 1,
				"clearCoatFactor": 1,
				"clearCoatRoughnessFactor": 1,
				"instanceDiffuse": true,
				"colorPaletteMap": "camso_col_0xff00ff00.dds",
				"roughnessFactor": 1,
				"metallicFactor": 1,
				"diffuseColor": [ 1, 1, 1, 1 ]
			},
			{
			},
			{
			},
			{
			}
		],
		"alphaRef": 255,
		"alphaTest": true,
		"translucent": false,
		"translucentBlendOp": "None",
		"doubleSided": true,
		"invertBackFaceNormals": true,
		"dynamicCubemap": true,
		"activeLayers": 1,
		"materialTag0": "beamng",
		"order_simset": 0,
		"version": 1.5
	},
	"material_27_worldgridmaterial_aa84f": {
		"name": "material_27_worldgridmaterial_aa84f",
		"class": "Material",
		"mapTo": "material_27_worldgridmaterial_aa84f",
		"Stages": [
			{
				"normalMap": "camso_t_default_material_grid_n.dds",
				"normalMapStrength": 1,
				"clearCoatFactor": 1,
				"clearCoatRoughnessFactor": 0,
				"diffuseColor": [ 1, 1, 1, 1 ],
				"roughnessFactor": 0,
				"metallicFactor": 0,
				"useAnisotropic": true
			},
			{
			},
			{
			},
			{
			}
		],
		"alphaRef": 255,
		"alphaTest": true,
		"translucent": false,
		"translucentBlendOp": "None",
		"doubleSided": true,
		"invertBackFaceNormals": true,
		"dynamicCubemap": true,
		"activeLayers": 1,
		"materialTag0": "beamng",
		"order_simset": 0,
		"version": 1.5
	},
	"material_28_m_carpaint_aa84f": {
		"name": "material_28_m_carpaint_aa84f",
		"class": "Material",
		"mapTo": "material_28_m_carpaint_aa84f",
		"Stages": [
			{
				"normalMap": "camso_col_0xff8080ff.dds",
				"normalMapStrength": 1,
				"clearCoatFactor": 1,
				"clearCoatRoughnessFactor": 0,
				"diffuseColor": [ 1, 0.2, 0, 1 ],
				"roughnessFactor": 0.35,
				"metallicFactor": 1
			},
			{
			},
			{
			},
			{
			}
		],
		"alphaRef": 255,
		"alphaTest": true,
		"translucent": false,
		"translucentBlendOp": "None",
		"doubleSided": true,
		"invertBackFaceNormals": true,
		"dynamicCubemap": true,
		"activeLayers": 1,
		"materialTag0": "beamng",
		"order_simset": 0,
		"version": 1.5
	},
	"material_29_m_castalloy_inst_aa84f": {
		"name": "material_29_m_castalloy_inst_aa84f",
		"class": "Material",
		"mapTo": "material_29_m_castalloy_inst_aa84f",
		"Stages": [
			{
				"normalMap": "camso_col_0xff8080ff.dds",
				"normalMapStrength": 1,
				"diffuseColor": [ 0.866667, 0.878431, 0.905882, 1 ],
				"roughnessFactor": 0.9,
				"metallicFactor": 1
			},
			{
			},
			{
			},
			{
			}
		],
		"alphaRef": 84,
		"alphaTest": true,
		"translucent": false,
		"translucentBlendOp": "None",
		"doubleSided": true,
		"invertBackFaceNormals": true,
		"dynamicCubemap": true,
		"activeLayers": 1,
		"materialTag0": "beamng",
		"order_simset": 0,
		"version": 1.5
	},
	"material_30_m_blackrubber_aa84f": {
		"name": "material_30_m_blackrubber_aa84f",
		"class": "Material",
		"mapTo": "material_30_m_blackrubber_aa84f",
		"Stages": [
			{
				"normalMap": "camso_col_0xff8080ff.dds",
				"normalMapStrength": 1,
				"diffuseColor": [ 0.0470588, 0.0470588, 0.0470588, 0 ],
				"roughnessFactor": 0,
				"metallicFactor": 0
			},
			{
			},
			{
			},
			{
			}
		],
		"alphaRef": 84,
		"alphaTest": true,
		"translucent": false,
		"translucentBlendOp": "None",
		"doubleSided": true,
		"invertBackFaceNormals": true,
		"dynamicCubemap": true,
		"activeLayers": 1,
		"materialTag0": "beamng",
		"order_simset": 0,
		"version": 1.5
	},
	"material_31_m_machinedmetal_aa84f": {
		"name": "material_31_m_machinedmetal_aa84f",
		"class": "Material",
		"mapTo": "material_31_m_machinedmetal_aa84f",
		"Stages": [
			{
				"normalMap": "camso_col_0xff8080ff.dds",
				"normalMapStrength": 1,
				"diffuseColor": [ 0.654902, 0.654902, 0.654902, 1 ],
				"roughnessFactor": 0.2,
				"metallicFactor": 1
			},
			{
			},
			{
			},
			{
			}
		],
		"alphaRef": 84,
		"alphaTest": true,
		"translucent": false,
		"translucentBlendOp": "None",
		"doubleSided": true,
		"invertBackFaceNormals": true,
		"dynamicCubemap": true,
		"activeLayers": 1,
		"materialTag0": "beamng",
		"order_simset": 0,
		"version": 1.5
	},
	"material_32_m_forgedsteel_aa84f": {
		"name": "material_32_m_forgedsteel_aa84f",
		"class": "Material",
		"mapTo": "material_32_m_forgedsteel_aa84f",
		"Stages": [
			{
				"normalMap": "camso_col_0xff8080ff.dds",
				"normalMapStrength": 1,
				"diffuseColor": [ 0.6, 0.6, 0.6, 1 ],
				"roughnessFactor": 0.3,
				"metallicFactor": 1
			},
			{
			},
			{
			},
			{
			}
		],
		"alphaRef": 84,
		"alphaTest": true,
		"translucent": false,
		"translucentBlendOp": "None",
		"doubleSided": true,
		"invertBackFaceNormals": true,
		"dynamicCubemap": true,
		"activeLayers": 1,
		"materialTag0": "beamng",
		"order_simset": 0,
		"version": 1.5
	},
	"material_33_mp_plastic_aa84f": {
		"name": "material_33_mp_plastic_aa84f",
		"class": "Material",
		"mapTo": "material_33_mp_plastic_aa84f",
		"Stages": [
			{
				"normalMap": "camso_col_0xff8080ff.dds",
				"normalMapStrength": 1,
				"diffuseColor": [ 0.0509804, 0.0509804, 0.0509804, 1 ],
				"roughnessFactor": 0.4,
				"metallicFactor": 0
			},
			{
			},
			{
			},
			{
			}
		],
		"alphaRef": 84,
		"alphaTest": true,
		"translucent": false,
		"translucentBlendOp": "None",
		"doubleSided": true,
		"invertBackFaceNormals": true,
		"dynamicCubemap": true,
		"activeLayers": 1,
		"materialTag0": "beamng",
		"order_simset": 0,
		"version": 1.5
	},
	"material_34_master_machinedmetal_aa84f": {
		"name": "material_34_master_machinedmetal_aa84f",
		"class": "Material",
		"mapTo": "material_34_master_machinedmetal_aa84f",
		"Stages": [
			{
				"normalMap": "camso_col_0xff8080ff.dds",
				"normalMapStrength": 1,
				"diffuseColor": [ 0.737255, 0.737255, 0.737255, 1 ],
				"roughnessFactor": 0.25,
				"metallicFactor": 1
			},
			{
			},
			{
			},
			{
			}
		],
		"alphaRef": 84,
		"alphaTest": true,
		"translucent": false,
		"translucentBlendOp": "None",
		"doubleSided": true,
		"invertBackFaceNormals": true,
		"dynamicCubemap": true,
		"activeLayers": 1,
		"materialTag0": "beamng",
		"order_simset": 0,
		"version": 1.5
	},
	"material_35_m_blackrubber_aa84f": {
		"name": "material_35_m_blackrubber_aa84f",
		"class": "Material",
		"mapTo": "material_35_m_blackrubber_aa84f",
		"Stages": [
			{
				"normalMap": "camso_col_0xff8080ff.dds",
				"normalMapStrength": 1,
				"diffuseColor": [ 0.0470588, 0.0470588, 0.0470588, 0 ],
				"roughnessFactor": 0,
				"metallicFactor": 0
			},
			{
			},
			{
			},
			{
			}
		],
		"alphaRef": 84,
		"alphaTest": true,
		"translucent": false,
		"translucentBlendOp": "None",
		"doubleSided": true,
		"invertBackFaceNormals": true,
		"dynamicCubemap": true,
		"activeLayers": 1,
		"materialTag0": "beamng",
		"order_simset": 0,
		"version": 1.5
	},
	"material_36_m_chrome_aa84f": {
		"name": "material_36_m_chrome_aa84f",
		"class": "Material",
		"mapTo": "material_36_m_chrome_aa84f",
		"Stages": [
			{
				"normalMap": "camso_col_0xff8080ff.dds",
				"normalMapStrength": 1,
				"diffuseColor": [ 0.913725, 0.984314, 1, 1 ],
				"roughnessFactor": 0.19,
				"metallicFactor": 0
			},
			{
			},
			{
			},
			{
			}
		],
		"alphaRef": 84,
		"alphaTest": true,
		"translucent": false,
		"translucentBlendOp": "None",
		"doubleSided": true,
		"invertBackFaceNormals": true,
		"dynamicCubemap": true,
		"activeLayers": 1,
		"materialTag0": "beamng",
		"order_simset": 0,
		"version": 1.5
	},
	"material_37_mi_carbonfiberengine_aa84f": {
		"name": "material_37_mi_carbonfiberengine_aa84f",
		"class": "Material",
		"mapTo": "material_37_mi_carbonfiberengine_aa84f",
		"Stages": [
			{
				"normalMap": "camso_col_0xff8080ff.dds",
				"normalMapStrength": 1,
				"clearCoatFactor": 0.965714,
				"clearCoatRoughnessFactor": 0,
				"clearCoatBottomNormalMap": "camso_t_carbonfiber_twill_n.dds",
				"clearCoatBottomNormalMapStrength": 0.6,
				"diffuseMap": "camso_t_carbonfiber_twill_m_lerpg_0xFF464646_0xFF464647.dds",
				"roughnessMap": "camso_t_carbonfiber_twill_t_rbgmaskg.dds",
				"diffuseColor": [ 0.498039, 0.498039, 0.498039, 1 ],
				"roughnessFactor": 2.29017,
				"metallicFactor": 0.001,
				"useAnisotropic": true
			},
			{
			},
			{
			},
			{
			}
		],
		"alphaRef": 84,
		"alphaTest": true,
		"translucent": false,
		"translucentBlendOp": "None",
		"doubleSided": true,
		"invertBackFaceNormals": true,
		"dynamicCubemap": true,
		"activeLayers": 1,
		"materialTag0": "beamng",
		"order_simset": 0,
		"version": 1.5
	},
	"material_38_mp_plastic_aa84f": {
		"name": "material_38_mp_plastic_aa84f",
		"class": "Material",
		"mapTo": "material_38_mp_plastic_aa84f",
		"Stages": [
			{
				"normalMap": "camso_col_0xff8080ff.dds",
				"normalMapStrength": 1,
				"diffuseColor": [ 0.0509804, 0.0509804, 0.0509804, 1 ],
				"roughnessFactor": 0.4,
				"metallicFactor": 0
			},
			{
			},
			{
			},
			{
			}
		],
		"alphaRef": 84,
		"alphaTest": true,
		"translucent": false,
		"translucentBlendOp": "None",
		"doubleSided": true,
		"invertBackFaceNormals": true,
		"dynamicCubemap": true,
		"activeLayers": 1,
		"materialTag0": "beamng",
		"order_simset": 0,
		"version": 1.5
	},
	"material_39_m_castalloy_inst_aa84f": {
		"name": "material_39_m_castalloy_inst_aa84f",
		"class": "Material",
		"mapTo": "material_39_m_castalloy_inst_aa84f",
		"Stages": [
			{
				"normalMap": "camso_col_0xff8080ff.dds",
				"normalMapStrength": 1,
				"diffuseColor": [ 0.866667, 0.878431, 0.905882, 1 ],
				"roughnessFactor": 0.9,
				"metallicFactor": 1
			},
			{
			},
			{
			},
			{
			}
		],
		"alphaRef": 84,
		"alphaTest": true,
		"translucent": false,
		"translucentBlendOp": "None",
		"doubleSided": true,
		"invertBackFaceNormals": true,
		"dynamicCubemap": true,
		"activeLayers": 1,
		"materialTag0": "beamng",
		"order_simset": 0,
		"version": 1.5
	},
	"material_40_mi_pulley_and_alternator_lod2_aa84f": {
		"name": "material_40_mi_pulley_and_alternator_lod2_aa84f",
		"class": "Material",
		"mapTo": "material_40_mi_pulley_and_alternator_lod2_aa84f",
		"Stages": [
			{
				"normalMap": "camso_full_alt_baker_low_bake1_pbr_stoa_normal.dds",
				"normalMapStrength": 1,
				"diffuseMap": "camso_full_alt_baker_low_bake1_pbr_stoa_diffuse.dds",
				"diffuseColor": [ 1, 1, 1, 1 ],
				"roughnessFactor": 0,
				"metallicFactor": 1,
				"useAnisotropic": true
			},
			{
			},
			{
			},
			{
			}
		],
		"alphaRef": 84,
		"alphaTest": true,
		"translucent": false,
		"translucentBlendOp": "None",
		"doubleSided": true,
		"invertBackFaceNormals": true,
		"dynamicCubemap": true,
		"activeLayers": 1,
		"materialTag0": "beamng",
		"order_simset": 0,
		"version": 1.5
	},
	"material_41_mi_alternator_brackets_aa84f": {
		"name": "material_41_mi_alternator_brackets_aa84f",
		"class": "Material",
		"mapTo": "material_41_mi_alternator_brackets_aa84f",
		"Stages": [
			{
				"normalMap": "camso_brackets_low_m_alternator_normal.dds",
				"normalMapStrength": 1,
				"diffuseMap": "camso_brackets_low_m_alternator_brackets_basecolor.dds",
				"diffuseColor": [ 1, 1, 1, 1 ],
				"roughnessFactor": 0,
				"metallicFactor": 1,
				"useAnisotropic": true
			},
			{
			},
			{
			},
			{
			}
		],
		"alphaRef": 84,
		"alphaTest": true,
		"translucent": false,
		"translucentBlendOp": "None",
		"doubleSided": true,
		"invertBackFaceNormals": true,
		"dynamicCubemap": true,
		"activeLayers": 1,
		"materialTag0": "beamng",
		"order_simset": 0,
		"version": 1.5
	},
	"material_42_m_exhaust_aa84f": {
		"name": "material_42_m_exhaust_aa84f",
		"class": "Material",
		"mapTo": "material_42_m_exhaust_aa84f",
		"Stages": [
			{
				"normalMap": "camso_col_0xff8080ff.dds",
				"normalMapStrength": 1,
				"diffuseColor": [ 0.713725, 0.713725, 0.713725, 0 ],
				"roughnessFactor": 0.29238,
				"metallicFactor": 1
			},
			{
			},
			{
			},
			{
			}
		],
		"alphaRef": 84,
		"alphaTest": true,
		"translucent": false,
		"translucentBlendOp": "None",
		"doubleSided": true,
		"invertBackFaceNormals": true,
		"dynamicCubemap": true,
		"activeLayers": 1,
		"materialTag0": "beamng",
		"order_simset": 0,
		"version": 1.5
	},
	"material_43_mi_castironglowable_turbo_aa84f": {
		"name": "material_43_mi_castironglowable_turbo_aa84f",
		"class": "Material",
		"mapTo": "material_43_mi_castironglowable_turbo_aa84f",
		"Stages": [
			{
				"normalMap": "camso_col_0xff8080ff.dds",
				"normalMapStrength": 1,
				"diffuseMap": "camso_sandcastmap_lerpg_0xFF766E6F_0xFF312E27.dds",
				"diffuseColor": [ 1, 1, 1, 1 ],
				"roughnessFactor": 0.9,
				"metallicFactor": 0.2,
				"useAnisotropic": true
			},
			{
			},
			{
			},
			{
			}
		],
		"alphaRef": 84,
		"alphaTest": true,
		"translucent": false,
		"translucentBlendOp": "None",
		"doubleSided": true,
		"invertBackFaceNormals": true,
		"dynamicCubemap": true,
		"activeLayers": 1,
		"materialTag0": "beamng",
		"order_simset": 0,
		"version": 1.5
	},
	"material_44_mi_roughplasticspline_aa84f": {
		"name": "material_44_mi_roughplasticspline_aa84f",
		"class": "Material",
		"mapTo": "material_44_mi_roughplasticspline_aa84f",
		"Stages": [
			{
				"normalMap": "camso_col_0xff8080ff.dds",
				"normalMapStrength": 1,
				"diffuseColor": [ 0.0509804, 0.0509804, 0.0509804, 1 ],
				"roughnessFactor": 0.4,
				"metallicFactor": 0
			},
			{
			},
			{
			},
			{
			}
		],
		"alphaRef": 84,
		"alphaTest": true,
		"translucent": false,
		"translucentBlendOp": "None",
		"doubleSided": true,
		"invertBackFaceNormals": true,
		"dynamicCubemap": true,
		"activeLayers": 1,
		"materialTag0": "beamng",
		"order_simset": 0,
		"version": 1.5
	},
	"material_45_m_forgedsteel_aa84f": {
		"name": "material_45_m_forgedsteel_aa84f",
		"class": "Material",
		"mapTo": "material_45_m_forgedsteel_aa84f",
		"Stages": [
			{
				"normalMap": "camso_col_0xff8080ff.dds",
				"normalMapStrength": 1,
				"diffuseColor": [ 0.6, 0.6, 0.6, 1 ],
				"roughnessFactor": 0.3,
				"metallicFactor": 1
			},
			{
			},
			{
			},
			{
			}
		],
		"alphaRef": 84,
		"alphaTest": true,
		"translucent": false,
		"translucentBlendOp": "None",
		"doubleSided": true,
		"invertBackFaceNormals": true,
		"dynamicCubemap": true,
		"activeLayers": 1,
		"materialTag0": "beamng",
		"order_simset": 0,
		"version": 1.5
	},
	"material_46_m_oilring_aa84f": {
		"name": "material_46_m_oilring_aa84f",
		"class": "Material",
		"mapTo": "material_46_m_oilring_aa84f",
		"Stages": [
			{
				"normalMap": "camso_col_0xff8080ff.dds",
				"normalMapStrength": 1,
				"diffuseMap": "camso_oilring.dds",
				"metallicMap": "camso_oilring_rbgmaskb.dds",
				"diffuseColor": [ 0.717647, 0.717647, 0.717647, 1 ],
				"roughnessFactor": 0,
				"metallicFactor": 0,
				"useAnisotropic": true
			},
			{
			},
			{
			},
			{
			}
		],
		"alphaRef": 84,
		"alphaTest": true,
		"translucent": false,
		"translucentBlendOp": "None",
		"doubleSided": true,
		"invertBackFaceNormals": true,
		"dynamicCubemap": true,
		"activeLayers": 1,
		"materialTag0": "beamng",
		"order_simset": 0,
		"version": 1.5
	},
	"material_47_m_blackhole_aa84f": {
		"name": "material_47_m_blackhole_aa84f",
		"class": "Material",
		"mapTo": "material_47_m_blackhole_aa84f",
		"Stages": [
			{
				"normalMap": "camso_col_0xff8080ff.dds",
				"normalMapStrength": 1,
				"diffuseColor": [ 0, 0, 0, 0 ],
				"roughnessFactor": 0,
				"metallicFactor": 0
			},
			{
			},
			{
			},
			{
			}
		],
		"alphaRef": 84,
		"alphaTest": true,
		"translucent": false,
		"translucentBlendOp": "None",
		"doubleSided": true,
		"invertBackFaceNormals": true,
		"dynamicCubemap": true,
		"activeLayers": 1,
		"materialTag0": "beamng",
		"order_simset": 0,
		"version": 1.5
	},
	"material_48_mi_machinedmetal_morphable_aa84f": {
		"name": "material_48_mi_machinedmetal_morphable_aa84f",
		"class": "Material",
		"mapTo": "material_48_mi_machinedmetal_morphable_aa84f",
		"Stages": [
			{
				"normalMap": "camso_t_normal_8k_slnobhpc.dds",
				"normalMapStrength": 0.199048,
				"diffuseMap": "camso_t_default_macrovariation_lerpg_0xFFCECEDB_0xFFD0C9CE.dds",
				"diffuseColor": [ 1, 1, 1, 1 ],
				"roughnessFactor": 0.247166,
				"metallicFactor": 1,
				"useAnisotropic": true
			},
			{
			},
			{
			},
			{
			}
		],
		"alphaRef": 84,
		"alphaTest": true,
		"translucent": false,
		"translucentBlendOp": "None",
		"doubleSided": true,
		"invertBackFaceNormals": true,
		"dynamicCubemap": true,
		"activeLayers": 1,
		"materialTag0": "beamng",
		"order_simset": 0,
		"version": 1.5
	},
	"material_49_m_exhaust_01_aa84f": {
		"name": "material_49_m_exhaust_01_aa84f",
		"class": "Material",
		"mapTo": "material_49_m_exhaust_01_aa84f",
		"Stages": [
			{
				"normalMap": "camso_col_0xff8080ff.dds",
				"normalMapStrength": 1,
				"diffuseColor": [ 1, 1, 1, 1 ],
				"roughnessFactor": 0,
				"metallicFactor": 1
			},
			{
			},
			{
			},
			{
			}
		],
		"alphaRef": 84,
		"alphaTest": true,
		"translucent": false,
		"translucentBlendOp": "None",
		"doubleSided": true,
		"invertBackFaceNormals": true,
		"dynamicCubemap": true,
		"activeLayers": 1,
		"materialTag0": "beamng",
		"order_simset": 0,
		"version": 1.5
	},
	"material_50_m_metalrough_aa84f": {
		"name": "material_50_m_metalrough_aa84f",
		"class": "Material",
		"mapTo": "material_50_m_metalrough_aa84f",
		"Stages": [
			{
				"normalMap": "camso_col_0xff8080ff.dds",
				"normalMapStrength": 1,
				"diffuseColor": [ 0.8, 0.831373, 0.843137, 1 ],
				"roughnessFactor": 0.261468,
				"metallicFactor": 1
			},
			{
			},
			{
			},
			{
			}
		],
		"alphaRef": 84,
		"alphaTest": true,
		"translucent": false,
		"translucentBlendOp": "None",
		"doubleSided": true,
		"invertBackFaceNormals": true,
		"dynamicCubemap": true,
		"activeLayers": 1,
		"materialTag0": "beamng",
		"order_simset": 0,
		"version": 1.5
	},
	"material_51_mi_engineoilfilter_aa84f": {
		"name": "material_51_mi_engineoilfilter_aa84f",
		"class": "Material",
		"mapTo": "material_51_mi_engineoilfilter_aa84f",
		"Stages": [
			{
				"normalMap": "camso_col_0xff8080ff.dds",
				"normalMapStrength": 1,
				"diffuseColor": [ 0.309804, 0.364706, 0.419608, 1 ],
				"roughnessFactor": 0.237143,
				"metallicFactor": 0.5
			},
			{
			},
			{
			},
			{
			}
		],
		"alphaRef": 84,
		"alphaTest": true,
		"translucent": false,
		"translucentBlendOp": "None",
		"doubleSided": true,
		"invertBackFaceNormals": true,
		"dynamicCubemap": true,
		"activeLayers": 1,
		"materialTag0": "beamng",
		"order_simset": 0,
		"version": 1.5
	},
	"material_52_blackhole_aa84f": {
		"name": "material_52_blackhole_aa84f",
		"class": "Material",
		"mapTo": "material_52_blackhole_aa84f",
		"Stages": [
			{
				"normalMap": "camso_col_0xff8080ff.dds",
				"normalMapStrength": 1,
				"diffuseColor": [ 0, 0, 0, 0 ],
				"roughnessFactor": 1,
				"metallicFactor": 0
			},
			{
			},
			{
			},
			{
			}
		],
		"alphaRef": 84,
		"alphaTest": true,
		"translucent": false,
		"translucentBlendOp": "None",
		"doubleSided": true,
		"invertBackFaceNormals": true,
		"activeLayers": 1,
		"materialTag0": "beamng",
		"order_simset": 0,
		"version": 1.5
	}
}
