{
	"Configuration": "TR124 Teehee",
	"Description": "",
	"Config Type": "Factory",
	"Weight": 3681,
	"Power": 4017,
	"Torque": 3172,
	"PowerPeakRPM": 10000,
	"TorquePeakRPM": 7600,
	"Weight/Power": 0.916286,
	"0-100 km/h": 4.3,
	"Top Speed": 97.3,
	"Years": {
		"min": 2020,
		"max": 2020
	},
	"Drivetrain": "4WD",
	"Transmission": "Automatic",
	"Propulsion": "ICE",
	"Fuel Type": "Nitromethane",
	"Induction Type": "Turbo",
	"Value": 54015,
	"defaultPaintName1": "Default1",
	"defaultPaintName2": "Default2"
}
