{
	"material_0_m_carpaint_df124.skin.dynamicTextures": {
		"name": "material_0_m_carpaint_df124.skin.dynamicTextures",
		"class": "Material",
		"mapTo": "material_0_m_carpaint_df124.skin.dynamicTextures",
		"Stages": [
			{
				"normalMap": "vehicles/ksa_116/camso_col_0xff8080ff.dds",
				"normalMapStrength": 1,
				"clearCoatFactor": 1,
				"clearCoatRoughnessFactor": 1,
				"opacityMap": "vehicles/ksa_116/df124_stamp0.dds",
				"opacityMapUseUV": 1,
				"instanceDiffuse": true,
				"roughnessFactor": 1,
				"metallicFactor": 1,
				"diffuseColor": [ 1, 1, 1, 1 ],
				"useAnisotropic": true
			},
			{
				"normalMap": "vehicles/ksa_116/camso_col_0xff8080ff.dds",
				"normalMapStrength": 1,
				"clearCoatFactor": 1,
				"clearCoatRoughnessFactor": 1,
				"opacityMap": "vehicles/ksa_116/df124_stamp0.dds",
				"opacityMapUseUV": 1,
				"instanceDiffuse": true,
				"roughnessFactor": 1,
				"metallicFactor": 1,
				"baseColorMap": "@DynamicTextureBaseColor",
				"diffuseMapUseUV": 1,
				"colorPaletteMap": "@DynamicTextureColorPalette",
				"colorPaletteMapUseUV": 1,
				"roughnessMap": "@DynamicTextureRoughness",
				"roughnessMapUseUV": 1,
				"metallicMap": "@DynamicTextureMetallic",
				"metallicMapUseUV": 1,
				"useAnisotropic": true
			},
			{
			},
			{
			}
		],
		"alphaRef": 255,
		"alphaTest": true,
		"translucent": false,
		"translucentBlendOp": "None",
		"doubleSided": true,
		"invertBackFaceNormals": true,
		"dynamicCubemap": true,
		"activeLayers": 2,
		"materialTag0": "beamng",
		"materialTag1": "vehicle",
		"order_simset": 0,
		"version": 1.5
	},
	"material_3_m_carpaint_df124.skin.dynamicTextures": {
		"name": "material_3_m_carpaint_df124.skin.dynamicTextures",
		"class": "Material",
		"mapTo": "material_3_m_carpaint_df124.skin.dynamicTextures",
		"Stages": [
			{
				"normalMap": "vehicles/ksa_116/camso_col_0xff8080ff.dds",
				"normalMapStrength": 1,
				"clearCoatFactor": 1,
				"clearCoatRoughnessFactor": 0,
				"diffuseColor": [ 1, 1, 1, 1 ],
				"roughnessFactor": 0.74,
				"metallicFactor": 0
			},
			{
				"normalMap": "vehicles/ksa_116/camso_col_0xff8080ff.dds",
				"normalMapStrength": 1,
				"clearCoatFactor": 1,
				"clearCoatRoughnessFactor": 0,
				"roughnessFactor": 0.74,
				"metallicFactor": 0,
				"baseColorMap": "@DynamicTextureBaseColor",
				"diffuseMapUseUV": 1,
				"colorPaletteMap": "@DynamicTextureColorPalette",
				"colorPaletteMapUseUV": 1,
				"roughnessMap": "@DynamicTextureRoughness",
				"roughnessMapUseUV": 1,
				"metallicMap": "@DynamicTextureMetallic",
				"metallicMapUseUV": 1
			},
			{
			},
			{
			}
		],
		"alphaRef": 255,
		"alphaTest": true,
		"translucent": false,
		"translucentBlendOp": "None",
		"doubleSided": true,
		"invertBackFaceNormals": true,
		"dynamicCubemap": true,
		"activeLayers": 2,
		"materialTag0": "beamng",
		"materialTag1": "vehicle",
		"order_simset": 0,
		"version": 1.5
	},
	"material_13_m_carpaint_df124.skin.dynamicTextures": {
		"name": "material_13_m_carpaint_df124.skin.dynamicTextures",
		"class": "Material",
		"mapTo": "material_13_m_carpaint_df124.skin.dynamicTextures",
		"Stages": [
			{
				"normalMap": "vehicles/ksa_116/camso_col_0xff8080ff.dds",
				"normalMapStrength": 1,
				"clearCoatFactor": 1,
				"clearCoatRoughnessFactor": 0,
				"diffuseColor": [ 0.847059, 0.0941176, 0, 1 ],
				"roughnessFactor": 0.263333,
				"metallicFactor": 0.752381
			},
			{
				"normalMap": "vehicles/ksa_116/camso_col_0xff8080ff.dds",
				"normalMapStrength": 1,
				"clearCoatFactor": 1,
				"clearCoatRoughnessFactor": 0,
				"roughnessFactor": 0.263333,
				"metallicFactor": 0.752381,
				"baseColorMap": "@DynamicTextureBaseColor",
				"diffuseMapUseUV": 1,
				"colorPaletteMap": "@DynamicTextureColorPalette",
				"colorPaletteMapUseUV": 1,
				"roughnessMap": "@DynamicTextureRoughness",
				"roughnessMapUseUV": 1,
				"metallicMap": "@DynamicTextureMetallic",
				"metallicMapUseUV": 1
			},
			{
			},
			{
			}
		],
		"alphaRef": 255,
		"alphaTest": true,
		"translucent": false,
		"translucentBlendOp": "None",
		"doubleSided": true,
		"invertBackFaceNormals": true,
		"dynamicCubemap": true,
		"activeLayers": 2,
		"materialTag0": "beamng",
		"materialTag1": "vehicle",
		"order_simset": 0,
		"version": 1.5
	},
	"material_20_m_carpaint_df124.skin.dynamicTextures": {
		"name": "material_20_m_carpaint_df124.skin.dynamicTextures",
		"class": "Material",
		"mapTo": "material_20_m_carpaint_df124.skin.dynamicTextures",
		"Stages": [
			{
				"normalMap": "vehicles/ksa_116/camso_col_0xff8080ff.dds",
				"normalMapStrength": 1,
				"clearCoatFactor": 1,
				"clearCoatRoughnessFactor": 1,
				"instanceDiffuse": true,
				"roughnessFactor": 1,
				"metallicFactor": 1,
				"diffuseColor": [ 1, 1, 1, 1 ]
			},
			{
				"normalMap": "vehicles/ksa_116/camso_col_0xff8080ff.dds",
				"normalMapStrength": 1,
				"clearCoatFactor": 1,
				"clearCoatRoughnessFactor": 1,
				"instanceDiffuse": true,
				"roughnessFactor": 1,
				"metallicFactor": 1,
				"baseColorMap": "@DynamicTextureBaseColor",
				"diffuseMapUseUV": 1,
				"colorPaletteMap": "@DynamicTextureColorPalette",
				"colorPaletteMapUseUV": 1,
				"roughnessMap": "@DynamicTextureRoughness",
				"roughnessMapUseUV": 1,
				"metallicMap": "@DynamicTextureMetallic",
				"metallicMapUseUV": 1
			},
			{
			},
			{
			}
		],
		"alphaRef": 255,
		"alphaTest": true,
		"translucent": false,
		"translucentBlendOp": "None",
		"doubleSided": true,
		"invertBackFaceNormals": true,
		"dynamicCubemap": true,
		"activeLayers": 2,
		"materialTag0": "beamng",
		"materialTag1": "vehicle",
		"order_simset": 0,
		"version": 1.5
	},
	"material_24_m_carpaint_df124.skin.dynamicTextures": {
		"name": "material_24_m_carpaint_df124.skin.dynamicTextures",
		"class": "Material",
		"mapTo": "material_24_m_carpaint_df124.skin.dynamicTextures",
		"Stages": [
			{
				"normalMap": "vehicles/ksa_116/camso_col_0xff8080ff.dds",
				"normalMapStrength": 1,
				"clearCoatFactor": 1,
				"clearCoatRoughnessFactor": 1,
				"instanceDiffuse": true,
				"roughnessFactor": 1,
				"metallicFactor": 1,
				"diffuseColor": [ 1, 1, 1, 1 ]
			},
			{
				"normalMap": "vehicles/ksa_116/camso_col_0xff8080ff.dds",
				"normalMapStrength": 1,
				"clearCoatFactor": 1,
				"clearCoatRoughnessFactor": 1,
				"instanceDiffuse": true,
				"roughnessFactor": 1,
				"metallicFactor": 1,
				"baseColorMap": "@DynamicTextureBaseColor",
				"diffuseMapUseUV": 1,
				"colorPaletteMap": "@DynamicTextureColorPalette",
				"colorPaletteMapUseUV": 1,
				"roughnessMap": "@DynamicTextureRoughness",
				"roughnessMapUseUV": 1,
				"metallicMap": "@DynamicTextureMetallic",
				"metallicMapUseUV": 1
			},
			{
			},
			{
			}
		],
		"alphaRef": 255,
		"alphaTest": true,
		"translucent": false,
		"translucentBlendOp": "None",
		"doubleSided": true,
		"invertBackFaceNormals": true,
		"dynamicCubemap": true,
		"activeLayers": 2,
		"materialTag0": "beamng",
		"materialTag1": "vehicle",
		"order_simset": 0,
		"version": 1.5
	},
	"material_27_m_carpaint_df124.skin.dynamicTextures": {
		"name": "material_27_m_carpaint_df124.skin.dynamicTextures",
		"class": "Material",
		"mapTo": "material_27_m_carpaint_df124.skin.dynamicTextures",
		"Stages": [
			{
				"normalMap": "vehicles/ksa_116/camso_col_0xff8080ff.dds",
				"normalMapStrength": 1,
				"clearCoatFactor": 1,
				"clearCoatRoughnessFactor": 0,
				"diffuseColor": [ 0, 0.388235, 0.847059, 1 ],
				"roughnessFactor": 0,
				"metallicFactor": 0
			},
			{
				"normalMap": "vehicles/ksa_116/camso_col_0xff8080ff.dds",
				"normalMapStrength": 1,
				"clearCoatFactor": 1,
				"clearCoatRoughnessFactor": 0,
				"roughnessFactor": 0,
				"metallicFactor": 0,
				"baseColorMap": "@DynamicTextureBaseColor",
				"diffuseMapUseUV": 1,
				"colorPaletteMap": "@DynamicTextureColorPalette",
				"colorPaletteMapUseUV": 1,
				"roughnessMap": "@DynamicTextureRoughness",
				"roughnessMapUseUV": 1,
				"metallicMap": "@DynamicTextureMetallic",
				"metallicMapUseUV": 1
			},
			{
			},
			{
			}
		],
		"alphaRef": 255,
		"alphaTest": true,
		"translucent": false,
		"translucentBlendOp": "None",
		"doubleSided": true,
		"invertBackFaceNormals": true,
		"dynamicCubemap": true,
		"activeLayers": 2,
		"materialTag0": "beamng",
		"materialTag1": "vehicle",
		"order_simset": 0,
		"version": 1.5
	},
	"material_37_m_carpaint_df124.skin.dynamicTextures": {
		"name": "material_37_m_carpaint_df124.skin.dynamicTextures",
		"class": "Material",
		"mapTo": "material_37_m_carpaint_df124.skin.dynamicTextures",
		"Stages": [
			{
				"normalMap": "vehicles/ksa_116/camso_col_0xff8080ff.dds",
				"normalMapStrength": 1,
				"clearCoatFactor": 1,
				"clearCoatRoughnessFactor": 0,
				"diffuseColor": [ 0, 0.388235, 0.847059, 1 ],
				"roughnessFactor": 0,
				"metallicFactor": 0
			},
			{
				"normalMap": "vehicles/ksa_116/camso_col_0xff8080ff.dds",
				"normalMapStrength": 1,
				"clearCoatFactor": 1,
				"clearCoatRoughnessFactor": 0,
				"roughnessFactor": 0,
				"metallicFactor": 0,
				"baseColorMap": "@DynamicTextureBaseColor",
				"diffuseMapUseUV": 1,
				"colorPaletteMap": "@DynamicTextureColorPalette",
				"colorPaletteMapUseUV": 1,
				"roughnessMap": "@DynamicTextureRoughness",
				"roughnessMapUseUV": 1,
				"metallicMap": "@DynamicTextureMetallic",
				"metallicMapUseUV": 1
			},
			{
			},
			{
			}
		],
		"alphaRef": 255,
		"alphaTest": true,
		"translucent": false,
		"translucentBlendOp": "None",
		"doubleSided": true,
		"invertBackFaceNormals": true,
		"dynamicCubemap": true,
		"activeLayers": 2,
		"materialTag0": "beamng",
		"materialTag1": "vehicle",
		"order_simset": 0,
		"version": 1.5
	}
}
