{
	"material_0_m_carpaint_01192.skin.dynamicTextures": {
		"name": "material_0_m_carpaint_01192.skin.dynamicTextures",
		"class": "Material",
		"mapTo": "material_0_m_carpaint_01192.skin.dynamicTextures",
		"Stages": [
			{
				"normalMap": "vehicles/ksa_1900rst/camso_col_0xff8080ff.dds",
				"normalMapStrength": 1,
				"clearCoatFactor": 1,
				"clearCoatRoughnessFactor": 1,
				"opacityMap": "vehicles/ksa_1900rst/01192_stamp0.dds",
				"opacityMapUseUV": 1,
				"instanceDiffuse": true,
				"roughnessFactor": 1,
				"metallicFactor": 1,
				"diffuseColor": [ 1, 1, 1, 1 ],
				"useAnisotropic": true
			},
			{
				"normalMap": "vehicles/ksa_1900rst/camso_col_0xff8080ff.dds",
				"normalMapStrength": 1,
				"clearCoatFactor": 1,
				"clearCoatRoughnessFactor": 1,
				"opacityMap": "vehicles/ksa_1900rst/01192_stamp0.dds",
				"opacityMapUseUV": 1,
				"instanceDiffuse": true,
				"roughnessFactor": 1,
				"metallicFactor": 1,
				"baseColorMap": "@DynamicTextureBaseColor",
				"diffuseMapUseUV": 1,
				"colorPaletteMap": "@DynamicTextureColorPalette",
				"colorPaletteMapUseUV": 1,
				"roughnessMap": "@DynamicTextureRoughness",
				"roughnessMapUseUV": 1,
				"metallicMap": "@DynamicTextureMetallic",
				"metallicMapUseUV": 1,
				"useAnisotropic": true
			},
			{
			},
			{
			}
		],
		"alphaRef": 255,
		"alphaTest": true,
		"translucent": false,
		"translucentBlendOp": "None",
		"doubleSided": true,
		"invertBackFaceNormals": true,
		"dynamicCubemap": true,
		"activeLayers": 2,
		"materialTag0": "beamng",
		"materialTag1": "vehicle",
		"order_simset": 0,
		"version": 1.5
	},
	"material_9_m_carpaint_01192.skin.dynamicTextures": {
		"name": "material_9_m_carpaint_01192.skin.dynamicTextures",
		"class": "Material",
		"mapTo": "material_9_m_carpaint_01192.skin.dynamicTextures",
		"Stages": [
			{
				"normalMap": "vehicles/ksa_1900rst/camso_col_0xff8080ff.dds",
				"normalMapStrength": 1,
				"clearCoatFactor": 1,
				"clearCoatRoughnessFactor": 0,
				"diffuseColor": [ 1, 1, 1, 1 ],
				"roughnessFactor": 0,
				"metallicFactor": 0
			},
			{
				"normalMap": "vehicles/ksa_1900rst/camso_col_0xff8080ff.dds",
				"normalMapStrength": 1,
				"clearCoatFactor": 1,
				"clearCoatRoughnessFactor": 0,
				"roughnessFactor": 0,
				"metallicFactor": 0,
				"baseColorMap": "@DynamicTextureBaseColor",
				"diffuseMapUseUV": 1,
				"colorPaletteMap": "@DynamicTextureColorPalette",
				"colorPaletteMapUseUV": 1,
				"roughnessMap": "@DynamicTextureRoughness",
				"roughnessMapUseUV": 1,
				"metallicMap": "@DynamicTextureMetallic",
				"metallicMapUseUV": 1
			},
			{
			},
			{
			}
		],
		"alphaRef": 255,
		"alphaTest": true,
		"translucent": false,
		"translucentBlendOp": "None",
		"doubleSided": true,
		"invertBackFaceNormals": true,
		"dynamicCubemap": true,
		"activeLayers": 2,
		"materialTag0": "beamng",
		"materialTag1": "vehicle",
		"order_simset": 0,
		"version": 1.5
	},
	"material_10_m_carpaint_01192.skin.dynamicTextures": {
		"name": "material_10_m_carpaint_01192.skin.dynamicTextures",
		"class": "Material",
		"mapTo": "material_10_m_carpaint_01192.skin.dynamicTextures",
		"Stages": [
			{
				"normalMap": "vehicles/ksa_1900rst/camso_col_0xff8080ff.dds",
				"normalMapStrength": 1,
				"clearCoatFactor": 1,
				"clearCoatRoughnessFactor": 1,
				"instanceDiffuse": true,
				"roughnessFactor": 1,
				"metallicFactor": 1,
				"diffuseColor": [ 1, 1, 1, 1 ]
			},
			{
				"normalMap": "vehicles/ksa_1900rst/camso_col_0xff8080ff.dds",
				"normalMapStrength": 1,
				"clearCoatFactor": 1,
				"clearCoatRoughnessFactor": 1,
				"instanceDiffuse": true,
				"roughnessFactor": 1,
				"metallicFactor": 1,
				"baseColorMap": "@DynamicTextureBaseColor",
				"diffuseMapUseUV": 1,
				"colorPaletteMap": "@DynamicTextureColorPalette",
				"colorPaletteMapUseUV": 1,
				"roughnessMap": "@DynamicTextureRoughness",
				"roughnessMapUseUV": 1,
				"metallicMap": "@DynamicTextureMetallic",
				"metallicMapUseUV": 1
			},
			{
			},
			{
			}
		],
		"alphaRef": 255,
		"alphaTest": true,
		"translucent": false,
		"translucentBlendOp": "None",
		"doubleSided": true,
		"invertBackFaceNormals": true,
		"dynamicCubemap": true,
		"activeLayers": 2,
		"materialTag0": "beamng",
		"materialTag1": "vehicle",
		"order_simset": 0,
		"version": 1.5
	},
	"material_24_m_carpaint_01192.skin.dynamicTextures": {
		"name": "material_24_m_carpaint_01192.skin.dynamicTextures",
		"class": "Material",
		"mapTo": "material_24_m_carpaint_01192.skin.dynamicTextures",
		"Stages": [
			{
				"normalMap": "vehicles/ksa_1900rst/camso_col_0xff8080ff.dds",
				"normalMapStrength": 1,
				"clearCoatFactor": 1,
				"clearCoatRoughnessFactor": 1,
				"instanceDiffuse": true,
				"roughnessFactor": 1,
				"metallicFactor": 1,
				"diffuseColor": [ 1, 1, 1, 1 ]
			},
			{
				"normalMap": "vehicles/ksa_1900rst/camso_col_0xff8080ff.dds",
				"normalMapStrength": 1,
				"clearCoatFactor": 1,
				"clearCoatRoughnessFactor": 1,
				"instanceDiffuse": true,
				"roughnessFactor": 1,
				"metallicFactor": 1,
				"baseColorMap": "@DynamicTextureBaseColor",
				"diffuseMapUseUV": 1,
				"colorPaletteMap": "@DynamicTextureColorPalette",
				"colorPaletteMapUseUV": 1,
				"roughnessMap": "@DynamicTextureRoughness",
				"roughnessMapUseUV": 1,
				"metallicMap": "@DynamicTextureMetallic",
				"metallicMapUseUV": 1
			},
			{
			},
			{
			}
		],
		"alphaRef": 255,
		"alphaTest": true,
		"translucent": false,
		"translucentBlendOp": "None",
		"doubleSided": true,
		"invertBackFaceNormals": true,
		"dynamicCubemap": true,
		"activeLayers": 2,
		"materialTag0": "beamng",
		"materialTag1": "vehicle",
		"order_simset": 0,
		"version": 1.5
	},
	"material_26_m_carpaint_01192.skin.dynamicTextures": {
		"name": "material_26_m_carpaint_01192.skin.dynamicTextures",
		"class": "Material",
		"mapTo": "material_26_m_carpaint_01192.skin.dynamicTextures",
		"Stages": [
			{
				"normalMap": "vehicles/ksa_1900rst/camso_col_0xff8080ff.dds",
				"normalMapStrength": 1,
				"clearCoatFactor": 1,
				"clearCoatRoughnessFactor": 1,
				"instanceDiffuse": true,
				"roughnessFactor": 1,
				"metallicFactor": 1,
				"diffuseColor": [ 1, 1, 1, 1 ]
			},
			{
				"normalMap": "vehicles/ksa_1900rst/camso_col_0xff8080ff.dds",
				"normalMapStrength": 1,
				"clearCoatFactor": 1,
				"clearCoatRoughnessFactor": 1,
				"instanceDiffuse": true,
				"roughnessFactor": 1,
				"metallicFactor": 1,
				"baseColorMap": "@DynamicTextureBaseColor",
				"diffuseMapUseUV": 1,
				"colorPaletteMap": "@DynamicTextureColorPalette",
				"colorPaletteMapUseUV": 1,
				"roughnessMap": "@DynamicTextureRoughness",
				"roughnessMapUseUV": 1,
				"metallicMap": "@DynamicTextureMetallic",
				"metallicMapUseUV": 1
			},
			{
			},
			{
			}
		],
		"alphaRef": 255,
		"alphaTest": true,
		"translucent": false,
		"translucentBlendOp": "None",
		"doubleSided": true,
		"invertBackFaceNormals": true,
		"dynamicCubemap": true,
		"activeLayers": 2,
		"materialTag0": "beamng",
		"materialTag1": "vehicle",
		"order_simset": 0,
		"version": 1.5
	},
	"material_32_m_carpaint_01192.skin.dynamicTextures": {
		"name": "material_32_m_carpaint_01192.skin.dynamicTextures",
		"class": "Material",
		"mapTo": "material_32_m_carpaint_01192.skin.dynamicTextures",
		"Stages": [
			{
				"normalMap": "vehicles/ksa_1900rst/camso_col_0xff8080ff.dds",
				"normalMapStrength": 1,
				"clearCoatFactor": 1,
				"clearCoatRoughnessFactor": 1,
				"instanceDiffuse": true,
				"roughnessFactor": 1,
				"metallicFactor": 1,
				"diffuseColor": [ 1, 1, 1, 1 ]
			},
			{
				"normalMap": "vehicles/ksa_1900rst/camso_col_0xff8080ff.dds",
				"normalMapStrength": 1,
				"clearCoatFactor": 1,
				"clearCoatRoughnessFactor": 1,
				"instanceDiffuse": true,
				"roughnessFactor": 1,
				"metallicFactor": 1,
				"baseColorMap": "@DynamicTextureBaseColor",
				"diffuseMapUseUV": 1,
				"colorPaletteMap": "@DynamicTextureColorPalette",
				"colorPaletteMapUseUV": 1,
				"roughnessMap": "@DynamicTextureRoughness",
				"roughnessMapUseUV": 1,
				"metallicMap": "@DynamicTextureMetallic",
				"metallicMapUseUV": 1
			},
			{
			},
			{
			}
		],
		"alphaRef": 255,
		"alphaTest": true,
		"translucent": false,
		"translucentBlendOp": "None",
		"doubleSided": true,
		"invertBackFaceNormals": true,
		"dynamicCubemap": true,
		"activeLayers": 2,
		"materialTag0": "beamng",
		"materialTag1": "vehicle",
		"order_simset": 0,
		"version": 1.5
	},
	"material_52_m_carpaint_01192.skin.dynamicTextures": {
		"name": "material_52_m_carpaint_01192.skin.dynamicTextures",
		"class": "Material",
		"mapTo": "material_52_m_carpaint_01192.skin.dynamicTextures",
		"Stages": [
			{
				"normalMap": "vehicles/ksa_1900rst/camso_col_0xff8080ff.dds",
				"normalMapStrength": 1,
				"clearCoatFactor": 1,
				"clearCoatRoughnessFactor": 0,
				"diffuseColor": [ 0.278431, 0.568627, 0.745098, 1 ],
				"roughnessFactor": 0.35,
				"metallicFactor": 1
			},
			{
				"normalMap": "vehicles/ksa_1900rst/camso_col_0xff8080ff.dds",
				"normalMapStrength": 1,
				"clearCoatFactor": 1,
				"clearCoatRoughnessFactor": 0,
				"roughnessFactor": 0.35,
				"metallicFactor": 1,
				"baseColorMap": "@DynamicTextureBaseColor",
				"diffuseMapUseUV": 1,
				"colorPaletteMap": "@DynamicTextureColorPalette",
				"colorPaletteMapUseUV": 1,
				"roughnessMap": "@DynamicTextureRoughness",
				"roughnessMapUseUV": 1,
				"metallicMap": "@DynamicTextureMetallic",
				"metallicMapUseUV": 1
			},
			{
			},
			{
			}
		],
		"alphaRef": 255,
		"alphaTest": true,
		"translucent": false,
		"translucentBlendOp": "None",
		"doubleSided": true,
		"invertBackFaceNormals": true,
		"dynamicCubemap": true,
		"activeLayers": 2,
		"materialTag0": "beamng",
		"materialTag1": "vehicle",
		"order_simset": 0,
		"version": 1.5
	},
	"material_62_m_carpaint_01192.skin.dynamicTextures": {
		"name": "material_62_m_carpaint_01192.skin.dynamicTextures",
		"class": "Material",
		"mapTo": "material_62_m_carpaint_01192.skin.dynamicTextures",
		"Stages": [
			{
				"normalMap": "vehicles/ksa_1900rst/camso_col_0xff8080ff.dds",
				"normalMapStrength": 1,
				"clearCoatFactor": 1,
				"clearCoatRoughnessFactor": 0,
				"diffuseColor": [ 0.278431, 0.568627, 0.745098, 1 ],
				"roughnessFactor": 0.35,
				"metallicFactor": 1
			},
			{
				"normalMap": "vehicles/ksa_1900rst/camso_col_0xff8080ff.dds",
				"normalMapStrength": 1,
				"clearCoatFactor": 1,
				"clearCoatRoughnessFactor": 0,
				"roughnessFactor": 0.35,
				"metallicFactor": 1,
				"baseColorMap": "@DynamicTextureBaseColor",
				"diffuseMapUseUV": 1,
				"colorPaletteMap": "@DynamicTextureColorPalette",
				"colorPaletteMapUseUV": 1,
				"roughnessMap": "@DynamicTextureRoughness",
				"roughnessMapUseUV": 1,
				"metallicMap": "@DynamicTextureMetallic",
				"metallicMapUseUV": 1
			},
			{
			},
			{
			}
		],
		"alphaRef": 255,
		"alphaTest": true,
		"translucent": false,
		"translucentBlendOp": "None",
		"doubleSided": true,
		"invertBackFaceNormals": true,
		"dynamicCubemap": true,
		"activeLayers": 2,
		"materialTag0": "beamng",
		"materialTag1": "vehicle",
		"order_simset": 0,
		"version": 1.5
	}
}
