{
	"material_0_m_carpaint_14c2e": {
		"name": "material_0_m_carpaint_14c2e",
		"class": "Material",
		"mapTo": "material_0_m_carpaint_14c2e",
		"Stages": [
			{
				"normalMap": "camso_col_0xff8080ff.dds",
				"normalMapStrength": 1,
				"clearCoatFactor": 1,
				"clearCoatRoughnessFactor": 1,
				"opacityMap": "14c2e_stamp0.dds",
				"opacityMapUseUV": 1,
				"instanceDiffuse": true,
				"colorPaletteMap": "camso_col_0xffff0000.dds",
				"roughnessFactor": 1,
				"metallicFactor": 1,
				"diffuseColor": [ 1, 1, 1, 1 ],
				"useAnisotropic": true
			},
			{
			},
			{
			},
			{
			}
		],
		"alphaRef": 255,
		"alphaTest": true,
		"translucent": false,
		"translucentBlendOp": "None",
		"doubleSided": true,
		"invertBackFaceNormals": true,
		"dynamicCubemap": true,
		"activeLayers": 1,
		"materialTag0": "beamng",
		"order_simset": 0,
		"version": 1.5
	},
	"material_1_mp_plastic_inst_14c2e": {
		"name": "material_1_mp_plastic_inst_14c2e",
		"class": "Material",
		"mapTo": "material_1_mp_plastic_inst_14c2e",
		"Stages": [
			{
				"normalMap": "camso_col_0xff8080ff.dds",
				"normalMapStrength": 1,
				"opacityMap": "14c2e_stamp0.dds",
				"opacityMapUseUV": 1,
				"diffuseColor": [ 0.0509804, 0.0509804, 0.0509804, 1 ],
				"roughnessFactor": 0.4,
				"metallicFactor": 0,
				"useAnisotropic": true
			},
			{
			},
			{
			},
			{
			}
		],
		"alphaRef": 84,
		"alphaTest": true,
		"translucent": false,
		"translucentBlendOp": "None",
		"doubleSided": true,
		"invertBackFaceNormals": true,
		"dynamicCubemap": true,
		"activeLayers": 1,
		"materialTag0": "beamng",
		"order_simset": 0,
		"version": 1.5
	},
	"material_2_carwindows_transparent_14c2e": {
		"name": "material_2_carwindows_transparent_14c2e",
		"class": "Material",
		"mapTo": "material_2_carwindows_transparent_14c2e",
		"Stages": [
			{
				"normalMap": "camso_col_0xff8080ff.dds",
				"normalMapStrength": 1,
				"opacityMap": "14c2e_stamp0.dds",
				"opacityMapUseUV": 1,
				"opacityFactor": 0.898039,
				"diffuseColor": [ 0, 0.0627451, 0.0509804, 0.898039 ],
				"roughnessFactor": 0.02,
				"metallicFactor": 1,
				"useAnisotropic": true
			},
			{
			},
			{
			},
			{
			}
		],
		"alphaRef": 1,
		"alphaTest": true,
		"translucent": true,
		"translucentBlendOp": "PreMulAlpha",
		"translucentZWrite": false,
		"castShadows": false,
		"translucentRecvShadows": true,
		"dynamicCubemap": true,
		"activeLayers": 1,
		"materialTag0": "beamng",
		"order_simset": 0,
		"version": 1.5
	},
	"material_3_chassis_gluedaluminium_14c2e": {
		"name": "material_3_chassis_gluedaluminium_14c2e",
		"class": "Material",
		"mapTo": "material_3_chassis_gluedaluminium_14c2e",
		"Stages": [
			{
				"normalMap": "camso_t_noise_n.dds",
				"normalMapStrength": 1,
				"diffuseColor": [ 0.733333, 0.556863, 0.541176, 1 ],
				"roughnessFactor": 0.225,
				"metallicFactor": 0.5,
				"useAnisotropic": true
			},
			{
			},
			{
			},
			{
			}
		],
		"alphaRef": 84,
		"alphaTest": true,
		"translucent": false,
		"translucentBlendOp": "None",
		"doubleSided": true,
		"invertBackFaceNormals": true,
		"dynamicCubemap": true,
		"activeLayers": 1,
		"materialTag0": "beamng",
		"order_simset": 0,
		"version": 1.5
	},
	"material_4_mi_suspensionpaintblack_14c2e": {
		"name": "material_4_mi_suspensionpaintblack_14c2e",
		"class": "Material",
		"mapTo": "material_4_mi_suspensionpaintblack_14c2e",
		"Stages": [
			{
				"normalMap": "camso_col_0xff8080ff.dds",
				"normalMapStrength": 1,
				"diffuseColor": [ 0, 0, 0, 0 ],
				"roughnessFactor": 0.3,
				"metallicFactor": 0
			},
			{
			},
			{
			},
			{
			}
		],
		"alphaRef": 84,
		"alphaTest": true,
		"translucent": false,
		"translucentBlendOp": "None",
		"doubleSided": true,
		"invertBackFaceNormals": true,
		"dynamicCubemap": true,
		"activeLayers": 1,
		"materialTag0": "beamng",
		"order_simset": 0,
		"version": 1.5
	},
	"material_5_m_bolt_14c2e": {
		"name": "material_5_m_bolt_14c2e",
		"class": "Material",
		"mapTo": "material_5_m_bolt_14c2e",
		"Stages": [
			{
				"normalMap": "camso_col_0xff8080ff.dds",
				"normalMapStrength": 1,
				"diffuseColor": [ 0.709804, 0.670588, 0.611765, 1 ],
				"roughnessFactor": 0.4,
				"metallicFactor": 1
			},
			{
			},
			{
			},
			{
			}
		],
		"alphaRef": 84,
		"alphaTest": true,
		"translucent": false,
		"translucentBlendOp": "None",
		"doubleSided": true,
		"invertBackFaceNormals": true,
		"dynamicCubemap": true,
		"activeLayers": 1,
		"materialTag0": "beamng",
		"order_simset": 0,
		"version": 1.5
	},
	"material_6_mi_machinedmetal_morphable_14c2e": {
		"name": "material_6_mi_machinedmetal_morphable_14c2e",
		"class": "Material",
		"mapTo": "material_6_mi_machinedmetal_morphable_14c2e",
		"Stages": [
			{
				"normalMap": "camso_t_normal_8k_slnobhpc.dds",
				"normalMapStrength": 0.199048,
				"diffuseMap": "camso_t_default_macrovariation_lerpg_0xFFCECEDB_0xFFD0C9CE.dds",
				"diffuseColor": [ 1, 1, 1, 1 ],
				"roughnessFactor": 0.247166,
				"metallicFactor": 1,
				"useAnisotropic": true
			},
			{
			},
			{
			},
			{
			}
		],
		"alphaRef": 84,
		"alphaTest": true,
		"translucent": false,
		"translucentBlendOp": "None",
		"doubleSided": true,
		"invertBackFaceNormals": true,
		"dynamicCubemap": true,
		"activeLayers": 1,
		"materialTag0": "beamng",
		"order_simset": 0,
		"version": 1.5
	},
	"material_7_mi_rubber_tyre_14c2e": {
		"name": "material_7_mi_rubber_tyre_14c2e",
		"class": "Material",
		"mapTo": "material_7_mi_rubber_tyre_14c2e",
		"Stages": [
			{
				"normalMap": "14c2e_tyrenormal_0.dds",
				"normalMapStrength": 1,
				"diffuseColor": [ 0.12549, 0.121569, 0.121569, 1 ],
				"roughnessFactor": 0.541936,
				"metallicFactor": 0,
				"useAnisotropic": true
			},
			{
			},
			{
			},
			{
			}
		],
		"alphaRef": 84,
		"alphaTest": true,
		"translucent": false,
		"translucentBlendOp": "None",
		"doubleSided": true,
		"invertBackFaceNormals": true,
		"dynamicCubemap": true,
		"activeLayers": 1,
		"materialTag0": "beamng",
		"order_simset": 0,
		"version": 1.5
	},
	"material_8_m_carpaint_14c2e": {
		"name": "material_8_m_carpaint_14c2e",
		"class": "Material",
		"mapTo": "material_8_m_carpaint_14c2e",
		"Stages": [
			{
				"normalMap": "camso_col_0xff8080ff.dds",
				"normalMapStrength": 1,
				"clearCoatFactor": 1,
				"clearCoatRoughnessFactor": 0,
				"diffuseColor": [ 1, 1, 1, 1 ],
				"roughnessFactor": 0.035,
				"metallicFactor": 0.1
			},
			{
			},
			{
			},
			{
			}
		],
		"alphaRef": 255,
		"alphaTest": true,
		"translucent": false,
		"translucentBlendOp": "None",
		"doubleSided": true,
		"invertBackFaceNormals": true,
		"dynamicCubemap": true,
		"activeLayers": 1,
		"materialTag0": "beamng",
		"order_simset": 0,
		"version": 1.5
	},
	"material_9_m_carpaint_14c2e": {
		"name": "material_9_m_carpaint_14c2e",
		"class": "Material",
		"mapTo": "material_9_m_carpaint_14c2e",
		"Stages": [
			{
				"normalMap": "camso_col_0xff8080ff.dds",
				"normalMapStrength": 1,
				"clearCoatFactor": 1,
				"clearCoatRoughnessFactor": 1,
				"instanceDiffuse": true,
				"colorPaletteMap": "camso_col_0xffff0000.dds",
				"roughnessFactor": 1,
				"metallicFactor": 1,
				"diffuseColor": [ 1, 1, 1, 1 ]
			},
			{
			},
			{
			},
			{
			}
		],
		"alphaRef": 255,
		"alphaTest": true,
		"translucent": false,
		"translucentBlendOp": "None",
		"doubleSided": true,
		"invertBackFaceNormals": true,
		"dynamicCubemap": true,
		"activeLayers": 1,
		"materialTag0": "beamng",
		"order_simset": 0,
		"version": 1.5
	},
	"material_10_mi_castalloy_morphable_14c2e": {
		"name": "material_10_mi_castalloy_morphable_14c2e",
		"class": "Material",
		"mapTo": "material_10_mi_castalloy_morphable_14c2e",
		"Stages": [
			{
				"normalMap": "camso_col_0xff8080ff.dds",
				"normalMapStrength": 1,
				"diffuseColor": [ 0.596078, 0.596078, 0.596078, 1 ],
				"roughnessFactor": 0.9,
				"metallicFactor": 0.4
			},
			{
			},
			{
			},
			{
			}
		],
		"alphaRef": 84,
		"alphaTest": true,
		"translucent": false,
		"translucentBlendOp": "None",
		"doubleSided": true,
		"invertBackFaceNormals": true,
		"dynamicCubemap": true,
		"activeLayers": 1,
		"materialTag0": "beamng",
		"order_simset": 0,
		"version": 1.5
	},
	"material_11_m_blackrubber_14c2e": {
		"name": "material_11_m_blackrubber_14c2e",
		"class": "Material",
		"mapTo": "material_11_m_blackrubber_14c2e",
		"Stages": [
			{
				"normalMap": "camso_col_0xff8080ff.dds",
				"normalMapStrength": 1,
				"diffuseColor": [ 0.0470588, 0.0470588, 0.0470588, 0 ],
				"roughnessFactor": 0,
				"metallicFactor": 0
			},
			{
			},
			{
			},
			{
			}
		],
		"alphaRef": 84,
		"alphaTest": true,
		"translucent": false,
		"translucentBlendOp": "None",
		"doubleSided": true,
		"invertBackFaceNormals": true,
		"dynamicCubemap": true,
		"activeLayers": 1,
		"materialTag0": "beamng",
		"order_simset": 0,
		"version": 1.5
	},
	"material_12_mi_suspensionpaintyellow_14c2e": {
		"name": "material_12_mi_suspensionpaintyellow_14c2e",
		"class": "Material",
		"mapTo": "material_12_mi_suspensionpaintyellow_14c2e",
		"Stages": [
			{
				"normalMap": "camso_col_0xff8080ff.dds",
				"normalMapStrength": 1,
				"diffuseColor": [ 0.662745, 0.568627, 0.113725, 0 ],
				"roughnessFactor": 0.3,
				"metallicFactor": 0
			},
			{
			},
			{
			},
			{
			}
		],
		"alphaRef": 84,
		"alphaTest": true,
		"translucent": false,
		"translucentBlendOp": "None",
		"doubleSided": true,
		"invertBackFaceNormals": true,
		"dynamicCubemap": true,
		"activeLayers": 1,
		"materialTag0": "beamng",
		"order_simset": 0,
		"version": 1.5
	},
	"material_13_mi_suspensionpaintred_14c2e": {
		"name": "material_13_mi_suspensionpaintred_14c2e",
		"class": "Material",
		"mapTo": "material_13_mi_suspensionpaintred_14c2e",
		"Stages": [
			{
				"normalMap": "camso_col_0xff8080ff.dds",
				"normalMapStrength": 1,
				"diffuseColor": [ 0.517647, 0, 0, 0 ],
				"roughnessFactor": 0.3,
				"metallicFactor": 0
			},
			{
			},
			{
			},
			{
			}
		],
		"alphaRef": 84,
		"alphaTest": true,
		"translucent": false,
		"translucentBlendOp": "None",
		"doubleSided": true,
		"invertBackFaceNormals": true,
		"dynamicCubemap": true,
		"activeLayers": 1,
		"materialTag0": "beamng",
		"order_simset": 0,
		"version": 1.5
	},
	"material_14_mi_brakerotor_carbon_14c2e": {
		"name": "material_14_mi_brakerotor_carbon_14c2e",
		"class": "Material",
		"mapTo": "material_14_mi_brakerotor_carbon_14c2e",
		"Stages": [
			{
				"normalMap": "camso_col_0xff8080ff.dds",
				"normalMapStrength": 1,
				"diffuseMap": "camso_t_carbonceramic_basecolor.dds",
				"diffuseColor": [ 0.658824, 0.658824, 0.658824, 1 ],
				"roughnessFactor": 0.15,
				"metallicFactor": 1,
				"useAnisotropic": true
			},
			{
			},
			{
			},
			{
			}
		],
		"alphaRef": 84,
		"alphaTest": true,
		"translucent": false,
		"translucentBlendOp": "None",
		"doubleSided": true,
		"invertBackFaceNormals": true,
		"dynamicCubemap": true,
		"activeLayers": 1,
		"materialTag0": "beamng",
		"order_simset": 0,
		"version": 1.5
	},
	"material_15_m_carpaint_14c2e": {
		"name": "material_15_m_carpaint_14c2e",
		"class": "Material",
		"mapTo": "material_15_m_carpaint_14c2e",
		"Stages": [
			{
				"normalMap": "camso_col_0xff8080ff.dds",
				"normalMapStrength": 1,
				"clearCoatFactor": 1,
				"clearCoatRoughnessFactor": 0,
				"diffuseColor": [ 0.847059, 0.0941176, 0, 1 ],
				"roughnessFactor": 0.263333,
				"metallicFactor": 0.752381
			},
			{
			},
			{
			},
			{
			}
		],
		"alphaRef": 255,
		"alphaTest": true,
		"translucent": false,
		"translucentBlendOp": "None",
		"doubleSided": true,
		"invertBackFaceNormals": true,
		"dynamicCubemap": true,
		"activeLayers": 1,
		"materialTag0": "beamng",
		"order_simset": 0,
		"version": 1.5
	},
	"material_16_m_castiron_forged_14c2e": {
		"name": "material_16_m_castiron_forged_14c2e",
		"class": "Material",
		"mapTo": "material_16_m_castiron_forged_14c2e",
		"Stages": [
			{
				"normalMap": "camso_col_0xff8080ff.dds",
				"normalMapStrength": 1,
				"diffuseColor": [ 0.372549, 0.372549, 0.372549, 1 ],
				"roughnessFactor": 0.9,
				"metallicFactor": 1
			},
			{
			},
			{
			},
			{
			}
		],
		"alphaRef": 84,
		"alphaTest": true,
		"translucent": false,
		"translucentBlendOp": "None",
		"doubleSided": true,
		"invertBackFaceNormals": true,
		"dynamicCubemap": true,
		"activeLayers": 1,
		"materialTag0": "beamng",
		"order_simset": 0,
		"version": 1.5
	},
	"material_17_m_machinedmetal_14c2e": {
		"name": "material_17_m_machinedmetal_14c2e",
		"class": "Material",
		"mapTo": "material_17_m_machinedmetal_14c2e",
		"Stages": [
			{
				"normalMap": "camso_col_0xff8080ff.dds",
				"normalMapStrength": 1,
				"diffuseColor": [ 0.654902, 0.654902, 0.654902, 1 ],
				"roughnessFactor": 0.2,
				"metallicFactor": 1
			},
			{
			},
			{
			},
			{
			}
		],
		"alphaRef": 84,
		"alphaTest": true,
		"translucent": false,
		"translucentBlendOp": "None",
		"doubleSided": true,
		"invertBackFaceNormals": true,
		"dynamicCubemap": true,
		"activeLayers": 1,
		"materialTag0": "beamng",
		"order_simset": 0,
		"version": 1.5
	},
	"material_18_mi_rubber_tyre_14c2e": {
		"name": "material_18_mi_rubber_tyre_14c2e",
		"class": "Material",
		"mapTo": "material_18_mi_rubber_tyre_14c2e",
		"Stages": [
			{
				"normalMap": "14c2e_tyrenormal_1.dds",
				"normalMapStrength": 1,
				"diffuseColor": [ 0.12549, 0.121569, 0.121569, 1 ],
				"roughnessFactor": 0.541936,
				"metallicFactor": 0,
				"useAnisotropic": true
			},
			{
			},
			{
			},
			{
			}
		],
		"alphaRef": 84,
		"alphaTest": true,
		"translucent": false,
		"translucentBlendOp": "None",
		"doubleSided": true,
		"invertBackFaceNormals": true,
		"dynamicCubemap": true,
		"activeLayers": 1,
		"materialTag0": "beamng",
		"order_simset": 0,
		"version": 1.5
	},
	"material_19_mp_plastic_inst_14c2e": {
		"name": "material_19_mp_plastic_inst_14c2e",
		"class": "Material",
		"mapTo": "material_19_mp_plastic_inst_14c2e",
		"Stages": [
			{
				"normalMap": "camso_col_0xff8080ff.dds",
				"normalMapStrength": 1,
				"diffuseColor": [ 0.0509804, 0.0509804, 0.0509804, 1 ],
				"roughnessFactor": 0.4,
				"metallicFactor": 0
			},
			{
			},
			{
			},
			{
			}
		],
		"alphaRef": 84,
		"alphaTest": true,
		"translucent": false,
		"translucentBlendOp": "None",
		"doubleSided": true,
		"invertBackFaceNormals": true,
		"dynamicCubemap": true,
		"activeLayers": 1,
		"materialTag0": "beamng",
		"order_simset": 0,
		"version": 1.5
	},
	"material_20_m_bolt_morphable_14c2e": {
		"name": "material_20_m_bolt_morphable_14c2e",
		"class": "Material",
		"mapTo": "material_20_m_bolt_morphable_14c2e",
		"Stages": [
			{
				"normalMap": "camso_col_0xff8080ff.dds",
				"normalMapStrength": 1,
				"diffuseColor": [ 0.709804, 0.670588, 0.611765, 1 ],
				"roughnessFactor": 0.4,
				"metallicFactor": 1
			},
			{
			},
			{
			},
			{
			}
		],
		"alphaRef": 84,
		"alphaTest": true,
		"translucent": false,
		"translucentBlendOp": "None",
		"doubleSided": true,
		"invertBackFaceNormals": true,
		"dynamicCubemap": true,
		"activeLayers": 1,
		"materialTag0": "beamng",
		"order_simset": 0,
		"version": 1.5
	},
	"material_21_m_carpaint_14c2e": {
		"name": "material_21_m_carpaint_14c2e",
		"class": "Material",
		"mapTo": "material_21_m_carpaint_14c2e",
		"Stages": [
			{
				"normalMap": "camso_col_0xff8080ff.dds",
				"normalMapStrength": 1,
				"clearCoatFactor": 1,
				"clearCoatRoughnessFactor": 1,
				"opacityMap": "14c2e_stamp1.dds",
				"opacityMapUseUV": 1,
				"instanceDiffuse": true,
				"colorPaletteMap": "camso_col_0xffff0000.dds",
				"roughnessFactor": 1,
				"metallicFactor": 1,
				"diffuseColor": [ 1, 1, 1, 1 ],
				"useAnisotropic": true
			},
			{
			},
			{
			},
			{
			}
		],
		"alphaRef": 255,
		"alphaTest": true,
		"translucent": false,
		"translucentBlendOp": "None",
		"doubleSided": true,
		"invertBackFaceNormals": true,
		"dynamicCubemap": true,
		"activeLayers": 1,
		"materialTag0": "beamng",
		"order_simset": 0,
		"version": 1.5
	},
	"material_22_fixturegrille_010_14c2e": {
		"name": "material_22_fixturegrille_010_14c2e",
		"class": "Material",
		"mapTo": "material_22_fixturegrille_010_14c2e",
		"Stages": [
			{
				"normalMap": "camso_t_grille01_n.dds",
				"normalMapStrength": 0.333,
				"diffuseMap": "camso_t_grille01_h_stepped.dds",
				"roughnessMap": "camso_t_grille01_h_stepped_inverse.dds",
				"metallicMap": "camso_t_grille01_h_stepped.dds",
				"opacityMap": "14c2e_stamp1.dds",
				"opacityMapUseUV": 1,
				"diffuseColor": [ 0.431373, 0.431373, 0.431373, 1 ],
				"roughnessFactor": 0.2,
				"metallicFactor": 1,
				"useAnisotropic": true
			},
			{
			},
			{
			},
			{
			}
		],
		"alphaRef": 84,
		"alphaTest": true,
		"translucent": false,
		"translucentBlendOp": "None",
		"doubleSided": true,
		"invertBackFaceNormals": true,
		"dynamicCubemap": true,
		"activeLayers": 1,
		"materialTag0": "beamng",
		"order_simset": 0,
		"version": 1.5
	},
	"material_23_m_carpaint_14c2e": {
		"name": "material_23_m_carpaint_14c2e",
		"class": "Material",
		"mapTo": "material_23_m_carpaint_14c2e",
		"Stages": [
			{
				"normalMap": "camso_col_0xff8080ff.dds",
				"normalMapStrength": 1,
				"clearCoatFactor": 1,
				"clearCoatRoughnessFactor": 1,
				"opacityMap": "14c2e_stamp1.dds",
				"opacityMapUseUV": 1,
				"instanceDiffuse": true,
				"colorPaletteMap": "camso_col_0xffff0000.dds",
				"roughnessFactor": 1,
				"metallicFactor": 1,
				"diffuseColor": [ 1, 1, 1, 1 ],
				"useAnisotropic": true
			},
			{
			},
			{
			},
			{
			}
		],
		"alphaRef": 255,
		"alphaTest": true,
		"translucent": false,
		"translucentBlendOp": "None",
		"doubleSided": true,
		"invertBackFaceNormals": true,
		"dynamicCubemap": true,
		"activeLayers": 1,
		"materialTag0": "beamng",
		"order_simset": 0,
		"version": 1.5
	},
	"material_24_fixtureglass_headlight_002_14c2e": {
		"name": "material_24_fixtureglass_headlight_002_14c2e",
		"class": "Material",
		"mapTo": "material_24_fixtureglass_headlight_002_14c2e",
		"Stages": [
			{
				"normalMap": "camso_t_taillightreflector_02_normal.dds",
				"normalMapStrength": 1,
				"opacityMap": "14c2e_stamp1.dds",
				"opacityMapUseUV": 1,
				"opacityFactor": 0.34902,
				"diffuseColor": [ 0.94902, 0.94902, 0.94902, 0.34902 ],
				"roughnessFactor": 0,
				"metallicFactor": 0,
				"useAnisotropic": true
			},
			{
			},
			{
			},
			{
			}
		],
		"alphaRef": 1,
		"alphaTest": true,
		"translucent": true,
		"translucentBlendOp": "AddAlpha",
		"translucentZWrite": false,
		"castShadows": false,
		"translucentRecvShadows": true,
		"dynamicCubemap": true,
		"activeLayers": 1,
		"materialTag0": "beamng",
		"order_simset": 0,
		"version": 1.5
	},
	"material_24_fixtureglass_headlight_002_14c2e_off": {
		"name": "material_24_fixtureglass_headlight_002_14c2e_off",
		"class": "Material",
		"mapTo": "material_24_fixtureglass_headlight_002_14c2e_off",
		"Stages": [
			{
				"normalMap": "camso_t_taillightreflector_02_normal.dds",
				"normalMapStrength": 1,
				"opacityMap": "14c2e_stamp1.dds",
				"opacityMapUseUV": 1,
				"opacityFactor": 0.34902,
				"diffuseColor": [ 0.94902, 0.94902, 0.94902, 0.34902 ],
				"roughnessFactor": 0,
				"metallicFactor": 0,
				"useAnisotropic": true
			},
			{
			},
			{
			},
			{
			}
		],
		"alphaRef": 1,
		"alphaTest": true,
		"translucent": true,
		"translucentBlendOp": "AddAlpha",
		"translucentZWrite": false,
		"castShadows": false,
		"translucentRecvShadows": true,
		"dynamicCubemap": true,
		"activeLayers": 1,
		"materialTag0": "beamng",
		"order_simset": 0,
		"version": 1.5
	},
	"material_24_fixtureglass_headlight_002_14c2e_on": {
		"name": "material_24_fixtureglass_headlight_002_14c2e_on",
		"class": "Material",
		"mapTo": "material_24_fixtureglass_headlight_002_14c2e_on",
		"Stages": [
			{
				"normalMap": "camso_t_taillightreflector_02_normal.dds",
				"normalMapStrength": 1,
				"opacityMap": "14c2e_stamp1.dds",
				"opacityMapUseUV": 1,
				"opacityFactor": 0.34902,
				"diffuseColor": [ 0.94902, 0.94902, 0.94902, 0.34902 ],
				"roughnessFactor": 0,
				"metallicFactor": 0,
				"emissiveFactor": [ 0.992141, 0.992141, 0.992141 ],
				"glow": true,
				"useAnisotropic": true
			},
			{
			},
			{
			},
			{
			}
		],
		"alphaRef": 1,
		"alphaTest": true,
		"translucent": true,
		"translucentBlendOp": "AddAlpha",
		"translucentZWrite": false,
		"castShadows": false,
		"translucentRecvShadows": true,
		"dynamicCubemap": true,
		"activeLayers": 1,
		"materialTag0": "beamng",
		"order_simset": 0,
		"version": 1.5
	},
	"material_24_fixtureglass_headlight_002_14c2e_onIntense": {
		"name": "material_24_fixtureglass_headlight_002_14c2e_onIntense",
		"class": "Material",
		"mapTo": "material_24_fixtureglass_headlight_002_14c2e_onIntense",
		"Stages": [
			{
				"normalMap": "camso_t_taillightreflector_02_normal.dds",
				"normalMapStrength": 1,
				"opacityMap": "14c2e_stamp1.dds",
				"opacityMapUseUV": 1,
				"opacityFactor": 0.34902,
				"diffuseColor": [ 0.94902, 0.94902, 0.94902, 0.34902 ],
				"roughnessFactor": 0,
				"metallicFactor": 0,
				"emissiveFactor": [ 1, 1, 1 ],
				"glow": true,
				"useAnisotropic": true
			},
			{
			},
			{
			},
			{
			}
		],
		"alphaRef": 1,
		"alphaTest": true,
		"translucent": true,
		"translucentBlendOp": "AddAlpha",
		"translucentZWrite": false,
		"castShadows": false,
		"translucentRecvShadows": true,
		"dynamicCubemap": true,
		"activeLayers": 1,
		"materialTag0": "beamng",
		"order_simset": 0,
		"version": 1.5
	},
	"material_25_fixtureopaqueglass_reflector_002_14c2e": {
		"name": "material_25_fixtureopaqueglass_reflector_002_14c2e",
		"class": "Material",
		"mapTo": "material_25_fixtureopaqueglass_reflector_002_14c2e",
		"Stages": [
			{
				"normalMap": "camso_col_0xff8080ff.dds",
				"normalMapStrength": 1,
				"opacityMap": "14c2e_stamp1.dds",
				"opacityMapUseUV": 1,
				"diffuseColor": [ 0.976471, 0.45098, 0, 1 ],
				"roughnessFactor": 0,
				"metallicFactor": 0,
				"useAnisotropic": true
			},
			{
			},
			{
			},
			{
			}
		],
		"alphaRef": 84,
		"alphaTest": true,
		"translucent": false,
		"translucentBlendOp": "None",
		"doubleSided": true,
		"invertBackFaceNormals": true,
		"dynamicCubemap": true,
		"activeLayers": 1,
		"materialTag0": "beamng",
		"order_simset": 0,
		"version": 1.5
	},
	"material_25_fixtureopaqueglass_reflector_002_14c2e_off": {
		"name": "material_25_fixtureopaqueglass_reflector_002_14c2e_off",
		"class": "Material",
		"mapTo": "material_25_fixtureopaqueglass_reflector_002_14c2e_off",
		"Stages": [
			{
				"normalMap": "camso_col_0xff8080ff.dds",
				"normalMapStrength": 1,
				"opacityMap": "14c2e_stamp1.dds",
				"opacityMapUseUV": 1,
				"diffuseColor": [ 0.976471, 0.45098, 0, 1 ],
				"roughnessFactor": 0,
				"metallicFactor": 0,
				"useAnisotropic": true
			},
			{
			},
			{
			},
			{
			}
		],
		"alphaRef": 84,
		"alphaTest": true,
		"translucent": false,
		"translucentBlendOp": "None",
		"doubleSided": true,
		"invertBackFaceNormals": true,
		"dynamicCubemap": true,
		"activeLayers": 1,
		"materialTag0": "beamng",
		"order_simset": 0,
		"version": 1.5
	},
	"material_25_fixtureopaqueglass_reflector_002_14c2e_on": {
		"name": "material_25_fixtureopaqueglass_reflector_002_14c2e_on",
		"class": "Material",
		"mapTo": "material_25_fixtureopaqueglass_reflector_002_14c2e_on",
		"Stages": [
			{
				"normalMap": "camso_col_0xff8080ff.dds",
				"normalMapStrength": 1,
				"opacityMap": "14c2e_stamp1.dds",
				"opacityMapUseUV": 1,
				"diffuseColor": [ 0.976471, 0.45098, 0, 1 ],
				"roughnessFactor": 0,
				"metallicFactor": 0,
				"emissiveFactor": [ 0.99738, 0.705656, 0 ],
				"glow": true,
				"useAnisotropic": true
			},
			{
			},
			{
			},
			{
			}
		],
		"alphaRef": 84,
		"alphaTest": true,
		"translucent": false,
		"translucentBlendOp": "None",
		"doubleSided": true,
		"invertBackFaceNormals": true,
		"dynamicCubemap": true,
		"activeLayers": 1,
		"materialTag0": "beamng",
		"order_simset": 0,
		"version": 1.5
	},
	"material_25_fixtureopaqueglass_reflector_002_14c2e_onIntense": {
		"name": "material_25_fixtureopaqueglass_reflector_002_14c2e_onIntense",
		"class": "Material",
		"mapTo": "material_25_fixtureopaqueglass_reflector_002_14c2e_onIntense",
		"Stages": [
			{
				"normalMap": "camso_col_0xff8080ff.dds",
				"normalMapStrength": 1,
				"opacityMap": "14c2e_stamp1.dds",
				"opacityMapUseUV": 1,
				"diffuseColor": [ 0.976471, 0.45098, 0, 1 ],
				"roughnessFactor": 0,
				"metallicFactor": 0,
				"emissiveFactor": [ 1, 0.70751, 0 ],
				"glow": true,
				"useAnisotropic": true
			},
			{
			},
			{
			},
			{
			}
		],
		"alphaRef": 84,
		"alphaTest": true,
		"translucent": false,
		"translucentBlendOp": "None",
		"doubleSided": true,
		"invertBackFaceNormals": true,
		"dynamicCubemap": true,
		"activeLayers": 1,
		"materialTag0": "beamng",
		"order_simset": 0,
		"version": 1.5
	},
	"material_26_fixturebulb_light_005_14c2e": {
		"name": "material_26_fixturebulb_light_005_14c2e",
		"class": "Material",
		"mapTo": "material_26_fixturebulb_light_005_14c2e",
		"Stages": [
			{
				"normalMap": "camso_col_0xff8080ff.dds",
				"normalMapStrength": 1,
				"opacityMap": "14c2e_stamp1.dds",
				"opacityMapUseUV": 1,
				"diffuseColor": [ 0.984314, 0.984314, 0.980392, 1 ],
				"roughnessFactor": 0.02,
				"metallicFactor": 1,
				"useAnisotropic": true
			},
			{
			},
			{
			},
			{
			}
		],
		"alphaRef": 84,
		"alphaTest": true,
		"translucent": false,
		"translucentBlendOp": "None",
		"doubleSided": true,
		"invertBackFaceNormals": true,
		"dynamicCubemap": true,
		"activeLayers": 1,
		"materialTag0": "beamng",
		"order_simset": 0,
		"version": 1.5
	},
	"material_26_fixturebulb_light_005_14c2e_off": {
		"name": "material_26_fixturebulb_light_005_14c2e_off",
		"class": "Material",
		"mapTo": "material_26_fixturebulb_light_005_14c2e_off",
		"Stages": [
			{
				"normalMap": "camso_col_0xff8080ff.dds",
				"normalMapStrength": 1,
				"opacityMap": "14c2e_stamp1.dds",
				"opacityMapUseUV": 1,
				"diffuseColor": [ 0.984314, 0.984314, 0.980392, 1 ],
				"roughnessFactor": 0.02,
				"metallicFactor": 1,
				"useAnisotropic": true
			},
			{
			},
			{
			},
			{
			}
		],
		"alphaRef": 84,
		"alphaTest": true,
		"translucent": false,
		"translucentBlendOp": "None",
		"doubleSided": true,
		"invertBackFaceNormals": true,
		"dynamicCubemap": true,
		"activeLayers": 1,
		"materialTag0": "beamng",
		"order_simset": 0,
		"version": 1.5
	},
	"material_26_fixturebulb_light_005_14c2e_on": {
		"name": "material_26_fixturebulb_light_005_14c2e_on",
		"class": "Material",
		"mapTo": "material_26_fixturebulb_light_005_14c2e_on",
		"Stages": [
			{
				"normalMap": "camso_col_0xff8080ff.dds",
				"normalMapStrength": 1,
				"opacityMap": "14c2e_stamp1.dds",
				"opacityMapUseUV": 1,
				"diffuseColor": [ 0.984314, 0.984314, 0.980392, 1 ],
				"roughnessFactor": 0.02,
				"metallicFactor": 1,
				"emissiveFactor": [ 1, 1, 1 ],
				"glow": true,
				"useAnisotropic": true
			},
			{
			},
			{
			},
			{
			}
		],
		"alphaRef": 84,
		"alphaTest": true,
		"translucent": false,
		"translucentBlendOp": "None",
		"doubleSided": true,
		"invertBackFaceNormals": true,
		"dynamicCubemap": true,
		"activeLayers": 1,
		"materialTag0": "beamng",
		"order_simset": 0,
		"version": 1.5
	},
	"material_26_fixturebulb_light_005_14c2e_onIntense": {
		"name": "material_26_fixturebulb_light_005_14c2e_onIntense",
		"class": "Material",
		"mapTo": "material_26_fixturebulb_light_005_14c2e_onIntense",
		"Stages": [
			{
				"normalMap": "camso_col_0xff8080ff.dds",
				"normalMapStrength": 1,
				"opacityMap": "14c2e_stamp1.dds",
				"opacityMapUseUV": 1,
				"diffuseColor": [ 0.984314, 0.984314, 0.980392, 1 ],
				"roughnessFactor": 0.02,
				"metallicFactor": 1,
				"emissiveFactor": [ 1, 1, 1 ],
				"glow": true,
				"useAnisotropic": true
			},
			{
			},
			{
			},
			{
			}
		],
		"alphaRef": 84,
		"alphaTest": true,
		"translucent": false,
		"translucentBlendOp": "None",
		"doubleSided": true,
		"invertBackFaceNormals": true,
		"dynamicCubemap": true,
		"activeLayers": 1,
		"materialTag0": "beamng",
		"order_simset": 0,
		"version": 1.5
	},
	"material_27_fixturebulb_light_007_14c2e": {
		"name": "material_27_fixturebulb_light_007_14c2e",
		"class": "Material",
		"mapTo": "material_27_fixturebulb_light_007_14c2e",
		"Stages": [
			{
				"normalMap": "camso_col_0xff8080ff.dds",
				"normalMapStrength": 1,
				"opacityMap": "14c2e_stamp1.dds",
				"opacityMapUseUV": 1,
				"diffuseColor": [ 0.984314, 0.984314, 0.980392, 1 ],
				"roughnessFactor": 0.02,
				"metallicFactor": 1,
				"useAnisotropic": true
			},
			{
			},
			{
			},
			{
			}
		],
		"alphaRef": 84,
		"alphaTest": true,
		"translucent": false,
		"translucentBlendOp": "None",
		"doubleSided": true,
		"invertBackFaceNormals": true,
		"dynamicCubemap": true,
		"activeLayers": 1,
		"materialTag0": "beamng",
		"order_simset": 0,
		"version": 1.5
	},
	"material_27_fixturebulb_light_007_14c2e_off": {
		"name": "material_27_fixturebulb_light_007_14c2e_off",
		"class": "Material",
		"mapTo": "material_27_fixturebulb_light_007_14c2e_off",
		"Stages": [
			{
				"normalMap": "camso_col_0xff8080ff.dds",
				"normalMapStrength": 1,
				"opacityMap": "14c2e_stamp1.dds",
				"opacityMapUseUV": 1,
				"diffuseColor": [ 0.984314, 0.984314, 0.980392, 1 ],
				"roughnessFactor": 0.02,
				"metallicFactor": 1,
				"useAnisotropic": true
			},
			{
			},
			{
			},
			{
			}
		],
		"alphaRef": 84,
		"alphaTest": true,
		"translucent": false,
		"translucentBlendOp": "None",
		"doubleSided": true,
		"invertBackFaceNormals": true,
		"dynamicCubemap": true,
		"activeLayers": 1,
		"materialTag0": "beamng",
		"order_simset": 0,
		"version": 1.5
	},
	"material_27_fixturebulb_light_007_14c2e_on": {
		"name": "material_27_fixturebulb_light_007_14c2e_on",
		"class": "Material",
		"mapTo": "material_27_fixturebulb_light_007_14c2e_on",
		"Stages": [
			{
				"normalMap": "camso_col_0xff8080ff.dds",
				"normalMapStrength": 1,
				"opacityMap": "14c2e_stamp1.dds",
				"opacityMapUseUV": 1,
				"diffuseColor": [ 0.984314, 0.984314, 0.980392, 1 ],
				"roughnessFactor": 0.02,
				"metallicFactor": 1,
				"emissiveFactor": [ 0.994761, 0.661853, 0.416135 ],
				"glow": true,
				"useAnisotropic": true
			},
			{
			},
			{
			},
			{
			}
		],
		"alphaRef": 84,
		"alphaTest": true,
		"translucent": false,
		"translucentBlendOp": "None",
		"doubleSided": true,
		"invertBackFaceNormals": true,
		"dynamicCubemap": true,
		"activeLayers": 1,
		"materialTag0": "beamng",
		"order_simset": 0,
		"version": 1.5
	},
	"material_27_fixturebulb_light_007_14c2e_onIntense": {
		"name": "material_27_fixturebulb_light_007_14c2e_onIntense",
		"class": "Material",
		"mapTo": "material_27_fixturebulb_light_007_14c2e_onIntense",
		"Stages": [
			{
				"normalMap": "camso_col_0xff8080ff.dds",
				"normalMapStrength": 1,
				"opacityMap": "14c2e_stamp1.dds",
				"opacityMapUseUV": 1,
				"diffuseColor": [ 0.984314, 0.984314, 0.980392, 1 ],
				"roughnessFactor": 0.02,
				"metallicFactor": 1,
				"emissiveFactor": [ 1, 0.665339, 0.418327 ],
				"glow": true,
				"useAnisotropic": true
			},
			{
			},
			{
			},
			{
			}
		],
		"alphaRef": 84,
		"alphaTest": true,
		"translucent": false,
		"translucentBlendOp": "None",
		"doubleSided": true,
		"invertBackFaceNormals": true,
		"dynamicCubemap": true,
		"activeLayers": 1,
		"materialTag0": "beamng",
		"order_simset": 0,
		"version": 1.5
	},
	"material_28_fixtureopaqueglass_reflector_002_14c2e": {
		"name": "material_28_fixtureopaqueglass_reflector_002_14c2e",
		"class": "Material",
		"mapTo": "material_28_fixtureopaqueglass_reflector_002_14c2e",
		"Stages": [
			{
				"normalMap": "camso_col_0xff8080ff.dds",
				"normalMapStrength": 1,
				"opacityMap": "14c2e_stamp1.dds",
				"opacityMapUseUV": 1,
				"diffuseColor": [ 0.976471, 0.45098, 0, 1 ],
				"roughnessFactor": 0,
				"metallicFactor": 0,
				"useAnisotropic": true
			},
			{
			},
			{
			},
			{
			}
		],
		"alphaRef": 84,
		"alphaTest": true,
		"translucent": false,
		"translucentBlendOp": "None",
		"doubleSided": true,
		"invertBackFaceNormals": true,
		"dynamicCubemap": true,
		"activeLayers": 1,
		"materialTag0": "beamng",
		"order_simset": 0,
		"version": 1.5
	},
	"material_28_fixtureopaqueglass_reflector_002_14c2e_off": {
		"name": "material_28_fixtureopaqueglass_reflector_002_14c2e_off",
		"class": "Material",
		"mapTo": "material_28_fixtureopaqueglass_reflector_002_14c2e_off",
		"Stages": [
			{
				"normalMap": "camso_col_0xff8080ff.dds",
				"normalMapStrength": 1,
				"opacityMap": "14c2e_stamp1.dds",
				"opacityMapUseUV": 1,
				"diffuseColor": [ 0.976471, 0.45098, 0, 1 ],
				"roughnessFactor": 0,
				"metallicFactor": 0,
				"useAnisotropic": true
			},
			{
			},
			{
			},
			{
			}
		],
		"alphaRef": 84,
		"alphaTest": true,
		"translucent": false,
		"translucentBlendOp": "None",
		"doubleSided": true,
		"invertBackFaceNormals": true,
		"dynamicCubemap": true,
		"activeLayers": 1,
		"materialTag0": "beamng",
		"order_simset": 0,
		"version": 1.5
	},
	"material_28_fixtureopaqueglass_reflector_002_14c2e_on": {
		"name": "material_28_fixtureopaqueglass_reflector_002_14c2e_on",
		"class": "Material",
		"mapTo": "material_28_fixtureopaqueglass_reflector_002_14c2e_on",
		"Stages": [
			{
				"normalMap": "camso_col_0xff8080ff.dds",
				"normalMapStrength": 1,
				"opacityMap": "14c2e_stamp1.dds",
				"opacityMapUseUV": 1,
				"diffuseColor": [ 0.976471, 0.45098, 0, 1 ],
				"roughnessFactor": 0,
				"metallicFactor": 0,
				"emissiveFactor": [ 0.99738, 0.705656, 0 ],
				"glow": true,
				"useAnisotropic": true
			},
			{
			},
			{
			},
			{
			}
		],
		"alphaRef": 84,
		"alphaTest": true,
		"translucent": false,
		"translucentBlendOp": "None",
		"doubleSided": true,
		"invertBackFaceNormals": true,
		"dynamicCubemap": true,
		"activeLayers": 1,
		"materialTag0": "beamng",
		"order_simset": 0,
		"version": 1.5
	},
	"material_28_fixtureopaqueglass_reflector_002_14c2e_onIntense": {
		"name": "material_28_fixtureopaqueglass_reflector_002_14c2e_onIntense",
		"class": "Material",
		"mapTo": "material_28_fixtureopaqueglass_reflector_002_14c2e_onIntense",
		"Stages": [
			{
				"normalMap": "camso_col_0xff8080ff.dds",
				"normalMapStrength": 1,
				"opacityMap": "14c2e_stamp1.dds",
				"opacityMapUseUV": 1,
				"diffuseColor": [ 0.976471, 0.45098, 0, 1 ],
				"roughnessFactor": 0,
				"metallicFactor": 0,
				"emissiveFactor": [ 1, 0.70751, 0 ],
				"glow": true,
				"useAnisotropic": true
			},
			{
			},
			{
			},
			{
			}
		],
		"alphaRef": 84,
		"alphaTest": true,
		"translucent": false,
		"translucentBlendOp": "None",
		"doubleSided": true,
		"invertBackFaceNormals": true,
		"dynamicCubemap": true,
		"activeLayers": 1,
		"materialTag0": "beamng",
		"order_simset": 0,
		"version": 1.5
	},
	"material_29_fixturebulb_light_007_14c2e": {
		"name": "material_29_fixturebulb_light_007_14c2e",
		"class": "Material",
		"mapTo": "material_29_fixturebulb_light_007_14c2e",
		"Stages": [
			{
				"normalMap": "camso_col_0xff8080ff.dds",
				"normalMapStrength": 1,
				"opacityMap": "14c2e_stamp1.dds",
				"opacityMapUseUV": 1,
				"diffuseColor": [ 0.984314, 0.984314, 0.980392, 1 ],
				"roughnessFactor": 0.02,
				"metallicFactor": 1,
				"useAnisotropic": true
			},
			{
			},
			{
			},
			{
			}
		],
		"alphaRef": 84,
		"alphaTest": true,
		"translucent": false,
		"translucentBlendOp": "None",
		"doubleSided": true,
		"invertBackFaceNormals": true,
		"dynamicCubemap": true,
		"activeLayers": 1,
		"materialTag0": "beamng",
		"order_simset": 0,
		"version": 1.5
	},
	"material_29_fixturebulb_light_007_14c2e_off": {
		"name": "material_29_fixturebulb_light_007_14c2e_off",
		"class": "Material",
		"mapTo": "material_29_fixturebulb_light_007_14c2e_off",
		"Stages": [
			{
				"normalMap": "camso_col_0xff8080ff.dds",
				"normalMapStrength": 1,
				"opacityMap": "14c2e_stamp1.dds",
				"opacityMapUseUV": 1,
				"diffuseColor": [ 0.984314, 0.984314, 0.980392, 1 ],
				"roughnessFactor": 0.02,
				"metallicFactor": 1,
				"useAnisotropic": true
			},
			{
			},
			{
			},
			{
			}
		],
		"alphaRef": 84,
		"alphaTest": true,
		"translucent": false,
		"translucentBlendOp": "None",
		"doubleSided": true,
		"invertBackFaceNormals": true,
		"dynamicCubemap": true,
		"activeLayers": 1,
		"materialTag0": "beamng",
		"order_simset": 0,
		"version": 1.5
	},
	"material_29_fixturebulb_light_007_14c2e_on": {
		"name": "material_29_fixturebulb_light_007_14c2e_on",
		"class": "Material",
		"mapTo": "material_29_fixturebulb_light_007_14c2e_on",
		"Stages": [
			{
				"normalMap": "camso_col_0xff8080ff.dds",
				"normalMapStrength": 1,
				"opacityMap": "14c2e_stamp1.dds",
				"opacityMapUseUV": 1,
				"diffuseColor": [ 0.984314, 0.984314, 0.980392, 1 ],
				"roughnessFactor": 0.02,
				"metallicFactor": 1,
				"emissiveFactor": [ 0.994761, 0.661853, 0.416135 ],
				"glow": true,
				"useAnisotropic": true
			},
			{
			},
			{
			},
			{
			}
		],
		"alphaRef": 84,
		"alphaTest": true,
		"translucent": false,
		"translucentBlendOp": "None",
		"doubleSided": true,
		"invertBackFaceNormals": true,
		"dynamicCubemap": true,
		"activeLayers": 1,
		"materialTag0": "beamng",
		"order_simset": 0,
		"version": 1.5
	},
	"material_29_fixturebulb_light_007_14c2e_onIntense": {
		"name": "material_29_fixturebulb_light_007_14c2e_onIntense",
		"class": "Material",
		"mapTo": "material_29_fixturebulb_light_007_14c2e_onIntense",
		"Stages": [
			{
				"normalMap": "camso_col_0xff8080ff.dds",
				"normalMapStrength": 1,
				"opacityMap": "14c2e_stamp1.dds",
				"opacityMapUseUV": 1,
				"diffuseColor": [ 0.984314, 0.984314, 0.980392, 1 ],
				"roughnessFactor": 0.02,
				"metallicFactor": 1,
				"emissiveFactor": [ 1, 0.665339, 0.418327 ],
				"glow": true,
				"useAnisotropic": true
			},
			{
			},
			{
			},
			{
			}
		],
		"alphaRef": 84,
		"alphaTest": true,
		"translucent": false,
		"translucentBlendOp": "None",
		"doubleSided": true,
		"invertBackFaceNormals": true,
		"dynamicCubemap": true,
		"activeLayers": 1,
		"materialTag0": "beamng",
		"order_simset": 0,
		"version": 1.5
	},
	"material_30_chromefixture_14c2e": {
		"name": "material_30_chromefixture_14c2e",
		"class": "Material",
		"mapTo": "material_30_chromefixture_14c2e",
		"Stages": [
			{
				"normalMap": "camso_col_0xff8080ff.dds",
				"normalMapStrength": 1,
				"opacityMap": "14c2e_stamp1.dds",
				"opacityMapUseUV": 1,
				"diffuseColor": [ 1, 1, 1, 1 ],
				"roughnessFactor": 0,
				"metallicFactor": 0,
				"useAnisotropic": true
			},
			{
			},
			{
			},
			{
			}
		],
		"alphaRef": 84,
		"alphaTest": true,
		"translucent": false,
		"translucentBlendOp": "None",
		"doubleSided": true,
		"invertBackFaceNormals": true,
		"dynamicCubemap": true,
		"activeLayers": 1,
		"materialTag0": "beamng",
		"order_simset": 0,
		"version": 1.5
	},
	"material_31_fixturebulb_light_006_14c2e": {
		"name": "material_31_fixturebulb_light_006_14c2e",
		"class": "Material",
		"mapTo": "material_31_fixturebulb_light_006_14c2e",
		"Stages": [
			{
				"normalMap": "camso_col_0xff8080ff.dds",
				"normalMapStrength": 1,
				"diffuseColor": [ 0.984314, 0.984314, 0.980392, 1 ],
				"roughnessFactor": 0.02,
				"metallicFactor": 1
			},
			{
			},
			{
			},
			{
			}
		],
		"alphaRef": 84,
		"alphaTest": true,
		"translucent": false,
		"translucentBlendOp": "None",
		"doubleSided": true,
		"invertBackFaceNormals": true,
		"dynamicCubemap": true,
		"activeLayers": 1,
		"materialTag0": "beamng",
		"order_simset": 0,
		"version": 1.5
	},
	"material_31_fixturebulb_light_006_14c2e_off": {
		"name": "material_31_fixturebulb_light_006_14c2e_off",
		"class": "Material",
		"mapTo": "material_31_fixturebulb_light_006_14c2e_off",
		"Stages": [
			{
				"normalMap": "camso_col_0xff8080ff.dds",
				"normalMapStrength": 1,
				"diffuseColor": [ 0.984314, 0.984314, 0.980392, 1 ],
				"roughnessFactor": 0.02,
				"metallicFactor": 1
			},
			{
			},
			{
			},
			{
			}
		],
		"alphaRef": 84,
		"alphaTest": true,
		"translucent": false,
		"translucentBlendOp": "None",
		"doubleSided": true,
		"invertBackFaceNormals": true,
		"dynamicCubemap": true,
		"activeLayers": 1,
		"materialTag0": "beamng",
		"order_simset": 0,
		"version": 1.5
	},
	"material_31_fixturebulb_light_006_14c2e_on": {
		"name": "material_31_fixturebulb_light_006_14c2e_on",
		"class": "Material",
		"mapTo": "material_31_fixturebulb_light_006_14c2e_on",
		"Stages": [
			{
				"normalMap": "camso_col_0xff8080ff.dds",
				"normalMapStrength": 1,
				"diffuseColor": [ 0.984314, 0.984314, 0.980392, 1 ],
				"roughnessFactor": 0.02,
				"metallicFactor": 1,
				"emissiveFactor": [ 1, 0.8, 0.8 ],
				"glow": true
			},
			{
			},
			{
			},
			{
			}
		],
		"alphaRef": 84,
		"alphaTest": true,
		"translucent": false,
		"translucentBlendOp": "None",
		"doubleSided": true,
		"invertBackFaceNormals": true,
		"dynamicCubemap": true,
		"activeLayers": 1,
		"materialTag0": "beamng",
		"order_simset": 0,
		"version": 1.5
	},
	"material_31_fixturebulb_light_006_14c2e_onIntense": {
		"name": "material_31_fixturebulb_light_006_14c2e_onIntense",
		"class": "Material",
		"mapTo": "material_31_fixturebulb_light_006_14c2e_onIntense",
		"Stages": [
			{
				"normalMap": "camso_col_0xff8080ff.dds",
				"normalMapStrength": 1,
				"diffuseColor": [ 0.984314, 0.984314, 0.980392, 1 ],
				"roughnessFactor": 0.02,
				"metallicFactor": 1,
				"emissiveFactor": [ 1, 0.8, 0.8 ],
				"glow": true
			},
			{
			},
			{
			},
			{
			}
		],
		"alphaRef": 84,
		"alphaTest": true,
		"translucent": false,
		"translucentBlendOp": "None",
		"doubleSided": true,
		"invertBackFaceNormals": true,
		"dynamicCubemap": true,
		"activeLayers": 1,
		"materialTag0": "beamng",
		"order_simset": 0,
		"version": 1.5
	},
	"material_32_fixturebulb_light_007_14c2e": {
		"name": "material_32_fixturebulb_light_007_14c2e",
		"class": "Material",
		"mapTo": "material_32_fixturebulb_light_007_14c2e",
		"Stages": [
			{
				"normalMap": "camso_col_0xff8080ff.dds",
				"normalMapStrength": 1,
				"diffuseColor": [ 0.984314, 0.984314, 0.980392, 1 ],
				"roughnessFactor": 0.02,
				"metallicFactor": 1
			},
			{
			},
			{
			},
			{
			}
		],
		"alphaRef": 84,
		"alphaTest": true,
		"translucent": false,
		"translucentBlendOp": "None",
		"doubleSided": true,
		"invertBackFaceNormals": true,
		"dynamicCubemap": true,
		"activeLayers": 1,
		"materialTag0": "beamng",
		"order_simset": 0,
		"version": 1.5
	},
	"material_32_fixturebulb_light_007_14c2e_off": {
		"name": "material_32_fixturebulb_light_007_14c2e_off",
		"class": "Material",
		"mapTo": "material_32_fixturebulb_light_007_14c2e_off",
		"Stages": [
			{
				"normalMap": "camso_col_0xff8080ff.dds",
				"normalMapStrength": 1,
				"diffuseColor": [ 0.984314, 0.984314, 0.980392, 1 ],
				"roughnessFactor": 0.02,
				"metallicFactor": 1
			},
			{
			},
			{
			},
			{
			}
		],
		"alphaRef": 84,
		"alphaTest": true,
		"translucent": false,
		"translucentBlendOp": "None",
		"doubleSided": true,
		"invertBackFaceNormals": true,
		"dynamicCubemap": true,
		"activeLayers": 1,
		"materialTag0": "beamng",
		"order_simset": 0,
		"version": 1.5
	},
	"material_32_fixturebulb_light_007_14c2e_on": {
		"name": "material_32_fixturebulb_light_007_14c2e_on",
		"class": "Material",
		"mapTo": "material_32_fixturebulb_light_007_14c2e_on",
		"Stages": [
			{
				"normalMap": "camso_col_0xff8080ff.dds",
				"normalMapStrength": 1,
				"diffuseColor": [ 0.984314, 0.984314, 0.980392, 1 ],
				"roughnessFactor": 0.02,
				"metallicFactor": 1,
				"emissiveFactor": [ 0.994761, 0.661853, 0.416135 ],
				"glow": true
			},
			{
			},
			{
			},
			{
			}
		],
		"alphaRef": 84,
		"alphaTest": true,
		"translucent": false,
		"translucentBlendOp": "None",
		"doubleSided": true,
		"invertBackFaceNormals": true,
		"dynamicCubemap": true,
		"activeLayers": 1,
		"materialTag0": "beamng",
		"order_simset": 0,
		"version": 1.5
	},
	"material_32_fixturebulb_light_007_14c2e_onIntense": {
		"name": "material_32_fixturebulb_light_007_14c2e_onIntense",
		"class": "Material",
		"mapTo": "material_32_fixturebulb_light_007_14c2e_onIntense",
		"Stages": [
			{
				"normalMap": "camso_col_0xff8080ff.dds",
				"normalMapStrength": 1,
				"diffuseColor": [ 0.984314, 0.984314, 0.980392, 1 ],
				"roughnessFactor": 0.02,
				"metallicFactor": 1,
				"emissiveFactor": [ 1, 0.665339, 0.418327 ],
				"glow": true
			},
			{
			},
			{
			},
			{
			}
		],
		"alphaRef": 84,
		"alphaTest": true,
		"translucent": false,
		"translucentBlendOp": "None",
		"doubleSided": true,
		"invertBackFaceNormals": true,
		"dynamicCubemap": true,
		"activeLayers": 1,
		"materialTag0": "beamng",
		"order_simset": 0,
		"version": 1.5
	},
	"material_33_fixturebulb_light_005_14c2e": {
		"name": "material_33_fixturebulb_light_005_14c2e",
		"class": "Material",
		"mapTo": "material_33_fixturebulb_light_005_14c2e",
		"Stages": [
			{
				"normalMap": "camso_col_0xff8080ff.dds",
				"normalMapStrength": 1,
				"diffuseColor": [ 0.984314, 0.984314, 0.980392, 1 ],
				"roughnessFactor": 0.02,
				"metallicFactor": 1
			},
			{
			},
			{
			},
			{
			}
		],
		"alphaRef": 84,
		"alphaTest": true,
		"translucent": false,
		"translucentBlendOp": "None",
		"doubleSided": true,
		"invertBackFaceNormals": true,
		"dynamicCubemap": true,
		"activeLayers": 1,
		"materialTag0": "beamng",
		"order_simset": 0,
		"version": 1.5
	},
	"material_33_fixturebulb_light_005_14c2e_off": {
		"name": "material_33_fixturebulb_light_005_14c2e_off",
		"class": "Material",
		"mapTo": "material_33_fixturebulb_light_005_14c2e_off",
		"Stages": [
			{
				"normalMap": "camso_col_0xff8080ff.dds",
				"normalMapStrength": 1,
				"diffuseColor": [ 0.984314, 0.984314, 0.980392, 1 ],
				"roughnessFactor": 0.02,
				"metallicFactor": 1
			},
			{
			},
			{
			},
			{
			}
		],
		"alphaRef": 84,
		"alphaTest": true,
		"translucent": false,
		"translucentBlendOp": "None",
		"doubleSided": true,
		"invertBackFaceNormals": true,
		"dynamicCubemap": true,
		"activeLayers": 1,
		"materialTag0": "beamng",
		"order_simset": 0,
		"version": 1.5
	},
	"material_33_fixturebulb_light_005_14c2e_on": {
		"name": "material_33_fixturebulb_light_005_14c2e_on",
		"class": "Material",
		"mapTo": "material_33_fixturebulb_light_005_14c2e_on",
		"Stages": [
			{
				"normalMap": "camso_col_0xff8080ff.dds",
				"normalMapStrength": 1,
				"diffuseColor": [ 0.984314, 0.984314, 0.980392, 1 ],
				"roughnessFactor": 0.02,
				"metallicFactor": 1,
				"emissiveFactor": [ 1, 1, 1 ],
				"glow": true
			},
			{
			},
			{
			},
			{
			}
		],
		"alphaRef": 84,
		"alphaTest": true,
		"translucent": false,
		"translucentBlendOp": "None",
		"doubleSided": true,
		"invertBackFaceNormals": true,
		"dynamicCubemap": true,
		"activeLayers": 1,
		"materialTag0": "beamng",
		"order_simset": 0,
		"version": 1.5
	},
	"material_33_fixturebulb_light_005_14c2e_onIntense": {
		"name": "material_33_fixturebulb_light_005_14c2e_onIntense",
		"class": "Material",
		"mapTo": "material_33_fixturebulb_light_005_14c2e_onIntense",
		"Stages": [
			{
				"normalMap": "camso_col_0xff8080ff.dds",
				"normalMapStrength": 1,
				"diffuseColor": [ 0.984314, 0.984314, 0.980392, 1 ],
				"roughnessFactor": 0.02,
				"metallicFactor": 1,
				"emissiveFactor": [ 1, 1, 1 ],
				"glow": true
			},
			{
			},
			{
			},
			{
			}
		],
		"alphaRef": 84,
		"alphaTest": true,
		"translucent": false,
		"translucentBlendOp": "None",
		"doubleSided": true,
		"invertBackFaceNormals": true,
		"dynamicCubemap": true,
		"activeLayers": 1,
		"materialTag0": "beamng",
		"order_simset": 0,
		"version": 1.5
	},
	"material_34_m_carpaint_14c2e": {
		"name": "material_34_m_carpaint_14c2e",
		"class": "Material",
		"mapTo": "material_34_m_carpaint_14c2e",
		"Stages": [
			{
				"normalMap": "camso_col_0xff8080ff.dds",
				"normalMapStrength": 1,
				"clearCoatFactor": 1,
				"clearCoatRoughnessFactor": 1,
				"instanceDiffuse": true,
				"colorPaletteMap": "camso_col_0xffff0000.dds",
				"roughnessFactor": 1,
				"metallicFactor": 1,
				"diffuseColor": [ 1, 1, 1, 1 ]
			},
			{
			},
			{
			},
			{
			}
		],
		"alphaRef": 255,
		"alphaTest": true,
		"translucent": false,
		"translucentBlendOp": "None",
		"doubleSided": true,
		"invertBackFaceNormals": true,
		"dynamicCubemap": true,
		"activeLayers": 1,
		"materialTag0": "beamng",
		"order_simset": 0,
		"version": 1.5
	},
	"material_35_fixtureopaqueglass_reflector_001_14c2e": {
		"name": "material_35_fixtureopaqueglass_reflector_001_14c2e",
		"class": "Material",
		"mapTo": "material_35_fixtureopaqueglass_reflector_001_14c2e",
		"Stages": [
			{
				"normalMap": "camso_col_0xff8080ff.dds",
				"normalMapStrength": 1,
				"diffuseColor": [ 0.470588, 0.0666667, 0.0470588, 1 ],
				"roughnessFactor": 0,
				"metallicFactor": 0
			},
			{
			},
			{
			},
			{
			}
		],
		"alphaRef": 84,
		"alphaTest": true,
		"translucent": false,
		"translucentBlendOp": "None",
		"doubleSided": true,
		"invertBackFaceNormals": true,
		"dynamicCubemap": true,
		"activeLayers": 1,
		"materialTag0": "beamng",
		"order_simset": 0,
		"version": 1.5
	},
	"material_35_fixtureopaqueglass_reflector_001_14c2e_off": {
		"name": "material_35_fixtureopaqueglass_reflector_001_14c2e_off",
		"class": "Material",
		"mapTo": "material_35_fixtureopaqueglass_reflector_001_14c2e_off",
		"Stages": [
			{
				"normalMap": "camso_col_0xff8080ff.dds",
				"normalMapStrength": 1,
				"diffuseColor": [ 0.470588, 0.0666667, 0.0470588, 1 ],
				"roughnessFactor": 0,
				"metallicFactor": 0
			},
			{
			},
			{
			},
			{
			}
		],
		"alphaRef": 84,
		"alphaTest": true,
		"translucent": false,
		"translucentBlendOp": "None",
		"doubleSided": true,
		"invertBackFaceNormals": true,
		"dynamicCubemap": true,
		"activeLayers": 1,
		"materialTag0": "beamng",
		"order_simset": 0,
		"version": 1.5
	},
	"material_35_fixtureopaqueglass_reflector_001_14c2e_on": {
		"name": "material_35_fixtureopaqueglass_reflector_001_14c2e_on",
		"class": "Material",
		"mapTo": "material_35_fixtureopaqueglass_reflector_001_14c2e_on",
		"Stages": [
			{
				"normalMap": "camso_col_0xff8080ff.dds",
				"normalMapStrength": 1,
				"diffuseColor": [ 0.470588, 0.0666667, 0.0470588, 1 ],
				"roughnessFactor": 0,
				"metallicFactor": 0,
				"emissiveFactor": [ 0.905694, 0.361288, 0.301898 ],
				"glow": true
			},
			{
			},
			{
			},
			{
			}
		],
		"alphaRef": 84,
		"alphaTest": true,
		"translucent": false,
		"translucentBlendOp": "None",
		"doubleSided": true,
		"invertBackFaceNormals": true,
		"dynamicCubemap": true,
		"activeLayers": 1,
		"materialTag0": "beamng",
		"order_simset": 0,
		"version": 1.5
	},
	"material_35_fixtureopaqueglass_reflector_001_14c2e_onIntense": {
		"name": "material_35_fixtureopaqueglass_reflector_001_14c2e_onIntense",
		"class": "Material",
		"mapTo": "material_35_fixtureopaqueglass_reflector_001_14c2e_onIntense",
		"Stages": [
			{
				"normalMap": "camso_col_0xff8080ff.dds",
				"normalMapStrength": 1,
				"diffuseColor": [ 0.470588, 0.0666667, 0.0470588, 1 ],
				"roughnessFactor": 0,
				"metallicFactor": 0,
				"emissiveFactor": [ 1, 0.398907, 0.333333 ],
				"glow": true
			},
			{
			},
			{
			},
			{
			}
		],
		"alphaRef": 84,
		"alphaTest": true,
		"translucent": false,
		"translucentBlendOp": "None",
		"doubleSided": true,
		"invertBackFaceNormals": true,
		"dynamicCubemap": true,
		"activeLayers": 1,
		"materialTag0": "beamng",
		"order_simset": 0,
		"version": 1.5
	},
	"material_36_fixtureopaqueglass_reflector_002_14c2e": {
		"name": "material_36_fixtureopaqueglass_reflector_002_14c2e",
		"class": "Material",
		"mapTo": "material_36_fixtureopaqueglass_reflector_002_14c2e",
		"Stages": [
			{
				"normalMap": "camso_col_0xff8080ff.dds",
				"normalMapStrength": 1,
				"diffuseColor": [ 0.976471, 0.45098, 0, 1 ],
				"roughnessFactor": 0,
				"metallicFactor": 0
			},
			{
			},
			{
			},
			{
			}
		],
		"alphaRef": 84,
		"alphaTest": true,
		"translucent": false,
		"translucentBlendOp": "None",
		"doubleSided": true,
		"invertBackFaceNormals": true,
		"dynamicCubemap": true,
		"activeLayers": 1,
		"materialTag0": "beamng",
		"order_simset": 0,
		"version": 1.5
	},
	"material_36_fixtureopaqueglass_reflector_002_14c2e_off": {
		"name": "material_36_fixtureopaqueglass_reflector_002_14c2e_off",
		"class": "Material",
		"mapTo": "material_36_fixtureopaqueglass_reflector_002_14c2e_off",
		"Stages": [
			{
				"normalMap": "camso_col_0xff8080ff.dds",
				"normalMapStrength": 1,
				"diffuseColor": [ 0.976471, 0.45098, 0, 1 ],
				"roughnessFactor": 0,
				"metallicFactor": 0
			},
			{
			},
			{
			},
			{
			}
		],
		"alphaRef": 84,
		"alphaTest": true,
		"translucent": false,
		"translucentBlendOp": "None",
		"doubleSided": true,
		"invertBackFaceNormals": true,
		"dynamicCubemap": true,
		"activeLayers": 1,
		"materialTag0": "beamng",
		"order_simset": 0,
		"version": 1.5
	},
	"material_36_fixtureopaqueglass_reflector_002_14c2e_on": {
		"name": "material_36_fixtureopaqueglass_reflector_002_14c2e_on",
		"class": "Material",
		"mapTo": "material_36_fixtureopaqueglass_reflector_002_14c2e_on",
		"Stages": [
			{
				"normalMap": "camso_col_0xff8080ff.dds",
				"normalMapStrength": 1,
				"diffuseColor": [ 0.976471, 0.45098, 0, 1 ],
				"roughnessFactor": 0,
				"metallicFactor": 0,
				"emissiveFactor": [ 0.99738, 0.705656, 0 ],
				"glow": true
			},
			{
			},
			{
			},
			{
			}
		],
		"alphaRef": 84,
		"alphaTest": true,
		"translucent": false,
		"translucentBlendOp": "None",
		"doubleSided": true,
		"invertBackFaceNormals": true,
		"dynamicCubemap": true,
		"activeLayers": 1,
		"materialTag0": "beamng",
		"order_simset": 0,
		"version": 1.5
	},
	"material_36_fixtureopaqueglass_reflector_002_14c2e_onIntense": {
		"name": "material_36_fixtureopaqueglass_reflector_002_14c2e_onIntense",
		"class": "Material",
		"mapTo": "material_36_fixtureopaqueglass_reflector_002_14c2e_onIntense",
		"Stages": [
			{
				"normalMap": "camso_col_0xff8080ff.dds",
				"normalMapStrength": 1,
				"diffuseColor": [ 0.976471, 0.45098, 0, 1 ],
				"roughnessFactor": 0,
				"metallicFactor": 0,
				"emissiveFactor": [ 1, 0.70751, 0 ],
				"glow": true
			},
			{
			},
			{
			},
			{
			}
		],
		"alphaRef": 84,
		"alphaTest": true,
		"translucent": false,
		"translucentBlendOp": "None",
		"doubleSided": true,
		"invertBackFaceNormals": true,
		"dynamicCubemap": true,
		"activeLayers": 1,
		"materialTag0": "beamng",
		"order_simset": 0,
		"version": 1.5
	},
	"material_37_fixtureglass_headlight_001_14c2e": {
		"name": "material_37_fixtureglass_headlight_001_14c2e",
		"class": "Material",
		"mapTo": "material_37_fixtureglass_headlight_001_14c2e",
		"Stages": [
			{
				"normalMap": "camso_t_taillightreflector_01_normal.dds",
				"normalMapStrength": 1,
				"opacityFactor": 0.34902,
				"diffuseColor": [ 0.94902, 0.94902, 0.94902, 0.34902 ],
				"roughnessFactor": 0,
				"metallicFactor": 0,
				"useAnisotropic": true
			},
			{
			},
			{
			},
			{
			}
		],
		"alphaRef": 1,
		"alphaTest": true,
		"translucent": true,
		"translucentBlendOp": "AddAlpha",
		"translucentZWrite": false,
		"castShadows": false,
		"translucentRecvShadows": true,
		"dynamicCubemap": true,
		"activeLayers": 1,
		"materialTag0": "beamng",
		"order_simset": 0,
		"version": 1.5
	},
	"material_37_fixtureglass_headlight_001_14c2e_off": {
		"name": "material_37_fixtureglass_headlight_001_14c2e_off",
		"class": "Material",
		"mapTo": "material_37_fixtureglass_headlight_001_14c2e_off",
		"Stages": [
			{
				"normalMap": "camso_t_taillightreflector_01_normal.dds",
				"normalMapStrength": 1,
				"opacityFactor": 0.34902,
				"diffuseColor": [ 0.94902, 0.94902, 0.94902, 0.34902 ],
				"roughnessFactor": 0,
				"metallicFactor": 0,
				"useAnisotropic": true
			},
			{
			},
			{
			},
			{
			}
		],
		"alphaRef": 1,
		"alphaTest": true,
		"translucent": true,
		"translucentBlendOp": "AddAlpha",
		"translucentZWrite": false,
		"castShadows": false,
		"translucentRecvShadows": true,
		"dynamicCubemap": true,
		"activeLayers": 1,
		"materialTag0": "beamng",
		"order_simset": 0,
		"version": 1.5
	},
	"material_37_fixtureglass_headlight_001_14c2e_on": {
		"name": "material_37_fixtureglass_headlight_001_14c2e_on",
		"class": "Material",
		"mapTo": "material_37_fixtureglass_headlight_001_14c2e_on",
		"Stages": [
			{
				"normalMap": "camso_t_taillightreflector_01_normal.dds",
				"normalMapStrength": 1,
				"opacityFactor": 0.34902,
				"diffuseColor": [ 0.94902, 0.94902, 0.94902, 0.34902 ],
				"roughnessFactor": 0,
				"metallicFactor": 0,
				"emissiveFactor": [ 0.992141, 0.992141, 0.992141 ],
				"glow": true,
				"useAnisotropic": true
			},
			{
			},
			{
			},
			{
			}
		],
		"alphaRef": 1,
		"alphaTest": true,
		"translucent": true,
		"translucentBlendOp": "AddAlpha",
		"translucentZWrite": false,
		"castShadows": false,
		"translucentRecvShadows": true,
		"dynamicCubemap": true,
		"activeLayers": 1,
		"materialTag0": "beamng",
		"order_simset": 0,
		"version": 1.5
	},
	"material_37_fixtureglass_headlight_001_14c2e_onIntense": {
		"name": "material_37_fixtureglass_headlight_001_14c2e_onIntense",
		"class": "Material",
		"mapTo": "material_37_fixtureglass_headlight_001_14c2e_onIntense",
		"Stages": [
			{
				"normalMap": "camso_t_taillightreflector_01_normal.dds",
				"normalMapStrength": 1,
				"opacityFactor": 0.34902,
				"diffuseColor": [ 0.94902, 0.94902, 0.94902, 0.34902 ],
				"roughnessFactor": 0,
				"metallicFactor": 0,
				"emissiveFactor": [ 1, 1, 1 ],
				"glow": true,
				"useAnisotropic": true
			},
			{
			},
			{
			},
			{
			}
		],
		"alphaRef": 1,
		"alphaTest": true,
		"translucent": true,
		"translucentBlendOp": "AddAlpha",
		"translucentZWrite": false,
		"castShadows": false,
		"translucentRecvShadows": true,
		"dynamicCubemap": true,
		"activeLayers": 1,
		"materialTag0": "beamng",
		"order_simset": 0,
		"version": 1.5
	},
	"material_38_fixtureopaqueglass_reflector_002_14c2e": {
		"name": "material_38_fixtureopaqueglass_reflector_002_14c2e",
		"class": "Material",
		"mapTo": "material_38_fixtureopaqueglass_reflector_002_14c2e",
		"Stages": [
			{
				"normalMap": "camso_col_0xff8080ff.dds",
				"normalMapStrength": 1,
				"diffuseColor": [ 0.976471, 0.45098, 0, 1 ],
				"roughnessFactor": 0,
				"metallicFactor": 0
			},
			{
			},
			{
			},
			{
			}
		],
		"alphaRef": 84,
		"alphaTest": true,
		"translucent": false,
		"translucentBlendOp": "None",
		"doubleSided": true,
		"invertBackFaceNormals": true,
		"dynamicCubemap": true,
		"activeLayers": 1,
		"materialTag0": "beamng",
		"order_simset": 0,
		"version": 1.5
	},
	"material_38_fixtureopaqueglass_reflector_002_14c2e_off": {
		"name": "material_38_fixtureopaqueglass_reflector_002_14c2e_off",
		"class": "Material",
		"mapTo": "material_38_fixtureopaqueglass_reflector_002_14c2e_off",
		"Stages": [
			{
				"normalMap": "camso_col_0xff8080ff.dds",
				"normalMapStrength": 1,
				"diffuseColor": [ 0.976471, 0.45098, 0, 1 ],
				"roughnessFactor": 0,
				"metallicFactor": 0
			},
			{
			},
			{
			},
			{
			}
		],
		"alphaRef": 84,
		"alphaTest": true,
		"translucent": false,
		"translucentBlendOp": "None",
		"doubleSided": true,
		"invertBackFaceNormals": true,
		"dynamicCubemap": true,
		"activeLayers": 1,
		"materialTag0": "beamng",
		"order_simset": 0,
		"version": 1.5
	},
	"material_38_fixtureopaqueglass_reflector_002_14c2e_on": {
		"name": "material_38_fixtureopaqueglass_reflector_002_14c2e_on",
		"class": "Material",
		"mapTo": "material_38_fixtureopaqueglass_reflector_002_14c2e_on",
		"Stages": [
			{
				"normalMap": "camso_col_0xff8080ff.dds",
				"normalMapStrength": 1,
				"diffuseColor": [ 0.976471, 0.45098, 0, 1 ],
				"roughnessFactor": 0,
				"metallicFactor": 0,
				"emissiveFactor": [ 0.99738, 0.705656, 0 ],
				"glow": true
			},
			{
			},
			{
			},
			{
			}
		],
		"alphaRef": 84,
		"alphaTest": true,
		"translucent": false,
		"translucentBlendOp": "None",
		"doubleSided": true,
		"invertBackFaceNormals": true,
		"dynamicCubemap": true,
		"activeLayers": 1,
		"materialTag0": "beamng",
		"order_simset": 0,
		"version": 1.5
	},
	"material_38_fixtureopaqueglass_reflector_002_14c2e_onIntense": {
		"name": "material_38_fixtureopaqueglass_reflector_002_14c2e_onIntense",
		"class": "Material",
		"mapTo": "material_38_fixtureopaqueglass_reflector_002_14c2e_onIntense",
		"Stages": [
			{
				"normalMap": "camso_col_0xff8080ff.dds",
				"normalMapStrength": 1,
				"diffuseColor": [ 0.976471, 0.45098, 0, 1 ],
				"roughnessFactor": 0,
				"metallicFactor": 0,
				"emissiveFactor": [ 1, 0.70751, 0 ],
				"glow": true
			},
			{
			},
			{
			},
			{
			}
		],
		"alphaRef": 84,
		"alphaTest": true,
		"translucent": false,
		"translucentBlendOp": "None",
		"doubleSided": true,
		"invertBackFaceNormals": true,
		"dynamicCubemap": true,
		"activeLayers": 1,
		"materialTag0": "beamng",
		"order_simset": 0,
		"version": 1.5
	},
	"material_39_fixturebulb_light_006_14c2e": {
		"name": "material_39_fixturebulb_light_006_14c2e",
		"class": "Material",
		"mapTo": "material_39_fixturebulb_light_006_14c2e",
		"Stages": [
			{
				"normalMap": "camso_col_0xff8080ff.dds",
				"normalMapStrength": 1,
				"opacityMap": "14c2e_stamp1.dds",
				"opacityMapUseUV": 1,
				"diffuseColor": [ 0.984314, 0.984314, 0.980392, 1 ],
				"roughnessFactor": 0.02,
				"metallicFactor": 1,
				"useAnisotropic": true
			},
			{
			},
			{
			},
			{
			}
		],
		"alphaRef": 84,
		"alphaTest": true,
		"translucent": false,
		"translucentBlendOp": "None",
		"doubleSided": true,
		"invertBackFaceNormals": true,
		"dynamicCubemap": true,
		"activeLayers": 1,
		"materialTag0": "beamng",
		"order_simset": 0,
		"version": 1.5
	},
	"material_39_fixturebulb_light_006_14c2e_off": {
		"name": "material_39_fixturebulb_light_006_14c2e_off",
		"class": "Material",
		"mapTo": "material_39_fixturebulb_light_006_14c2e_off",
		"Stages": [
			{
				"normalMap": "camso_col_0xff8080ff.dds",
				"normalMapStrength": 1,
				"opacityMap": "14c2e_stamp1.dds",
				"opacityMapUseUV": 1,
				"diffuseColor": [ 0.984314, 0.984314, 0.980392, 1 ],
				"roughnessFactor": 0.02,
				"metallicFactor": 1,
				"useAnisotropic": true
			},
			{
			},
			{
			},
			{
			}
		],
		"alphaRef": 84,
		"alphaTest": true,
		"translucent": false,
		"translucentBlendOp": "None",
		"doubleSided": true,
		"invertBackFaceNormals": true,
		"dynamicCubemap": true,
		"activeLayers": 1,
		"materialTag0": "beamng",
		"order_simset": 0,
		"version": 1.5
	},
	"material_39_fixturebulb_light_006_14c2e_on": {
		"name": "material_39_fixturebulb_light_006_14c2e_on",
		"class": "Material",
		"mapTo": "material_39_fixturebulb_light_006_14c2e_on",
		"Stages": [
			{
				"normalMap": "camso_col_0xff8080ff.dds",
				"normalMapStrength": 1,
				"opacityMap": "14c2e_stamp1.dds",
				"opacityMapUseUV": 1,
				"diffuseColor": [ 0.984314, 0.984314, 0.980392, 1 ],
				"roughnessFactor": 0.02,
				"metallicFactor": 1,
				"emissiveFactor": [ 1, 0.8, 0.8 ],
				"glow": true,
				"useAnisotropic": true
			},
			{
			},
			{
			},
			{
			}
		],
		"alphaRef": 84,
		"alphaTest": true,
		"translucent": false,
		"translucentBlendOp": "None",
		"doubleSided": true,
		"invertBackFaceNormals": true,
		"dynamicCubemap": true,
		"activeLayers": 1,
		"materialTag0": "beamng",
		"order_simset": 0,
		"version": 1.5
	},
	"material_39_fixturebulb_light_006_14c2e_onIntense": {
		"name": "material_39_fixturebulb_light_006_14c2e_onIntense",
		"class": "Material",
		"mapTo": "material_39_fixturebulb_light_006_14c2e_onIntense",
		"Stages": [
			{
				"normalMap": "camso_col_0xff8080ff.dds",
				"normalMapStrength": 1,
				"opacityMap": "14c2e_stamp1.dds",
				"opacityMapUseUV": 1,
				"diffuseColor": [ 0.984314, 0.984314, 0.980392, 1 ],
				"roughnessFactor": 0.02,
				"metallicFactor": 1,
				"emissiveFactor": [ 1, 0.8, 0.8 ],
				"glow": true,
				"useAnisotropic": true
			},
			{
			},
			{
			},
			{
			}
		],
		"alphaRef": 84,
		"alphaTest": true,
		"translucent": false,
		"translucentBlendOp": "None",
		"doubleSided": true,
		"invertBackFaceNormals": true,
		"dynamicCubemap": true,
		"activeLayers": 1,
		"materialTag0": "beamng",
		"order_simset": 0,
		"version": 1.5
	},
	"material_40_fixtureopaqueglass_reflector_001_14c2e": {
		"name": "material_40_fixtureopaqueglass_reflector_001_14c2e",
		"class": "Material",
		"mapTo": "material_40_fixtureopaqueglass_reflector_001_14c2e",
		"Stages": [
			{
				"normalMap": "camso_col_0xff8080ff.dds",
				"normalMapStrength": 1,
				"opacityMap": "14c2e_stamp1.dds",
				"opacityMapUseUV": 1,
				"diffuseColor": [ 0.470588, 0.0666667, 0.0470588, 1 ],
				"roughnessFactor": 0,
				"metallicFactor": 0,
				"useAnisotropic": true
			},
			{
			},
			{
			},
			{
			}
		],
		"alphaRef": 84,
		"alphaTest": true,
		"translucent": false,
		"translucentBlendOp": "None",
		"doubleSided": true,
		"invertBackFaceNormals": true,
		"dynamicCubemap": true,
		"activeLayers": 1,
		"materialTag0": "beamng",
		"order_simset": 0,
		"version": 1.5
	},
	"material_40_fixtureopaqueglass_reflector_001_14c2e_off": {
		"name": "material_40_fixtureopaqueglass_reflector_001_14c2e_off",
		"class": "Material",
		"mapTo": "material_40_fixtureopaqueglass_reflector_001_14c2e_off",
		"Stages": [
			{
				"normalMap": "camso_col_0xff8080ff.dds",
				"normalMapStrength": 1,
				"opacityMap": "14c2e_stamp1.dds",
				"opacityMapUseUV": 1,
				"diffuseColor": [ 0.470588, 0.0666667, 0.0470588, 1 ],
				"roughnessFactor": 0,
				"metallicFactor": 0,
				"useAnisotropic": true
			},
			{
			},
			{
			},
			{
			}
		],
		"alphaRef": 84,
		"alphaTest": true,
		"translucent": false,
		"translucentBlendOp": "None",
		"doubleSided": true,
		"invertBackFaceNormals": true,
		"dynamicCubemap": true,
		"activeLayers": 1,
		"materialTag0": "beamng",
		"order_simset": 0,
		"version": 1.5
	},
	"material_40_fixtureopaqueglass_reflector_001_14c2e_on": {
		"name": "material_40_fixtureopaqueglass_reflector_001_14c2e_on",
		"class": "Material",
		"mapTo": "material_40_fixtureopaqueglass_reflector_001_14c2e_on",
		"Stages": [
			{
				"normalMap": "camso_col_0xff8080ff.dds",
				"normalMapStrength": 1,
				"opacityMap": "14c2e_stamp1.dds",
				"opacityMapUseUV": 1,
				"diffuseColor": [ 0.470588, 0.0666667, 0.0470588, 1 ],
				"roughnessFactor": 0,
				"metallicFactor": 0,
				"emissiveFactor": [ 0.905694, 0.361288, 0.301898 ],
				"glow": true,
				"useAnisotropic": true
			},
			{
			},
			{
			},
			{
			}
		],
		"alphaRef": 84,
		"alphaTest": true,
		"translucent": false,
		"translucentBlendOp": "None",
		"doubleSided": true,
		"invertBackFaceNormals": true,
		"dynamicCubemap": true,
		"activeLayers": 1,
		"materialTag0": "beamng",
		"order_simset": 0,
		"version": 1.5
	},
	"material_40_fixtureopaqueglass_reflector_001_14c2e_onIntense": {
		"name": "material_40_fixtureopaqueglass_reflector_001_14c2e_onIntense",
		"class": "Material",
		"mapTo": "material_40_fixtureopaqueglass_reflector_001_14c2e_onIntense",
		"Stages": [
			{
				"normalMap": "camso_col_0xff8080ff.dds",
				"normalMapStrength": 1,
				"opacityMap": "14c2e_stamp1.dds",
				"opacityMapUseUV": 1,
				"diffuseColor": [ 0.470588, 0.0666667, 0.0470588, 1 ],
				"roughnessFactor": 0,
				"metallicFactor": 0,
				"emissiveFactor": [ 1, 0.398907, 0.333333 ],
				"glow": true,
				"useAnisotropic": true
			},
			{
			},
			{
			},
			{
			}
		],
		"alphaRef": 84,
		"alphaTest": true,
		"translucent": false,
		"translucentBlendOp": "None",
		"doubleSided": true,
		"invertBackFaceNormals": true,
		"dynamicCubemap": true,
		"activeLayers": 1,
		"materialTag0": "beamng",
		"order_simset": 0,
		"version": 1.5
	},
	"material_41_fixturemat_blackplastic_002_14c2e": {
		"name": "material_41_fixturemat_blackplastic_002_14c2e",
		"class": "Material",
		"mapTo": "material_41_fixturemat_blackplastic_002_14c2e",
		"Stages": [
			{
				"normalMap": "camso_col_0xff8080ff.dds",
				"normalMapStrength": 1,
				"diffuseColor": [ 0.239216, 0.239216, 0.239216, 1 ],
				"roughnessFactor": 0.4,
				"metallicFactor": 0
			},
			{
			},
			{
			},
			{
			}
		],
		"alphaRef": 84,
		"alphaTest": true,
		"translucent": false,
		"translucentBlendOp": "None",
		"doubleSided": true,
		"invertBackFaceNormals": true,
		"dynamicCubemap": true,
		"activeLayers": 1,
		"materialTag0": "beamng",
		"order_simset": 0,
		"version": 1.5
	},
	"material_42_mi_numberplate_hetvesia_wide_14c2e": {
		"name": "material_42_mi_numberplate_hetvesia_wide_14c2e",
		"class": "Material",
		"mapTo": "material_42_mi_numberplate_hetvesia_wide_14c2e",
		"Stages": [
			{
				"normalMap": "camso_hrl_nm_htvesapl.dds",
				"normalMapStrength": 1,
				"diffuseMap": "camso_htvesapl.dds",
				"diffuseColor": [ 1, 1, 1, 1 ],
				"roughnessFactor": 0.38,
				"metallicFactor": 0.3,
				"useAnisotropic": true
			},
			{
			},
			{
			},
			{
			}
		],
		"alphaRef": 84,
		"alphaTest": true,
		"translucent": false,
		"translucentBlendOp": "None",
		"doubleSided": true,
		"invertBackFaceNormals": true,
		"dynamicCubemap": true,
		"activeLayers": 1,
		"materialTag0": "beamng",
		"order_simset": 0,
		"version": 1.5
	},
	"material_43_fixtureopaque_chrome_003_14c2e": {
		"name": "material_43_fixtureopaque_chrome_003_14c2e",
		"class": "Material",
		"mapTo": "material_43_fixtureopaque_chrome_003_14c2e",
		"Stages": [
			{
				"normalMap": "camso_col_0xff8080ff.dds",
				"normalMapStrength": 0,
				"diffuseMap": "camso_col_0xff525258.dds",
				"diffuseColor": [ 1, 1, 1, 1 ],
				"roughnessFactor": 0.03,
				"metallicFactor": 1
			},
			{
			},
			{
			},
			{
			}
		],
		"alphaRef": 84,
		"alphaTest": true,
		"translucent": false,
		"translucentBlendOp": "None",
		"doubleSided": true,
		"invertBackFaceNormals": true,
		"dynamicCubemap": true,
		"activeLayers": 1,
		"materialTag0": "beamng",
		"order_simset": 0,
		"version": 1.5
	},
	"material_44_m_blackplastic_14c2e": {
		"name": "material_44_m_blackplastic_14c2e",
		"class": "Material",
		"mapTo": "material_44_m_blackplastic_14c2e",
		"Stages": [
			{
				"normalMap": "camso_col_0xff8080ff.dds",
				"normalMapStrength": 1,
				"opacityMap": "14c2e_stamp1.dds",
				"opacityMapUseUV": 1,
				"diffuseColor": [ 0.372549, 0.333333, 0.309804, 1 ],
				"roughnessFactor": 0.297247,
				"metallicFactor": 0,
				"useAnisotropic": true
			},
			{
			},
			{
			},
			{
			}
		],
		"alphaRef": 84,
		"alphaTest": true,
		"translucent": false,
		"translucentBlendOp": "None",
		"doubleSided": true,
		"invertBackFaceNormals": true,
		"dynamicCubemap": true,
		"activeLayers": 1,
		"materialTag0": "beamng",
		"order_simset": 0,
		"version": 1.5
	},
	"material_45_fixtureopaque_chrome_001_14c2e": {
		"name": "material_45_fixtureopaque_chrome_001_14c2e",
		"class": "Material",
		"mapTo": "material_45_fixtureopaque_chrome_001_14c2e",
		"Stages": [
			{
				"normalMap": "camso_col_0xff8080ff.dds",
				"normalMapStrength": 0,
				"diffuseMap": "camso_t_wheelhub_r_lerpg_0xFF7C6C61_0xFFFFF9F4.dds",
				"roughnessMap": "camso_t_roughness_8k_rmmodbdp_rbgmaskg.dds",
				"opacityMap": "14c2e_stamp1.dds",
				"opacityMapUseUV": 1,
				"diffuseColor": [ 1, 1, 1, 1 ],
				"roughnessFactor": 0,
				"metallicFactor": 1,
				"useAnisotropic": true
			},
			{
			},
			{
			},
			{
			}
		],
		"alphaRef": 84,
		"alphaTest": true,
		"translucent": false,
		"translucentBlendOp": "None",
		"doubleSided": true,
		"invertBackFaceNormals": true,
		"dynamicCubemap": true,
		"activeLayers": 1,
		"materialTag0": "beamng",
		"order_simset": 0,
		"version": 1.5
	},
	"material_46_m_blackplastic_14c2e": {
		"name": "material_46_m_blackplastic_14c2e",
		"class": "Material",
		"mapTo": "material_46_m_blackplastic_14c2e",
		"Stages": [
			{
				"normalMap": "camso_col_0xff8080ff.dds",
				"normalMapStrength": 1,
				"opacityMap": "14c2e_stamp1.dds",
				"opacityMapUseUV": 1,
				"diffuseColor": [ 0.0627451, 0.0627451, 0.0627451, 1 ],
				"roughnessFactor": 0.281651,
				"metallicFactor": 0,
				"useAnisotropic": true
			},
			{
			},
			{
			},
			{
			}
		],
		"alphaRef": 84,
		"alphaTest": true,
		"translucent": false,
		"translucentBlendOp": "None",
		"doubleSided": true,
		"invertBackFaceNormals": true,
		"dynamicCubemap": true,
		"activeLayers": 1,
		"materialTag0": "beamng",
		"order_simset": 0,
		"version": 1.5
	},
	"material_47_m_carpaint_14c2e": {
		"name": "material_47_m_carpaint_14c2e",
		"class": "Material",
		"mapTo": "material_47_m_carpaint_14c2e",
		"Stages": [
			{
				"normalMap": "camso_col_0xff8080ff.dds",
				"normalMapStrength": 1,
				"clearCoatFactor": 1,
				"clearCoatRoughnessFactor": 1,
				"instanceDiffuse": true,
				"colorPaletteMap": "camso_col_0xffff0000.dds",
				"roughnessFactor": 1,
				"metallicFactor": 1,
				"diffuseColor": [ 1, 1, 1, 1 ]
			},
			{
			},
			{
			},
			{
			}
		],
		"alphaRef": 255,
		"alphaTest": true,
		"translucent": false,
		"translucentBlendOp": "None",
		"doubleSided": true,
		"invertBackFaceNormals": true,
		"dynamicCubemap": true,
		"activeLayers": 1,
		"materialTag0": "beamng",
		"order_simset": 0,
		"version": 1.5
	},
	"material_48_fixturereflector_002_14c2e": {
		"name": "material_48_fixturereflector_002_14c2e",
		"class": "Material",
		"mapTo": "material_48_fixturereflector_002_14c2e",
		"Stages": [
			{
				"normalMap": "camso_col_0xff8080ff.dds",
				"normalMapStrength": 1,
				"diffuseColor": [ 0.984314, 0.47451, 0, 1 ],
				"roughnessFactor": 0,
				"metallicFactor": 0
			},
			{
			},
			{
			},
			{
			}
		],
		"alphaRef": 84,
		"alphaTest": true,
		"translucent": false,
		"translucentBlendOp": "None",
		"doubleSided": true,
		"invertBackFaceNormals": true,
		"dynamicCubemap": true,
		"activeLayers": 1,
		"materialTag0": "beamng",
		"order_simset": 0,
		"version": 1.5
	},
	"material_48_fixturereflector_002_14c2e_off": {
		"name": "material_48_fixturereflector_002_14c2e_off",
		"class": "Material",
		"mapTo": "material_48_fixturereflector_002_14c2e_off",
		"Stages": [
			{
				"normalMap": "camso_col_0xff8080ff.dds",
				"normalMapStrength": 1,
				"diffuseColor": [ 0.984314, 0.47451, 0, 1 ],
				"roughnessFactor": 0,
				"metallicFactor": 0
			},
			{
			},
			{
			},
			{
			}
		],
		"alphaRef": 84,
		"alphaTest": true,
		"translucent": false,
		"translucentBlendOp": "None",
		"doubleSided": true,
		"invertBackFaceNormals": true,
		"dynamicCubemap": true,
		"activeLayers": 1,
		"materialTag0": "beamng",
		"order_simset": 0,
		"version": 1.5
	},
	"material_48_fixturereflector_002_14c2e_on": {
		"name": "material_48_fixturereflector_002_14c2e_on",
		"class": "Material",
		"mapTo": "material_48_fixturereflector_002_14c2e_on",
		"Stages": [
			{
				"normalMap": "camso_col_0xff8080ff.dds",
				"normalMapStrength": 1,
				"diffuseColor": [ 0.984314, 0.47451, 0, 1 ],
				"roughnessFactor": 0,
				"metallicFactor": 0,
				"emissiveFactor": [ 0.99738, 0.709599, 0 ],
				"glow": true
			},
			{
			},
			{
			},
			{
			}
		],
		"alphaRef": 84,
		"alphaTest": true,
		"translucent": false,
		"translucentBlendOp": "None",
		"doubleSided": true,
		"invertBackFaceNormals": true,
		"dynamicCubemap": true,
		"activeLayers": 1,
		"materialTag0": "beamng",
		"order_simset": 0,
		"version": 1.5
	},
	"material_48_fixturereflector_002_14c2e_onIntense": {
		"name": "material_48_fixturereflector_002_14c2e_onIntense",
		"class": "Material",
		"mapTo": "material_48_fixturereflector_002_14c2e_onIntense",
		"Stages": [
			{
				"normalMap": "camso_col_0xff8080ff.dds",
				"normalMapStrength": 1,
				"diffuseColor": [ 0.984314, 0.47451, 0, 1 ],
				"roughnessFactor": 0,
				"metallicFactor": 0,
				"emissiveFactor": [ 1, 0.711462, 0 ],
				"glow": true
			},
			{
			},
			{
			},
			{
			}
		],
		"alphaRef": 84,
		"alphaTest": true,
		"translucent": false,
		"translucentBlendOp": "None",
		"doubleSided": true,
		"invertBackFaceNormals": true,
		"dynamicCubemap": true,
		"activeLayers": 1,
		"materialTag0": "beamng",
		"order_simset": 0,
		"version": 1.5
	},
	"material_49_chromefixture_14c2e": {
		"name": "material_49_chromefixture_14c2e",
		"class": "Material",
		"mapTo": "material_49_chromefixture_14c2e",
		"Stages": [
			{
				"normalMap": "camso_col_0xff8080ff.dds",
				"normalMapStrength": 1,
				"diffuseColor": [ 1, 1, 1, 1 ],
				"roughnessFactor": 0,
				"metallicFactor": 0
			},
			{
			},
			{
			},
			{
			}
		],
		"alphaRef": 84,
		"alphaTest": true,
		"translucent": false,
		"translucentBlendOp": "None",
		"doubleSided": true,
		"invertBackFaceNormals": true,
		"dynamicCubemap": true,
		"activeLayers": 1,
		"materialTag0": "beamng",
		"order_simset": 0,
		"version": 1.5
	},
	"material_50_m_blackplastic_14c2e": {
		"name": "material_50_m_blackplastic_14c2e",
		"class": "Material",
		"mapTo": "material_50_m_blackplastic_14c2e",
		"Stages": [
			{
				"normalMap": "camso_col_0xff8080ff.dds",
				"normalMapStrength": 1,
				"diffuseColor": [ 0.0627451, 0.0627451, 0.0627451, 1 ],
				"roughnessFactor": 0.281651,
				"metallicFactor": 0
			},
			{
			},
			{
			},
			{
			}
		],
		"alphaRef": 84,
		"alphaTest": true,
		"translucent": false,
		"translucentBlendOp": "None",
		"doubleSided": true,
		"invertBackFaceNormals": true,
		"dynamicCubemap": true,
		"activeLayers": 1,
		"materialTag0": "beamng",
		"order_simset": 0,
		"version": 1.5
	},
	"material_51_fixturereflector_002_14c2e": {
		"name": "material_51_fixturereflector_002_14c2e",
		"class": "Material",
		"mapTo": "material_51_fixturereflector_002_14c2e",
		"Stages": [
			{
				"normalMap": "camso_col_0xff8080ff.dds",
				"normalMapStrength": 1,
				"diffuseColor": [ 0.984314, 0.47451, 0, 1 ],
				"roughnessFactor": 0,
				"metallicFactor": 0
			},
			{
			},
			{
			},
			{
			}
		],
		"alphaRef": 84,
		"alphaTest": true,
		"translucent": false,
		"translucentBlendOp": "None",
		"doubleSided": true,
		"invertBackFaceNormals": true,
		"dynamicCubemap": true,
		"activeLayers": 1,
		"materialTag0": "beamng",
		"order_simset": 0,
		"version": 1.5
	},
	"material_51_fixturereflector_002_14c2e_off": {
		"name": "material_51_fixturereflector_002_14c2e_off",
		"class": "Material",
		"mapTo": "material_51_fixturereflector_002_14c2e_off",
		"Stages": [
			{
				"normalMap": "camso_col_0xff8080ff.dds",
				"normalMapStrength": 1,
				"diffuseColor": [ 0.984314, 0.47451, 0, 1 ],
				"roughnessFactor": 0,
				"metallicFactor": 0
			},
			{
			},
			{
			},
			{
			}
		],
		"alphaRef": 84,
		"alphaTest": true,
		"translucent": false,
		"translucentBlendOp": "None",
		"doubleSided": true,
		"invertBackFaceNormals": true,
		"dynamicCubemap": true,
		"activeLayers": 1,
		"materialTag0": "beamng",
		"order_simset": 0,
		"version": 1.5
	},
	"material_51_fixturereflector_002_14c2e_on": {
		"name": "material_51_fixturereflector_002_14c2e_on",
		"class": "Material",
		"mapTo": "material_51_fixturereflector_002_14c2e_on",
		"Stages": [
			{
				"normalMap": "camso_col_0xff8080ff.dds",
				"normalMapStrength": 1,
				"diffuseColor": [ 0.984314, 0.47451, 0, 1 ],
				"roughnessFactor": 0,
				"metallicFactor": 0,
				"emissiveFactor": [ 0.99738, 0.709599, 0 ],
				"glow": true
			},
			{
			},
			{
			},
			{
			}
		],
		"alphaRef": 84,
		"alphaTest": true,
		"translucent": false,
		"translucentBlendOp": "None",
		"doubleSided": true,
		"invertBackFaceNormals": true,
		"dynamicCubemap": true,
		"activeLayers": 1,
		"materialTag0": "beamng",
		"order_simset": 0,
		"version": 1.5
	},
	"material_51_fixturereflector_002_14c2e_onIntense": {
		"name": "material_51_fixturereflector_002_14c2e_onIntense",
		"class": "Material",
		"mapTo": "material_51_fixturereflector_002_14c2e_onIntense",
		"Stages": [
			{
				"normalMap": "camso_col_0xff8080ff.dds",
				"normalMapStrength": 1,
				"diffuseColor": [ 0.984314, 0.47451, 0, 1 ],
				"roughnessFactor": 0,
				"metallicFactor": 0,
				"emissiveFactor": [ 1, 0.711462, 0 ],
				"glow": true
			},
			{
			},
			{
			},
			{
			}
		],
		"alphaRef": 84,
		"alphaTest": true,
		"translucent": false,
		"translucentBlendOp": "None",
		"doubleSided": true,
		"invertBackFaceNormals": true,
		"dynamicCubemap": true,
		"activeLayers": 1,
		"materialTag0": "beamng",
		"order_simset": 0,
		"version": 1.5
	},
	"material_52_m_carpaint_14c2e": {
		"name": "material_52_m_carpaint_14c2e",
		"class": "Material",
		"mapTo": "material_52_m_carpaint_14c2e",
		"Stages": [
			{
				"normalMap": "camso_col_0xff8080ff.dds",
				"normalMapStrength": 1,
				"clearCoatFactor": 1,
				"clearCoatRoughnessFactor": 1,
				"instanceDiffuse": true,
				"colorPaletteMap": "camso_col_0xffff0000.dds",
				"roughnessFactor": 1,
				"metallicFactor": 1,
				"diffuseColor": [ 1, 1, 1, 1 ]
			},
			{
			},
			{
			},
			{
			}
		],
		"alphaRef": 255,
		"alphaTest": true,
		"translucent": false,
		"translucentBlendOp": "None",
		"doubleSided": true,
		"invertBackFaceNormals": true,
		"dynamicCubemap": true,
		"activeLayers": 1,
		"materialTag0": "beamng",
		"order_simset": 0,
		"version": 1.5
	},
	"material_53_worldgridmaterial_14c2e": {
		"name": "material_53_worldgridmaterial_14c2e",
		"class": "Material",
		"mapTo": "material_53_worldgridmaterial_14c2e",
		"Stages": [
			{
				"normalMap": "camso_t_default_material_grid_n.dds",
				"normalMapStrength": 1,
				"clearCoatFactor": 1,
				"clearCoatRoughnessFactor": 0,
				"diffuseColor": [ 1, 1, 1, 1 ],
				"roughnessFactor": 0,
				"metallicFactor": 0,
				"useAnisotropic": true
			},
			{
			},
			{
			},
			{
			}
		],
		"alphaRef": 255,
		"alphaTest": true,
		"translucent": false,
		"translucentBlendOp": "None",
		"doubleSided": true,
		"invertBackFaceNormals": true,
		"dynamicCubemap": true,
		"activeLayers": 1,
		"materialTag0": "beamng",
		"order_simset": 0,
		"version": 1.5
	},
	"material_54_m_carpaint_14c2e": {
		"name": "material_54_m_carpaint_14c2e",
		"class": "Material",
		"mapTo": "material_54_m_carpaint_14c2e",
		"Stages": [
			{
				"normalMap": "camso_col_0xff8080ff.dds",
				"normalMapStrength": 1,
				"clearCoatFactor": 1,
				"clearCoatRoughnessFactor": 0,
				"diffuseColor": [ 0.847059, 0.462745, 0, 1 ],
				"roughnessFactor": 0.35,
				"metallicFactor": 1
			},
			{
			},
			{
			},
			{
			}
		],
		"alphaRef": 255,
		"alphaTest": true,
		"translucent": false,
		"translucentBlendOp": "None",
		"doubleSided": true,
		"invertBackFaceNormals": true,
		"dynamicCubemap": true,
		"activeLayers": 1,
		"materialTag0": "beamng",
		"order_simset": 0,
		"version": 1.5
	},
	"material_55_m_machinedmetal_14c2e": {
		"name": "material_55_m_machinedmetal_14c2e",
		"class": "Material",
		"mapTo": "material_55_m_machinedmetal_14c2e",
		"Stages": [
			{
				"normalMap": "camso_col_0xff8080ff.dds",
				"normalMapStrength": 1,
				"diffuseColor": [ 0.654902, 0.654902, 0.654902, 1 ],
				"roughnessFactor": 0.2,
				"metallicFactor": 1
			},
			{
			},
			{
			},
			{
			}
		],
		"alphaRef": 84,
		"alphaTest": true,
		"translucent": false,
		"translucentBlendOp": "None",
		"doubleSided": true,
		"invertBackFaceNormals": true,
		"dynamicCubemap": true,
		"activeLayers": 1,
		"materialTag0": "beamng",
		"order_simset": 0,
		"version": 1.5
	},
	"material_56_m_castalloy_inst_14c2e": {
		"name": "material_56_m_castalloy_inst_14c2e",
		"class": "Material",
		"mapTo": "material_56_m_castalloy_inst_14c2e",
		"Stages": [
			{
				"normalMap": "camso_col_0xff8080ff.dds",
				"normalMapStrength": 1,
				"diffuseColor": [ 0.866667, 0.878431, 0.905882, 1 ],
				"roughnessFactor": 0.9,
				"metallicFactor": 1
			},
			{
			},
			{
			},
			{
			}
		],
		"alphaRef": 84,
		"alphaTest": true,
		"translucent": false,
		"translucentBlendOp": "None",
		"doubleSided": true,
		"invertBackFaceNormals": true,
		"dynamicCubemap": true,
		"activeLayers": 1,
		"materialTag0": "beamng",
		"order_simset": 0,
		"version": 1.5
	},
	"material_57_m_blackrubber_14c2e": {
		"name": "material_57_m_blackrubber_14c2e",
		"class": "Material",
		"mapTo": "material_57_m_blackrubber_14c2e",
		"Stages": [
			{
				"normalMap": "camso_col_0xff8080ff.dds",
				"normalMapStrength": 1,
				"diffuseColor": [ 0.0470588, 0.0470588, 0.0470588, 0 ],
				"roughnessFactor": 0,
				"metallicFactor": 0
			},
			{
			},
			{
			},
			{
			}
		],
		"alphaRef": 84,
		"alphaTest": true,
		"translucent": false,
		"translucentBlendOp": "None",
		"doubleSided": true,
		"invertBackFaceNormals": true,
		"dynamicCubemap": true,
		"activeLayers": 1,
		"materialTag0": "beamng",
		"order_simset": 0,
		"version": 1.5
	},
	"material_58_m_forgedsteel_14c2e": {
		"name": "material_58_m_forgedsteel_14c2e",
		"class": "Material",
		"mapTo": "material_58_m_forgedsteel_14c2e",
		"Stages": [
			{
				"normalMap": "camso_col_0xff8080ff.dds",
				"normalMapStrength": 1,
				"diffuseColor": [ 0.6, 0.6, 0.6, 1 ],
				"roughnessFactor": 0.3,
				"metallicFactor": 1
			},
			{
			},
			{
			},
			{
			}
		],
		"alphaRef": 84,
		"alphaTest": true,
		"translucent": false,
		"translucentBlendOp": "None",
		"doubleSided": true,
		"invertBackFaceNormals": true,
		"dynamicCubemap": true,
		"activeLayers": 1,
		"materialTag0": "beamng",
		"order_simset": 0,
		"version": 1.5
	},
	"material_59_mp_plastic_14c2e": {
		"name": "material_59_mp_plastic_14c2e",
		"class": "Material",
		"mapTo": "material_59_mp_plastic_14c2e",
		"Stages": [
			{
				"normalMap": "camso_col_0xff8080ff.dds",
				"normalMapStrength": 1,
				"diffuseColor": [ 0.0509804, 0.0509804, 0.0509804, 1 ],
				"roughnessFactor": 0.4,
				"metallicFactor": 0
			},
			{
			},
			{
			},
			{
			}
		],
		"alphaRef": 84,
		"alphaTest": true,
		"translucent": false,
		"translucentBlendOp": "None",
		"doubleSided": true,
		"invertBackFaceNormals": true,
		"dynamicCubemap": true,
		"activeLayers": 1,
		"materialTag0": "beamng",
		"order_simset": 0,
		"version": 1.5
	},
	"material_60_chassis_steel_14c2e": {
		"name": "material_60_chassis_steel_14c2e",
		"class": "Material",
		"mapTo": "material_60_chassis_steel_14c2e",
		"Stages": [
			{
				"normalMap": "camso_col_0xff8080ff.dds",
				"normalMapStrength": 1,
				"diffuseColor": [ 0.560784, 0.560784, 0.560784, 1 ],
				"roughnessFactor": 0.2,
				"metallicFactor": 1
			},
			{
			},
			{
			},
			{
			}
		],
		"alphaRef": 84,
		"alphaTest": true,
		"translucent": false,
		"translucentBlendOp": "None",
		"doubleSided": true,
		"invertBackFaceNormals": true,
		"dynamicCubemap": true,
		"activeLayers": 1,
		"materialTag0": "beamng",
		"order_simset": 0,
		"version": 1.5
	},
	"material_61_m_metal_inst_14c2e": {
		"name": "material_61_m_metal_inst_14c2e",
		"class": "Material",
		"mapTo": "material_61_m_metal_inst_14c2e",
		"Stages": [
			{
				"normalMap": "camso_col_0xff8080ff.dds",
				"normalMapStrength": 1,
				"diffuseColor": [ 0.741176, 0.741176, 0.741176, 1 ],
				"roughnessFactor": 0.279817,
				"metallicFactor": 1
			},
			{
			},
			{
			},
			{
			}
		],
		"alphaRef": 84,
		"alphaTest": true,
		"translucent": false,
		"translucentBlendOp": "None",
		"doubleSided": true,
		"invertBackFaceNormals": true,
		"dynamicCubemap": true,
		"activeLayers": 1,
		"materialTag0": "beamng",
		"order_simset": 0,
		"version": 1.5
	},
	"material_62_m_blackrubber_14c2e": {
		"name": "material_62_m_blackrubber_14c2e",
		"class": "Material",
		"mapTo": "material_62_m_blackrubber_14c2e",
		"Stages": [
			{
				"normalMap": "camso_col_0xff8080ff.dds",
				"normalMapStrength": 1,
				"diffuseColor": [ 0.0470588, 0.0470588, 0.0470588, 0 ],
				"roughnessFactor": 0,
				"metallicFactor": 0
			},
			{
			},
			{
			},
			{
			}
		],
		"alphaRef": 84,
		"alphaTest": true,
		"translucent": false,
		"translucentBlendOp": "None",
		"doubleSided": true,
		"invertBackFaceNormals": true,
		"dynamicCubemap": true,
		"activeLayers": 1,
		"materialTag0": "beamng",
		"order_simset": 0,
		"version": 1.5
	},
	"material_63_m_chrome_14c2e": {
		"name": "material_63_m_chrome_14c2e",
		"class": "Material",
		"mapTo": "material_63_m_chrome_14c2e",
		"Stages": [
			{
				"normalMap": "camso_col_0xff8080ff.dds",
				"normalMapStrength": 1,
				"diffuseColor": [ 0.913725, 0.984314, 1, 1 ],
				"roughnessFactor": 0.19,
				"metallicFactor": 0
			},
			{
			},
			{
			},
			{
			}
		],
		"alphaRef": 84,
		"alphaTest": true,
		"translucent": false,
		"translucentBlendOp": "None",
		"doubleSided": true,
		"invertBackFaceNormals": true,
		"dynamicCubemap": true,
		"activeLayers": 1,
		"materialTag0": "beamng",
		"order_simset": 0,
		"version": 1.5
	},
	"material_64_m_carpaint_14c2e": {
		"name": "material_64_m_carpaint_14c2e",
		"class": "Material",
		"mapTo": "material_64_m_carpaint_14c2e",
		"Stages": [
			{
				"normalMap": "camso_col_0xff8080ff.dds",
				"normalMapStrength": 1,
				"clearCoatFactor": 1,
				"clearCoatRoughnessFactor": 0,
				"diffuseColor": [ 0.847059, 0.462745, 0, 1 ],
				"roughnessFactor": 0.35,
				"metallicFactor": 1
			},
			{
			},
			{
			},
			{
			}
		],
		"alphaRef": 255,
		"alphaTest": true,
		"translucent": false,
		"translucentBlendOp": "None",
		"doubleSided": true,
		"invertBackFaceNormals": true,
		"dynamicCubemap": true,
		"activeLayers": 1,
		"materialTag0": "beamng",
		"order_simset": 0,
		"version": 1.5
	},
	"material_65_m_castalloy_inst_14c2e": {
		"name": "material_65_m_castalloy_inst_14c2e",
		"class": "Material",
		"mapTo": "material_65_m_castalloy_inst_14c2e",
		"Stages": [
			{
				"normalMap": "camso_col_0xff8080ff.dds",
				"normalMapStrength": 1,
				"diffuseColor": [ 0.866667, 0.878431, 0.905882, 1 ],
				"roughnessFactor": 0.9,
				"metallicFactor": 1
			},
			{
			},
			{
			},
			{
			}
		],
		"alphaRef": 84,
		"alphaTest": true,
		"translucent": false,
		"translucentBlendOp": "None",
		"doubleSided": true,
		"invertBackFaceNormals": true,
		"dynamicCubemap": true,
		"activeLayers": 1,
		"materialTag0": "beamng",
		"order_simset": 0,
		"version": 1.5
	},
	"material_66_mi_pulley_and_alternator_lod2_14c2e": {
		"name": "material_66_mi_pulley_and_alternator_lod2_14c2e",
		"class": "Material",
		"mapTo": "material_66_mi_pulley_and_alternator_lod2_14c2e",
		"Stages": [
			{
				"normalMap": "camso_full_alt_baker_low_bake1_pbr_stoa_normal.dds",
				"normalMapStrength": 1,
				"diffuseMap": "camso_full_alt_baker_low_bake1_pbr_stoa_diffuse.dds",
				"diffuseColor": [ 1, 1, 1, 1 ],
				"roughnessFactor": 0,
				"metallicFactor": 1,
				"useAnisotropic": true
			},
			{
			},
			{
			},
			{
			}
		],
		"alphaRef": 84,
		"alphaTest": true,
		"translucent": false,
		"translucentBlendOp": "None",
		"doubleSided": true,
		"invertBackFaceNormals": true,
		"dynamicCubemap": true,
		"activeLayers": 1,
		"materialTag0": "beamng",
		"order_simset": 0,
		"version": 1.5
	},
	"material_67_mi_alternator_brackets_14c2e": {
		"name": "material_67_mi_alternator_brackets_14c2e",
		"class": "Material",
		"mapTo": "material_67_mi_alternator_brackets_14c2e",
		"Stages": [
			{
				"normalMap": "camso_brackets_low_m_alternator_normal.dds",
				"normalMapStrength": 1,
				"diffuseMap": "camso_brackets_low_m_alternator_brackets_basecolor.dds",
				"diffuseColor": [ 1, 1, 1, 1 ],
				"roughnessFactor": 0,
				"metallicFactor": 1,
				"useAnisotropic": true
			},
			{
			},
			{
			},
			{
			}
		],
		"alphaRef": 84,
		"alphaTest": true,
		"translucent": false,
		"translucentBlendOp": "None",
		"doubleSided": true,
		"invertBackFaceNormals": true,
		"dynamicCubemap": true,
		"activeLayers": 1,
		"materialTag0": "beamng",
		"order_simset": 0,
		"version": 1.5
	},
	"material_68_mi_roughplasticspline_14c2e": {
		"name": "material_68_mi_roughplasticspline_14c2e",
		"class": "Material",
		"mapTo": "material_68_mi_roughplasticspline_14c2e",
		"Stages": [
			{
				"normalMap": "camso_col_0xff8080ff.dds",
				"normalMapStrength": 1,
				"diffuseColor": [ 0.0509804, 0.0509804, 0.0509804, 1 ],
				"roughnessFactor": 0.4,
				"metallicFactor": 0
			},
			{
			},
			{
			},
			{
			}
		],
		"alphaRef": 84,
		"alphaTest": true,
		"translucent": false,
		"translucentBlendOp": "None",
		"doubleSided": true,
		"invertBackFaceNormals": true,
		"dynamicCubemap": true,
		"activeLayers": 1,
		"materialTag0": "beamng",
		"order_simset": 0,
		"version": 1.5
	},
	"material_69_mp_plastic_14c2e": {
		"name": "material_69_mp_plastic_14c2e",
		"class": "Material",
		"mapTo": "material_69_mp_plastic_14c2e",
		"Stages": [
			{
				"normalMap": "camso_col_0xff8080ff.dds",
				"normalMapStrength": 1,
				"diffuseColor": [ 0.0509804, 0.0509804, 0.0509804, 1 ],
				"roughnessFactor": 0.4,
				"metallicFactor": 0
			},
			{
			},
			{
			},
			{
			}
		],
		"alphaRef": 84,
		"alphaTest": true,
		"translucent": false,
		"translucentBlendOp": "None",
		"doubleSided": true,
		"invertBackFaceNormals": true,
		"dynamicCubemap": true,
		"activeLayers": 1,
		"materialTag0": "beamng",
		"order_simset": 0,
		"version": 1.5
	},
	"material_70_mi_plastic_matte_red_14c2e": {
		"name": "material_70_mi_plastic_matte_red_14c2e",
		"class": "Material",
		"mapTo": "material_70_mi_plastic_matte_red_14c2e",
		"Stages": [
			{
				"normalMap": "camso_col_0xff8080ff.dds",
				"normalMapStrength": 1,
				"diffuseColor": [ 0.537255, 0.168627, 0.196078, 1 ],
				"roughnessFactor": 0,
				"metallicFactor": 0
			},
			{
			},
			{
			},
			{
			}
		],
		"alphaRef": 84,
		"alphaTest": true,
		"translucent": false,
		"translucentBlendOp": "None",
		"doubleSided": true,
		"invertBackFaceNormals": true,
		"dynamicCubemap": true,
		"activeLayers": 1,
		"materialTag0": "beamng",
		"order_simset": 0,
		"version": 1.5
	},
	"material_71_m_exhaust_01_14c2e": {
		"name": "material_71_m_exhaust_01_14c2e",
		"class": "Material",
		"mapTo": "material_71_m_exhaust_01_14c2e",
		"Stages": [
			{
				"normalMap": "camso_col_0xff8080ff.dds",
				"normalMapStrength": 1,
				"diffuseColor": [ 1, 1, 1, 1 ],
				"roughnessFactor": 0,
				"metallicFactor": 1
			},
			{
			},
			{
			},
			{
			}
		],
		"alphaRef": 84,
		"alphaTest": true,
		"translucent": false,
		"translucentBlendOp": "None",
		"doubleSided": true,
		"invertBackFaceNormals": true,
		"dynamicCubemap": true,
		"activeLayers": 1,
		"materialTag0": "beamng",
		"order_simset": 0,
		"version": 1.5
	},
	"material_72_m_exhaust_01_w_14c2e": {
		"name": "material_72_m_exhaust_01_w_14c2e",
		"class": "Material",
		"mapTo": "material_72_m_exhaust_01_w_14c2e",
		"Stages": [
			{
				"normalMap": "camso_col_0xff8080ff.dds",
				"normalMapStrength": 1,
				"diffuseColor": [ 1, 1, 1, 1 ],
				"roughnessFactor": 0,
				"metallicFactor": 1
			},
			{
			},
			{
			},
			{
			}
		],
		"alphaRef": 84,
		"alphaTest": true,
		"translucent": false,
		"translucentBlendOp": "None",
		"doubleSided": true,
		"invertBackFaceNormals": true,
		"dynamicCubemap": true,
		"activeLayers": 1,
		"materialTag0": "beamng",
		"order_simset": 0,
		"version": 1.5
	},
	"material_73_m_exhaust_14c2e": {
		"name": "material_73_m_exhaust_14c2e",
		"class": "Material",
		"mapTo": "material_73_m_exhaust_14c2e",
		"Stages": [
			{
				"normalMap": "camso_col_0xff8080ff.dds",
				"normalMapStrength": 1,
				"diffuseColor": [ 0.713725, 0.713725, 0.713725, 0 ],
				"roughnessFactor": 0.29238,
				"metallicFactor": 1
			},
			{
			},
			{
			},
			{
			}
		],
		"alphaRef": 84,
		"alphaTest": true,
		"translucent": false,
		"translucentBlendOp": "None",
		"doubleSided": true,
		"invertBackFaceNormals": true,
		"dynamicCubemap": true,
		"activeLayers": 1,
		"materialTag0": "beamng",
		"order_simset": 0,
		"version": 1.5
	},
	"material_74_m_blackhole_14c2e": {
		"name": "material_74_m_blackhole_14c2e",
		"class": "Material",
		"mapTo": "material_74_m_blackhole_14c2e",
		"Stages": [
			{
				"normalMap": "camso_col_0xff8080ff.dds",
				"normalMapStrength": 1,
				"diffuseColor": [ 0, 0, 0, 0 ],
				"roughnessFactor": 0,
				"metallicFactor": 0
			},
			{
			},
			{
			},
			{
			}
		],
		"alphaRef": 84,
		"alphaTest": true,
		"translucent": false,
		"translucentBlendOp": "None",
		"doubleSided": true,
		"invertBackFaceNormals": true,
		"dynamicCubemap": true,
		"activeLayers": 1,
		"materialTag0": "beamng",
		"order_simset": 0,
		"version": 1.5
	},
	"material_75_m_metalrough_14c2e": {
		"name": "material_75_m_metalrough_14c2e",
		"class": "Material",
		"mapTo": "material_75_m_metalrough_14c2e",
		"Stages": [
			{
				"normalMap": "camso_col_0xff8080ff.dds",
				"normalMapStrength": 1,
				"diffuseColor": [ 0.8, 0.831373, 0.843137, 1 ],
				"roughnessFactor": 0.261468,
				"metallicFactor": 1
			},
			{
			},
			{
			},
			{
			}
		],
		"alphaRef": 84,
		"alphaTest": true,
		"translucent": false,
		"translucentBlendOp": "None",
		"doubleSided": true,
		"invertBackFaceNormals": true,
		"dynamicCubemap": true,
		"activeLayers": 1,
		"materialTag0": "beamng",
		"order_simset": 0,
		"version": 1.5
	},
	"material_76_mi_engineoilfilter_14c2e": {
		"name": "material_76_mi_engineoilfilter_14c2e",
		"class": "Material",
		"mapTo": "material_76_mi_engineoilfilter_14c2e",
		"Stages": [
			{
				"normalMap": "camso_col_0xff8080ff.dds",
				"normalMapStrength": 1,
				"diffuseColor": [ 0.309804, 0.364706, 0.419608, 1 ],
				"roughnessFactor": 0.237143,
				"metallicFactor": 0.5
			},
			{
			},
			{
			},
			{
			}
		],
		"alphaRef": 84,
		"alphaTest": true,
		"translucent": false,
		"translucentBlendOp": "None",
		"doubleSided": true,
		"invertBackFaceNormals": true,
		"dynamicCubemap": true,
		"activeLayers": 1,
		"materialTag0": "beamng",
		"order_simset": 0,
		"version": 1.5
	},
	"material_77_blackhole_14c2e": {
		"name": "material_77_blackhole_14c2e",
		"class": "Material",
		"mapTo": "material_77_blackhole_14c2e",
		"Stages": [
			{
				"normalMap": "camso_col_0xff8080ff.dds",
				"normalMapStrength": 1,
				"diffuseColor": [ 0, 0, 0, 0 ],
				"roughnessFactor": 1,
				"metallicFactor": 0
			},
			{
			},
			{
			},
			{
			}
		],
		"alphaRef": 84,
		"alphaTest": true,
		"translucent": false,
		"translucentBlendOp": "None",
		"doubleSided": true,
		"invertBackFaceNormals": true,
		"activeLayers": 1,
		"materialTag0": "beamng",
		"order_simset": 0,
		"version": 1.5
	},
	"material_78_fixtureopaque_chrome_001_14c2e": {
		"name": "material_78_fixtureopaque_chrome_001_14c2e",
		"class": "Material",
		"mapTo": "material_78_fixtureopaque_chrome_001_14c2e",
		"Stages": [
			{
				"normalMap": "camso_col_0xff8080ff.dds",
				"normalMapStrength": 0,
				"diffuseMap": "camso_t_wheelhub_r_lerpg_0xFF7C6C61_0xFFFFF9F4.dds",
				"roughnessMap": "camso_t_roughness_8k_rmmodbdp_rbgmaskg.dds",
				"diffuseColor": [ 1, 1, 1, 1 ],
				"roughnessFactor": 0,
				"metallicFactor": 1,
				"useAnisotropic": true
			},
			{
			},
			{
			},
			{
			}
		],
		"alphaRef": 84,
		"alphaTest": true,
		"translucent": false,
		"translucentBlendOp": "None",
		"doubleSided": true,
		"invertBackFaceNormals": true,
		"dynamicCubemap": true,
		"activeLayers": 1,
		"materialTag0": "beamng",
		"order_simset": 0,
		"version": 1.5
	},
	"material_79_master_exhaustparalax_14c2e": {
		"name": "material_79_master_exhaustparalax_14c2e",
		"class": "Material",
		"mapTo": "material_79_master_exhaustparalax_14c2e",
		"Stages": [
			{
				"normalMap": "camso_col_0xff8080ff.dds",
				"normalMapStrength": 1,
				"diffuseColor": [ 0, 0, 0, 1 ],
				"roughnessFactor": 0,
				"metallicFactor": 0
			},
			{
			},
			{
			},
			{
			}
		],
		"alphaRef": 84,
		"alphaTest": true,
		"translucent": false,
		"translucentBlendOp": "None",
		"doubleSided": true,
		"invertBackFaceNormals": true,
		"dynamicCubemap": true,
		"activeLayers": 1,
		"materialTag0": "beamng",
		"order_simset": 0,
		"version": 1.5
	}
}
