{
	"Configuration": "15TV6E1",
	"Description": "",
	"Config Type": "Factory",
	"Weight": 1025,
	"Power": 1665,
	"Torque": 1148,
	"PowerPeakRPM": 11300,
	"TorquePeakRPM": 8600,
	"Weight/Power": 0.615964,
	"0-100 km/h": 1.6,
	"Top Speed": 138.1,
	"Years": {
		"min": 2020,
		"max": 2020
	},
	"Drivetrain": "AWD",
	"Transmission": "Sequential",
	"Propulsion": "ICE",
	"Fuel Type": "Nitromethane",
	"Induction Type": "Turbo",
	"Value": 194684,
	"defaultPaintName1": "Default1",
	"defaultPaintName2": "Default2"
}
