{
	"material_0_m_carpaint_78cff": {
		"name": "material_0_m_carpaint_78cff",
		"class": "Material",
		"mapTo": "material_0_m_carpaint_78cff",
		"Stages": [
			{
				"normalMap": "camso_col_0xff8080ff.dds",
				"normalMapStrength": 1,
				"clearCoatFactor": 1,
				"clearCoatRoughnessFactor": 1,
				"opacityMap": "78cff_stamp0.dds",
				"opacityMapUseUV": 1,
				"instanceDiffuse": true,
				"colorPaletteMap": "camso_col_0xffff0000.dds",
				"roughnessFactor": 1,
				"metallicFactor": 1,
				"diffuseColor": [ 1, 1, 1, 1 ],
				"useAnisotropic": true
			},
			{
			},
			{
			},
			{
			}
		],
		"alphaRef": 255,
		"alphaTest": true,
		"translucent": false,
		"translucentBlendOp": "None",
		"doubleSided": true,
		"invertBackFaceNormals": true,
		"dynamicCubemap": true,
		"activeLayers": 1,
		"materialTag0": "beamng",
		"order_simset": 0,
		"version": 1.5
	},
	"material_1_carwindows_transparent_78cff": {
		"name": "material_1_carwindows_transparent_78cff",
		"class": "Material",
		"mapTo": "material_1_carwindows_transparent_78cff",
		"Stages": [
			{
				"normalMap": "camso_col_0xff8080ff.dds",
				"normalMapStrength": 1,
				"opacityMap": "78cff_stamp0.dds",
				"opacityMapUseUV": 1,
				"opacityFactor": 0.898039,
				"diffuseColor": [ 0, 0.0627451, 0.0509804, 0.898039 ],
				"roughnessFactor": 0.02,
				"metallicFactor": 1,
				"useAnisotropic": true
			},
			{
			},
			{
			},
			{
			}
		],
		"alphaRef": 1,
		"alphaTest": true,
		"translucent": true,
		"translucentBlendOp": "PreMulAlpha",
		"translucentZWrite": false,
		"castShadows": false,
		"translucentRecvShadows": true,
		"dynamicCubemap": true,
		"activeLayers": 1,
		"materialTag0": "beamng",
		"order_simset": 0,
		"version": 1.5
	},
	"material_2_mp_plastic_inst_78cff": {
		"name": "material_2_mp_plastic_inst_78cff",
		"class": "Material",
		"mapTo": "material_2_mp_plastic_inst_78cff",
		"Stages": [
			{
				"normalMap": "camso_col_0xff8080ff.dds",
				"normalMapStrength": 1,
				"opacityMap": "78cff_stamp0.dds",
				"opacityMapUseUV": 1,
				"diffuseColor": [ 0.0509804, 0.0509804, 0.0509804, 1 ],
				"roughnessFactor": 0.4,
				"metallicFactor": 0,
				"useAnisotropic": true
			},
			{
			},
			{
			},
			{
			}
		],
		"alphaRef": 84,
		"alphaTest": true,
		"translucent": false,
		"translucentBlendOp": "None",
		"doubleSided": true,
		"invertBackFaceNormals": true,
		"dynamicCubemap": true,
		"activeLayers": 1,
		"materialTag0": "beamng",
		"order_simset": 0,
		"version": 1.5
	},
	"material_3_chassis_gluedaluminium_78cff": {
		"name": "material_3_chassis_gluedaluminium_78cff",
		"class": "Material",
		"mapTo": "material_3_chassis_gluedaluminium_78cff",
		"Stages": [
			{
				"normalMap": "camso_t_noise_n.dds",
				"normalMapStrength": 1,
				"diffuseColor": [ 0.733333, 0.556863, 0.541176, 1 ],
				"roughnessFactor": 0.225,
				"metallicFactor": 0.5,
				"useAnisotropic": true
			},
			{
			},
			{
			},
			{
			}
		],
		"alphaRef": 84,
		"alphaTest": true,
		"translucent": false,
		"translucentBlendOp": "None",
		"doubleSided": true,
		"invertBackFaceNormals": true,
		"dynamicCubemap": true,
		"activeLayers": 1,
		"materialTag0": "beamng",
		"order_simset": 0,
		"version": 1.5
	},
	"material_4_m_blackrubber_78cff": {
		"name": "material_4_m_blackrubber_78cff",
		"class": "Material",
		"mapTo": "material_4_m_blackrubber_78cff",
		"Stages": [
			{
				"normalMap": "camso_col_0xff8080ff.dds",
				"normalMapStrength": 1,
				"diffuseColor": [ 0.0470588, 0.0470588, 0.0470588, 0 ],
				"roughnessFactor": 0,
				"metallicFactor": 0
			},
			{
			},
			{
			},
			{
			}
		],
		"alphaRef": 84,
		"alphaTest": true,
		"translucent": false,
		"translucentBlendOp": "None",
		"doubleSided": true,
		"invertBackFaceNormals": true,
		"dynamicCubemap": true,
		"activeLayers": 1,
		"materialTag0": "beamng",
		"order_simset": 0,
		"version": 1.5
	},
	"material_5_chassis_steel_78cff": {
		"name": "material_5_chassis_steel_78cff",
		"class": "Material",
		"mapTo": "material_5_chassis_steel_78cff",
		"Stages": [
			{
				"normalMap": "camso_col_0xff8080ff.dds",
				"normalMapStrength": 1,
				"diffuseColor": [ 0.560784, 0.560784, 0.560784, 1 ],
				"roughnessFactor": 0.2,
				"metallicFactor": 1
			},
			{
			},
			{
			},
			{
			}
		],
		"alphaRef": 84,
		"alphaTest": true,
		"translucent": false,
		"translucentBlendOp": "None",
		"doubleSided": true,
		"invertBackFaceNormals": true,
		"dynamicCubemap": true,
		"activeLayers": 1,
		"materialTag0": "beamng",
		"order_simset": 0,
		"version": 1.5
	},
	"material_6_m_bolt_morphable_78cff": {
		"name": "material_6_m_bolt_morphable_78cff",
		"class": "Material",
		"mapTo": "material_6_m_bolt_morphable_78cff",
		"Stages": [
			{
				"normalMap": "camso_col_0xff8080ff.dds",
				"normalMapStrength": 1,
				"diffuseColor": [ 0.709804, 0.670588, 0.611765, 1 ],
				"roughnessFactor": 0.4,
				"metallicFactor": 1
			},
			{
			},
			{
			},
			{
			}
		],
		"alphaRef": 84,
		"alphaTest": true,
		"translucent": false,
		"translucentBlendOp": "None",
		"doubleSided": true,
		"invertBackFaceNormals": true,
		"dynamicCubemap": true,
		"activeLayers": 1,
		"materialTag0": "beamng",
		"order_simset": 0,
		"version": 1.5
	},
	"material_7_mi_rubber_tyre_78cff": {
		"name": "material_7_mi_rubber_tyre_78cff",
		"class": "Material",
		"mapTo": "material_7_mi_rubber_tyre_78cff",
		"Stages": [
			{
				"normalMap": "78cff_tyrenormal_0.dds",
				"normalMapStrength": 1,
				"diffuseColor": [ 0.12549, 0.121569, 0.121569, 1 ],
				"roughnessFactor": 0.541936,
				"metallicFactor": 0,
				"useAnisotropic": true
			},
			{
			},
			{
			},
			{
			}
		],
		"alphaRef": 84,
		"alphaTest": true,
		"translucent": false,
		"translucentBlendOp": "None",
		"doubleSided": true,
		"invertBackFaceNormals": true,
		"dynamicCubemap": true,
		"activeLayers": 1,
		"materialTag0": "beamng",
		"order_simset": 0,
		"version": 1.5
	},
	"material_8_m_carpaint_78cff": {
		"name": "material_8_m_carpaint_78cff",
		"class": "Material",
		"mapTo": "material_8_m_carpaint_78cff",
		"Stages": [
			{
				"normalMap": "camso_col_0xff8080ff.dds",
				"normalMapStrength": 1,
				"clearCoatFactor": 1,
				"clearCoatRoughnessFactor": 0,
				"diffuseColor": [ 1, 1, 1, 1 ],
				"roughnessFactor": 0,
				"metallicFactor": 0
			},
			{
			},
			{
			},
			{
			}
		],
		"alphaRef": 255,
		"alphaTest": true,
		"translucent": false,
		"translucentBlendOp": "None",
		"doubleSided": true,
		"invertBackFaceNormals": true,
		"dynamicCubemap": true,
		"activeLayers": 1,
		"materialTag0": "beamng",
		"order_simset": 0,
		"version": 1.5
	},
	"material_9_m_carpaint_78cff": {
		"name": "material_9_m_carpaint_78cff",
		"class": "Material",
		"mapTo": "material_9_m_carpaint_78cff",
		"Stages": [
			{
				"normalMap": "camso_col_0xff8080ff.dds",
				"normalMapStrength": 1,
				"clearCoatFactor": 1,
				"clearCoatRoughnessFactor": 1,
				"instanceDiffuse": true,
				"colorPaletteMap": "camso_col_0xffff0000.dds",
				"roughnessFactor": 1,
				"metallicFactor": 1,
				"diffuseColor": [ 1, 1, 1, 1 ]
			},
			{
			},
			{
			},
			{
			}
		],
		"alphaRef": 255,
		"alphaTest": true,
		"translucent": false,
		"translucentBlendOp": "None",
		"doubleSided": true,
		"invertBackFaceNormals": true,
		"dynamicCubemap": true,
		"activeLayers": 1,
		"materialTag0": "beamng",
		"order_simset": 0,
		"version": 1.5
	},
	"material_10_mi_castalloy_morphable_78cff": {
		"name": "material_10_mi_castalloy_morphable_78cff",
		"class": "Material",
		"mapTo": "material_10_mi_castalloy_morphable_78cff",
		"Stages": [
			{
				"normalMap": "camso_col_0xff8080ff.dds",
				"normalMapStrength": 1,
				"diffuseColor": [ 0.596078, 0.596078, 0.596078, 1 ],
				"roughnessFactor": 0.9,
				"metallicFactor": 0.4
			},
			{
			},
			{
			},
			{
			}
		],
		"alphaRef": 84,
		"alphaTest": true,
		"translucent": false,
		"translucentBlendOp": "None",
		"doubleSided": true,
		"invertBackFaceNormals": true,
		"dynamicCubemap": true,
		"activeLayers": 1,
		"materialTag0": "beamng",
		"order_simset": 0,
		"version": 1.5
	},
	"material_11_mi_suspensionpaintyellow_78cff": {
		"name": "material_11_mi_suspensionpaintyellow_78cff",
		"class": "Material",
		"mapTo": "material_11_mi_suspensionpaintyellow_78cff",
		"Stages": [
			{
				"normalMap": "camso_col_0xff8080ff.dds",
				"normalMapStrength": 1,
				"diffuseColor": [ 0.662745, 0.568627, 0.113725, 0 ],
				"roughnessFactor": 0.3,
				"metallicFactor": 0
			},
			{
			},
			{
			},
			{
			}
		],
		"alphaRef": 84,
		"alphaTest": true,
		"translucent": false,
		"translucentBlendOp": "None",
		"doubleSided": true,
		"invertBackFaceNormals": true,
		"dynamicCubemap": true,
		"activeLayers": 1,
		"materialTag0": "beamng",
		"order_simset": 0,
		"version": 1.5
	},
	"material_12_mi_suspensionpaintred_78cff": {
		"name": "material_12_mi_suspensionpaintred_78cff",
		"class": "Material",
		"mapTo": "material_12_mi_suspensionpaintred_78cff",
		"Stages": [
			{
				"normalMap": "camso_col_0xff8080ff.dds",
				"normalMapStrength": 1,
				"diffuseColor": [ 0.517647, 0, 0, 0 ],
				"roughnessFactor": 0.3,
				"metallicFactor": 0
			},
			{
			},
			{
			},
			{
			}
		],
		"alphaRef": 84,
		"alphaTest": true,
		"translucent": false,
		"translucentBlendOp": "None",
		"doubleSided": true,
		"invertBackFaceNormals": true,
		"dynamicCubemap": true,
		"activeLayers": 1,
		"materialTag0": "beamng",
		"order_simset": 0,
		"version": 1.5
	},
	"material_13_mi_bolt_morphable_78cff": {
		"name": "material_13_mi_bolt_morphable_78cff",
		"class": "Material",
		"mapTo": "material_13_mi_bolt_morphable_78cff",
		"Stages": [
			{
				"normalMap": "camso_col_0xff8080ff.dds",
				"normalMapStrength": 1,
				"diffuseColor": [ 0.709804, 0.670588, 0.611765, 1 ],
				"roughnessFactor": 0.4,
				"metallicFactor": 1
			},
			{
			},
			{
			},
			{
			}
		],
		"alphaRef": 84,
		"alphaTest": true,
		"translucent": false,
		"translucentBlendOp": "None",
		"doubleSided": true,
		"invertBackFaceNormals": true,
		"dynamicCubemap": true,
		"activeLayers": 1,
		"materialTag0": "beamng",
		"order_simset": 0,
		"version": 1.5
	},
	"material_14_mi_machinedmetal_morphable_78cff": {
		"name": "material_14_mi_machinedmetal_morphable_78cff",
		"class": "Material",
		"mapTo": "material_14_mi_machinedmetal_morphable_78cff",
		"Stages": [
			{
				"normalMap": "camso_t_normal_8k_slnobhpc.dds",
				"normalMapStrength": 0.199048,
				"diffuseMap": "camso_t_default_macrovariation_lerpg_0xFFCECEDB_0xFFD0C9CE.dds",
				"diffuseColor": [ 1, 1, 1, 1 ],
				"roughnessFactor": 0.247166,
				"metallicFactor": 1,
				"useAnisotropic": true
			},
			{
			},
			{
			},
			{
			}
		],
		"alphaRef": 84,
		"alphaTest": true,
		"translucent": false,
		"translucentBlendOp": "None",
		"doubleSided": true,
		"invertBackFaceNormals": true,
		"dynamicCubemap": true,
		"activeLayers": 1,
		"materialTag0": "beamng",
		"order_simset": 0,
		"version": 1.5
	},
	"material_15_mi_brakerotor_carbon_78cff": {
		"name": "material_15_mi_brakerotor_carbon_78cff",
		"class": "Material",
		"mapTo": "material_15_mi_brakerotor_carbon_78cff",
		"Stages": [
			{
				"normalMap": "camso_col_0xff8080ff.dds",
				"normalMapStrength": 1,
				"diffuseMap": "camso_t_carbonceramic_basecolor.dds",
				"diffuseColor": [ 0.658824, 0.658824, 0.658824, 1 ],
				"roughnessFactor": 0.15,
				"metallicFactor": 1,
				"useAnisotropic": true
			},
			{
			},
			{
			},
			{
			}
		],
		"alphaRef": 84,
		"alphaTest": true,
		"translucent": false,
		"translucentBlendOp": "None",
		"doubleSided": true,
		"invertBackFaceNormals": true,
		"dynamicCubemap": true,
		"activeLayers": 1,
		"materialTag0": "beamng",
		"order_simset": 0,
		"version": 1.5
	},
	"material_16_m_castalloy_inst_2_78cff": {
		"name": "material_16_m_castalloy_inst_2_78cff",
		"class": "Material",
		"mapTo": "material_16_m_castalloy_inst_2_78cff",
		"Stages": [
			{
				"normalMap": "camso_col_0xff8080ff.dds",
				"normalMapStrength": 1,
				"diffuseColor": [ 0.690196, 0.690196, 0.690196, 1 ],
				"roughnessFactor": 0.9,
				"metallicFactor": 1
			},
			{
			},
			{
			},
			{
			}
		],
		"alphaRef": 84,
		"alphaTest": true,
		"translucent": false,
		"translucentBlendOp": "None",
		"doubleSided": true,
		"invertBackFaceNormals": true,
		"dynamicCubemap": true,
		"activeLayers": 1,
		"materialTag0": "beamng",
		"order_simset": 0,
		"version": 1.5
	},
	"material_17_m_bolt_78cff": {
		"name": "material_17_m_bolt_78cff",
		"class": "Material",
		"mapTo": "material_17_m_bolt_78cff",
		"Stages": [
			{
				"normalMap": "camso_col_0xff8080ff.dds",
				"normalMapStrength": 1,
				"diffuseColor": [ 0.709804, 0.670588, 0.611765, 1 ],
				"roughnessFactor": 0.4,
				"metallicFactor": 1
			},
			{
			},
			{
			},
			{
			}
		],
		"alphaRef": 84,
		"alphaTest": true,
		"translucent": false,
		"translucentBlendOp": "None",
		"doubleSided": true,
		"invertBackFaceNormals": true,
		"dynamicCubemap": true,
		"activeLayers": 1,
		"materialTag0": "beamng",
		"order_simset": 0,
		"version": 1.5
	},
	"material_18_m_castiron_forged_78cff": {
		"name": "material_18_m_castiron_forged_78cff",
		"class": "Material",
		"mapTo": "material_18_m_castiron_forged_78cff",
		"Stages": [
			{
				"normalMap": "camso_col_0xff8080ff.dds",
				"normalMapStrength": 1,
				"diffuseColor": [ 0.372549, 0.372549, 0.372549, 1 ],
				"roughnessFactor": 0.9,
				"metallicFactor": 1
			},
			{
			},
			{
			},
			{
			}
		],
		"alphaRef": 84,
		"alphaTest": true,
		"translucent": false,
		"translucentBlendOp": "None",
		"doubleSided": true,
		"invertBackFaceNormals": true,
		"dynamicCubemap": true,
		"activeLayers": 1,
		"materialTag0": "beamng",
		"order_simset": 0,
		"version": 1.5
	},
	"material_19_m_machinedmetal_78cff": {
		"name": "material_19_m_machinedmetal_78cff",
		"class": "Material",
		"mapTo": "material_19_m_machinedmetal_78cff",
		"Stages": [
			{
				"normalMap": "camso_col_0xff8080ff.dds",
				"normalMapStrength": 1,
				"diffuseColor": [ 0.654902, 0.654902, 0.654902, 1 ],
				"roughnessFactor": 0.2,
				"metallicFactor": 1
			},
			{
			},
			{
			},
			{
			}
		],
		"alphaRef": 84,
		"alphaTest": true,
		"translucent": false,
		"translucentBlendOp": "None",
		"doubleSided": true,
		"invertBackFaceNormals": true,
		"dynamicCubemap": true,
		"activeLayers": 1,
		"materialTag0": "beamng",
		"order_simset": 0,
		"version": 1.5
	},
	"material_20_mi_rubber_tyre_78cff": {
		"name": "material_20_mi_rubber_tyre_78cff",
		"class": "Material",
		"mapTo": "material_20_mi_rubber_tyre_78cff",
		"Stages": [
			{
				"normalMap": "78cff_tyrenormal_1.dds",
				"normalMapStrength": 1,
				"diffuseColor": [ 0.12549, 0.121569, 0.121569, 1 ],
				"roughnessFactor": 0.541936,
				"metallicFactor": 0,
				"useAnisotropic": true
			},
			{
			},
			{
			},
			{
			}
		],
		"alphaRef": 84,
		"alphaTest": true,
		"translucent": false,
		"translucentBlendOp": "None",
		"doubleSided": true,
		"invertBackFaceNormals": true,
		"dynamicCubemap": true,
		"activeLayers": 1,
		"materialTag0": "beamng",
		"order_simset": 0,
		"version": 1.5
	},
	"material_21_mp_plastic_78cff": {
		"name": "material_21_mp_plastic_78cff",
		"class": "Material",
		"mapTo": "material_21_mp_plastic_78cff",
		"Stages": [
			{
				"normalMap": "camso_col_0xff8080ff.dds",
				"normalMapStrength": 1,
				"diffuseColor": [ 0.0509804, 0.0509804, 0.0509804, 1 ],
				"roughnessFactor": 0.4,
				"metallicFactor": 0
			},
			{
			},
			{
			},
			{
			}
		],
		"alphaRef": 84,
		"alphaTest": true,
		"translucent": false,
		"translucentBlendOp": "None",
		"doubleSided": true,
		"invertBackFaceNormals": true,
		"dynamicCubemap": true,
		"activeLayers": 1,
		"materialTag0": "beamng",
		"order_simset": 0,
		"version": 1.5
	},
	"material_22_mi_suspensionpaintblack_78cff": {
		"name": "material_22_mi_suspensionpaintblack_78cff",
		"class": "Material",
		"mapTo": "material_22_mi_suspensionpaintblack_78cff",
		"Stages": [
			{
				"normalMap": "camso_col_0xff8080ff.dds",
				"normalMapStrength": 1,
				"diffuseColor": [ 0, 0, 0, 0 ],
				"roughnessFactor": 0.3,
				"metallicFactor": 0
			},
			{
			},
			{
			},
			{
			}
		],
		"alphaRef": 84,
		"alphaTest": true,
		"translucent": false,
		"translucentBlendOp": "None",
		"doubleSided": true,
		"invertBackFaceNormals": true,
		"dynamicCubemap": true,
		"activeLayers": 1,
		"materialTag0": "beamng",
		"order_simset": 0,
		"version": 1.5
	},
	"material_23_m_carpaint_78cff": {
		"name": "material_23_m_carpaint_78cff",
		"class": "Material",
		"mapTo": "material_23_m_carpaint_78cff",
		"Stages": [
			{
				"normalMap": "camso_col_0xff8080ff.dds",
				"normalMapStrength": 1,
				"clearCoatFactor": 1,
				"clearCoatRoughnessFactor": 1,
				"instanceDiffuse": true,
				"colorPaletteMap": "camso_col_0xffff0000.dds",
				"roughnessFactor": 1,
				"metallicFactor": 1,
				"diffuseColor": [ 1, 1, 1, 1 ]
			},
			{
			},
			{
			},
			{
			}
		],
		"alphaRef": 255,
		"alphaTest": true,
		"translucent": false,
		"translucentBlendOp": "None",
		"doubleSided": true,
		"invertBackFaceNormals": true,
		"dynamicCubemap": true,
		"activeLayers": 1,
		"materialTag0": "beamng",
		"order_simset": 0,
		"version": 1.5
	},
	"material_24_fixturegrille_001_78cff": {
		"name": "material_24_fixturegrille_001_78cff",
		"class": "Material",
		"mapTo": "material_24_fixturegrille_001_78cff",
		"Stages": [
			{
				"normalMap": "camso_t_grille01_n.dds",
				"normalMapStrength": 0.333,
				"diffuseMap": "camso_t_grille01_h_stepped.dds",
				"roughnessMap": "camso_t_grille01_h_stepped_inverse.dds",
				"metallicMap": "camso_t_grille01_h_stepped.dds",
				"diffuseColor": [ 0.431373, 0.431373, 0.431373, 1 ],
				"roughnessFactor": 0.2,
				"metallicFactor": 1,
				"useAnisotropic": true
			},
			{
			},
			{
			},
			{
			}
		],
		"alphaRef": 84,
		"alphaTest": true,
		"translucent": false,
		"translucentBlendOp": "None",
		"doubleSided": true,
		"invertBackFaceNormals": true,
		"dynamicCubemap": true,
		"activeLayers": 1,
		"materialTag0": "beamng",
		"order_simset": 0,
		"version": 1.5
	},
	"material_25_fixturebulb_light_001_78cff": {
		"name": "material_25_fixturebulb_light_001_78cff",
		"class": "Material",
		"mapTo": "material_25_fixturebulb_light_001_78cff",
		"Stages": [
			{
				"normalMap": "camso_col_0xff8080ff.dds",
				"normalMapStrength": 1,
				"opacityMap": "78cff_stamp1.dds",
				"opacityMapUseUV": 1,
				"diffuseColor": [ 0.984314, 0.984314, 0.980392, 1 ],
				"roughnessFactor": 0.02,
				"metallicFactor": 1,
				"useAnisotropic": true
			},
			{
			},
			{
			},
			{
			}
		],
		"alphaRef": 84,
		"alphaTest": true,
		"translucent": false,
		"translucentBlendOp": "None",
		"doubleSided": true,
		"invertBackFaceNormals": true,
		"dynamicCubemap": true,
		"activeLayers": 1,
		"materialTag0": "beamng",
		"order_simset": 0,
		"version": 1.5
	},
	"material_25_fixturebulb_light_001_78cff_off": {
		"name": "material_25_fixturebulb_light_001_78cff_off",
		"class": "Material",
		"mapTo": "material_25_fixturebulb_light_001_78cff_off",
		"Stages": [
			{
				"normalMap": "camso_col_0xff8080ff.dds",
				"normalMapStrength": 1,
				"opacityMap": "78cff_stamp1.dds",
				"opacityMapUseUV": 1,
				"diffuseColor": [ 0.984314, 0.984314, 0.980392, 1 ],
				"roughnessFactor": 0.02,
				"metallicFactor": 1,
				"useAnisotropic": true
			},
			{
			},
			{
			},
			{
			}
		],
		"alphaRef": 84,
		"alphaTest": true,
		"translucent": false,
		"translucentBlendOp": "None",
		"doubleSided": true,
		"invertBackFaceNormals": true,
		"dynamicCubemap": true,
		"activeLayers": 1,
		"materialTag0": "beamng",
		"order_simset": 0,
		"version": 1.5
	},
	"material_25_fixturebulb_light_001_78cff_on": {
		"name": "material_25_fixturebulb_light_001_78cff_on",
		"class": "Material",
		"mapTo": "material_25_fixturebulb_light_001_78cff_on",
		"Stages": [
			{
				"normalMap": "camso_col_0xff8080ff.dds",
				"normalMapStrength": 1,
				"opacityMap": "78cff_stamp1.dds",
				"opacityMapUseUV": 1,
				"diffuseColor": [ 0.984314, 0.984314, 0.980392, 1 ],
				"roughnessFactor": 0.02,
				"metallicFactor": 1,
				"emissiveFactor": [ 1, 1, 1 ],
				"glow": true,
				"useAnisotropic": true
			},
			{
			},
			{
			},
			{
			}
		],
		"alphaRef": 84,
		"alphaTest": true,
		"translucent": false,
		"translucentBlendOp": "None",
		"doubleSided": true,
		"invertBackFaceNormals": true,
		"dynamicCubemap": true,
		"activeLayers": 1,
		"materialTag0": "beamng",
		"order_simset": 0,
		"version": 1.5
	},
	"material_25_fixturebulb_light_001_78cff_onIntense": {
		"name": "material_25_fixturebulb_light_001_78cff_onIntense",
		"class": "Material",
		"mapTo": "material_25_fixturebulb_light_001_78cff_onIntense",
		"Stages": [
			{
				"normalMap": "camso_col_0xff8080ff.dds",
				"normalMapStrength": 1,
				"opacityMap": "78cff_stamp1.dds",
				"opacityMapUseUV": 1,
				"diffuseColor": [ 0.984314, 0.984314, 0.980392, 1 ],
				"roughnessFactor": 0.02,
				"metallicFactor": 1,
				"emissiveFactor": [ 1, 1, 1 ],
				"glow": true,
				"useAnisotropic": true
			},
			{
			},
			{
			},
			{
			}
		],
		"alphaRef": 84,
		"alphaTest": true,
		"translucent": false,
		"translucentBlendOp": "None",
		"doubleSided": true,
		"invertBackFaceNormals": true,
		"dynamicCubemap": true,
		"activeLayers": 1,
		"materialTag0": "beamng",
		"order_simset": 0,
		"version": 1.5
	},
	"material_26_fixtureglass_headlight_009_78cff": {
		"name": "material_26_fixtureglass_headlight_009_78cff",
		"class": "Material",
		"mapTo": "material_26_fixtureglass_headlight_009_78cff",
		"Stages": [
			{
				"normalMap": "camso_t_taillightreflector_02_normal.dds",
				"normalMapStrength": 1,
				"opacityMap": "78cff_stamp1.dds",
				"opacityMapUseUV": 1,
				"opacityFactor": 0.4,
				"diffuseColor": [ 0.980392, 0.976471, 0.74902, 0.4 ],
				"roughnessFactor": 0,
				"metallicFactor": 0,
				"useAnisotropic": true
			},
			{
			},
			{
			},
			{
			}
		],
		"alphaRef": 1,
		"alphaTest": true,
		"translucent": true,
		"translucentBlendOp": "AddAlpha",
		"translucentZWrite": false,
		"castShadows": false,
		"translucentRecvShadows": true,
		"dynamicCubemap": true,
		"activeLayers": 1,
		"materialTag0": "beamng",
		"order_simset": 0,
		"version": 1.5
	},
	"material_26_fixtureglass_headlight_009_78cff_off": {
		"name": "material_26_fixtureglass_headlight_009_78cff_off",
		"class": "Material",
		"mapTo": "material_26_fixtureglass_headlight_009_78cff_off",
		"Stages": [
			{
				"normalMap": "camso_t_taillightreflector_02_normal.dds",
				"normalMapStrength": 1,
				"opacityMap": "78cff_stamp1.dds",
				"opacityMapUseUV": 1,
				"opacityFactor": 0.4,
				"diffuseColor": [ 0.980392, 0.976471, 0.74902, 0.4 ],
				"roughnessFactor": 0,
				"metallicFactor": 0,
				"useAnisotropic": true
			},
			{
			},
			{
			},
			{
			}
		],
		"alphaRef": 1,
		"alphaTest": true,
		"translucent": true,
		"translucentBlendOp": "AddAlpha",
		"translucentZWrite": false,
		"castShadows": false,
		"translucentRecvShadows": true,
		"dynamicCubemap": true,
		"activeLayers": 1,
		"materialTag0": "beamng",
		"order_simset": 0,
		"version": 1.5
	},
	"material_26_fixtureglass_headlight_009_78cff_on": {
		"name": "material_26_fixtureglass_headlight_009_78cff_on",
		"class": "Material",
		"mapTo": "material_26_fixtureglass_headlight_009_78cff_on",
		"Stages": [
			{
				"normalMap": "camso_t_taillightreflector_02_normal.dds",
				"normalMapStrength": 1,
				"opacityMap": "78cff_stamp1.dds",
				"opacityMapUseUV": 1,
				"opacityFactor": 0.4,
				"diffuseColor": [ 0.980392, 0.976471, 0.74902, 0.4 ],
				"roughnessFactor": 0,
				"metallicFactor": 0,
				"emissiveFactor": [ 0.99738, 0.99738, 0.883056 ],
				"glow": true,
				"useAnisotropic": true
			},
			{
			},
			{
			},
			{
			}
		],
		"alphaRef": 1,
		"alphaTest": true,
		"translucent": true,
		"translucentBlendOp": "AddAlpha",
		"translucentZWrite": false,
		"castShadows": false,
		"translucentRecvShadows": true,
		"dynamicCubemap": true,
		"activeLayers": 1,
		"materialTag0": "beamng",
		"order_simset": 0,
		"version": 1.5
	},
	"material_26_fixtureglass_headlight_009_78cff_onIntense": {
		"name": "material_26_fixtureglass_headlight_009_78cff_onIntense",
		"class": "Material",
		"mapTo": "material_26_fixtureglass_headlight_009_78cff_onIntense",
		"Stages": [
			{
				"normalMap": "camso_t_taillightreflector_02_normal.dds",
				"normalMapStrength": 1,
				"opacityMap": "78cff_stamp1.dds",
				"opacityMapUseUV": 1,
				"opacityFactor": 0.4,
				"diffuseColor": [ 0.980392, 0.976471, 0.74902, 0.4 ],
				"roughnessFactor": 0,
				"metallicFactor": 0,
				"emissiveFactor": [ 1, 1, 0.885375 ],
				"glow": true,
				"useAnisotropic": true
			},
			{
			},
			{
			},
			{
			}
		],
		"alphaRef": 1,
		"alphaTest": true,
		"translucent": true,
		"translucentBlendOp": "AddAlpha",
		"translucentZWrite": false,
		"castShadows": false,
		"translucentRecvShadows": true,
		"dynamicCubemap": true,
		"activeLayers": 1,
		"materialTag0": "beamng",
		"order_simset": 0,
		"version": 1.5
	},
	"material_27_m_carpaint_78cff": {
		"name": "material_27_m_carpaint_78cff",
		"class": "Material",
		"mapTo": "material_27_m_carpaint_78cff",
		"Stages": [
			{
				"normalMap": "camso_col_0xff8080ff.dds",
				"normalMapStrength": 1,
				"clearCoatFactor": 1,
				"clearCoatRoughnessFactor": 1,
				"opacityMap": "78cff_stamp1.dds",
				"opacityMapUseUV": 1,
				"instanceDiffuse": true,
				"colorPaletteMap": "camso_col_0xffff0000.dds",
				"roughnessFactor": 1,
				"metallicFactor": 1,
				"diffuseColor": [ 1, 1, 1, 1 ],
				"useAnisotropic": true
			},
			{
			},
			{
			},
			{
			}
		],
		"alphaRef": 255,
		"alphaTest": true,
		"translucent": false,
		"translucentBlendOp": "None",
		"doubleSided": true,
		"invertBackFaceNormals": true,
		"dynamicCubemap": true,
		"activeLayers": 1,
		"materialTag0": "beamng",
		"order_simset": 0,
		"version": 1.5
	},
	"material_28_m_carpaint_78cff": {
		"name": "material_28_m_carpaint_78cff",
		"class": "Material",
		"mapTo": "material_28_m_carpaint_78cff",
		"Stages": [
			{
				"normalMap": "camso_col_0xff8080ff.dds",
				"normalMapStrength": 1,
				"clearCoatFactor": 1,
				"clearCoatRoughnessFactor": 1,
				"instanceDiffuse": true,
				"colorPaletteMap": "camso_col_0xffff0000.dds",
				"roughnessFactor": 1,
				"metallicFactor": 1,
				"diffuseColor": [ 1, 1, 1, 1 ]
			},
			{
			},
			{
			},
			{
			}
		],
		"alphaRef": 255,
		"alphaTest": true,
		"translucent": false,
		"translucentBlendOp": "None",
		"doubleSided": true,
		"invertBackFaceNormals": true,
		"dynamicCubemap": true,
		"activeLayers": 1,
		"materialTag0": "beamng",
		"order_simset": 0,
		"version": 1.5
	},
	"material_29_fixturegrille_010_78cff": {
		"name": "material_29_fixturegrille_010_78cff",
		"class": "Material",
		"mapTo": "material_29_fixturegrille_010_78cff",
		"Stages": [
			{
				"normalMap": "camso_t_grille01_n.dds",
				"normalMapStrength": 0.333,
				"diffuseMap": "camso_t_grille01_h_stepped.dds",
				"roughnessMap": "camso_t_grille01_h_stepped_inverse.dds",
				"metallicMap": "camso_t_grille01_h_stepped.dds",
				"opacityMap": "78cff_stamp1.dds",
				"opacityMapUseUV": 1,
				"diffuseColor": [ 0.431373, 0.431373, 0.431373, 1 ],
				"roughnessFactor": 0.2,
				"metallicFactor": 1,
				"useAnisotropic": true
			},
			{
			},
			{
			},
			{
			}
		],
		"alphaRef": 84,
		"alphaTest": true,
		"translucent": false,
		"translucentBlendOp": "None",
		"doubleSided": true,
		"invertBackFaceNormals": true,
		"dynamicCubemap": true,
		"activeLayers": 1,
		"materialTag0": "beamng",
		"order_simset": 0,
		"version": 1.5
	},
	"material_30_fixturebulb_light_002_78cff": {
		"name": "material_30_fixturebulb_light_002_78cff",
		"class": "Material",
		"mapTo": "material_30_fixturebulb_light_002_78cff",
		"Stages": [
			{
				"normalMap": "camso_col_0xff8080ff.dds",
				"normalMapStrength": 1,
				"diffuseColor": [ 0.984314, 0.984314, 0.980392, 1 ],
				"roughnessFactor": 0.02,
				"metallicFactor": 1
			},
			{
			},
			{
			},
			{
			}
		],
		"alphaRef": 84,
		"alphaTest": true,
		"translucent": false,
		"translucentBlendOp": "None",
		"doubleSided": true,
		"invertBackFaceNormals": true,
		"dynamicCubemap": true,
		"activeLayers": 1,
		"materialTag0": "beamng",
		"order_simset": 0,
		"version": 1.5
	},
	"material_30_fixturebulb_light_002_78cff_off": {
		"name": "material_30_fixturebulb_light_002_78cff_off",
		"class": "Material",
		"mapTo": "material_30_fixturebulb_light_002_78cff_off",
		"Stages": [
			{
				"normalMap": "camso_col_0xff8080ff.dds",
				"normalMapStrength": 1,
				"diffuseColor": [ 0.984314, 0.984314, 0.980392, 1 ],
				"roughnessFactor": 0.02,
				"metallicFactor": 1
			},
			{
			},
			{
			},
			{
			}
		],
		"alphaRef": 84,
		"alphaTest": true,
		"translucent": false,
		"translucentBlendOp": "None",
		"doubleSided": true,
		"invertBackFaceNormals": true,
		"dynamicCubemap": true,
		"activeLayers": 1,
		"materialTag0": "beamng",
		"order_simset": 0,
		"version": 1.5
	},
	"material_30_fixturebulb_light_002_78cff_on": {
		"name": "material_30_fixturebulb_light_002_78cff_on",
		"class": "Material",
		"mapTo": "material_30_fixturebulb_light_002_78cff_on",
		"Stages": [
			{
				"normalMap": "camso_col_0xff8080ff.dds",
				"normalMapStrength": 1,
				"diffuseColor": [ 0.984314, 0.984314, 0.980392, 1 ],
				"roughnessFactor": 0.02,
				"metallicFactor": 1,
				"emissiveFactor": [ 1, 0.8, 0.8 ],
				"glow": true
			},
			{
			},
			{
			},
			{
			}
		],
		"alphaRef": 84,
		"alphaTest": true,
		"translucent": false,
		"translucentBlendOp": "None",
		"doubleSided": true,
		"invertBackFaceNormals": true,
		"dynamicCubemap": true,
		"activeLayers": 1,
		"materialTag0": "beamng",
		"order_simset": 0,
		"version": 1.5
	},
	"material_30_fixturebulb_light_002_78cff_onIntense": {
		"name": "material_30_fixturebulb_light_002_78cff_onIntense",
		"class": "Material",
		"mapTo": "material_30_fixturebulb_light_002_78cff_onIntense",
		"Stages": [
			{
				"normalMap": "camso_col_0xff8080ff.dds",
				"normalMapStrength": 1,
				"diffuseColor": [ 0.984314, 0.984314, 0.980392, 1 ],
				"roughnessFactor": 0.02,
				"metallicFactor": 1,
				"emissiveFactor": [ 1, 0.8, 0.8 ],
				"glow": true
			},
			{
			},
			{
			},
			{
			}
		],
		"alphaRef": 84,
		"alphaTest": true,
		"translucent": false,
		"translucentBlendOp": "None",
		"doubleSided": true,
		"invertBackFaceNormals": true,
		"dynamicCubemap": true,
		"activeLayers": 1,
		"materialTag0": "beamng",
		"order_simset": 0,
		"version": 1.5
	},
	"material_31_fixtureopaqueglass_reflector_002_78cff": {
		"name": "material_31_fixtureopaqueglass_reflector_002_78cff",
		"class": "Material",
		"mapTo": "material_31_fixtureopaqueglass_reflector_002_78cff",
		"Stages": [
			{
				"normalMap": "camso_col_0xff8080ff.dds",
				"normalMapStrength": 1,
				"diffuseColor": [ 0.976471, 0.45098, 0, 1 ],
				"roughnessFactor": 0,
				"metallicFactor": 0
			},
			{
			},
			{
			},
			{
			}
		],
		"alphaRef": 84,
		"alphaTest": true,
		"translucent": false,
		"translucentBlendOp": "None",
		"doubleSided": true,
		"invertBackFaceNormals": true,
		"dynamicCubemap": true,
		"activeLayers": 1,
		"materialTag0": "beamng",
		"order_simset": 0,
		"version": 1.5
	},
	"material_31_fixtureopaqueglass_reflector_002_78cff_off": {
		"name": "material_31_fixtureopaqueglass_reflector_002_78cff_off",
		"class": "Material",
		"mapTo": "material_31_fixtureopaqueglass_reflector_002_78cff_off",
		"Stages": [
			{
				"normalMap": "camso_col_0xff8080ff.dds",
				"normalMapStrength": 1,
				"diffuseColor": [ 0.976471, 0.45098, 0, 1 ],
				"roughnessFactor": 0,
				"metallicFactor": 0
			},
			{
			},
			{
			},
			{
			}
		],
		"alphaRef": 84,
		"alphaTest": true,
		"translucent": false,
		"translucentBlendOp": "None",
		"doubleSided": true,
		"invertBackFaceNormals": true,
		"dynamicCubemap": true,
		"activeLayers": 1,
		"materialTag0": "beamng",
		"order_simset": 0,
		"version": 1.5
	},
	"material_31_fixtureopaqueglass_reflector_002_78cff_on": {
		"name": "material_31_fixtureopaqueglass_reflector_002_78cff_on",
		"class": "Material",
		"mapTo": "material_31_fixtureopaqueglass_reflector_002_78cff_on",
		"Stages": [
			{
				"normalMap": "camso_col_0xff8080ff.dds",
				"normalMapStrength": 1,
				"diffuseColor": [ 0.976471, 0.45098, 0, 1 ],
				"roughnessFactor": 0,
				"metallicFactor": 0,
				"emissiveFactor": [ 0.99738, 0.705656, 0 ],
				"glow": true
			},
			{
			},
			{
			},
			{
			}
		],
		"alphaRef": 84,
		"alphaTest": true,
		"translucent": false,
		"translucentBlendOp": "None",
		"doubleSided": true,
		"invertBackFaceNormals": true,
		"dynamicCubemap": true,
		"activeLayers": 1,
		"materialTag0": "beamng",
		"order_simset": 0,
		"version": 1.5
	},
	"material_31_fixtureopaqueglass_reflector_002_78cff_onIntense": {
		"name": "material_31_fixtureopaqueglass_reflector_002_78cff_onIntense",
		"class": "Material",
		"mapTo": "material_31_fixtureopaqueglass_reflector_002_78cff_onIntense",
		"Stages": [
			{
				"normalMap": "camso_col_0xff8080ff.dds",
				"normalMapStrength": 1,
				"diffuseColor": [ 0.976471, 0.45098, 0, 1 ],
				"roughnessFactor": 0,
				"metallicFactor": 0,
				"emissiveFactor": [ 1, 0.70751, 0 ],
				"glow": true
			},
			{
			},
			{
			},
			{
			}
		],
		"alphaRef": 84,
		"alphaTest": true,
		"translucent": false,
		"translucentBlendOp": "None",
		"doubleSided": true,
		"invertBackFaceNormals": true,
		"dynamicCubemap": true,
		"activeLayers": 1,
		"materialTag0": "beamng",
		"order_simset": 0,
		"version": 1.5
	},
	"material_32_fixtureopaqueglass_reflector_001_78cff": {
		"name": "material_32_fixtureopaqueglass_reflector_001_78cff",
		"class": "Material",
		"mapTo": "material_32_fixtureopaqueglass_reflector_001_78cff",
		"Stages": [
			{
				"normalMap": "camso_col_0xff8080ff.dds",
				"normalMapStrength": 1,
				"diffuseColor": [ 0.470588, 0.0666667, 0.0470588, 1 ],
				"roughnessFactor": 0,
				"metallicFactor": 0
			},
			{
			},
			{
			},
			{
			}
		],
		"alphaRef": 84,
		"alphaTest": true,
		"translucent": false,
		"translucentBlendOp": "None",
		"doubleSided": true,
		"invertBackFaceNormals": true,
		"dynamicCubemap": true,
		"activeLayers": 1,
		"materialTag0": "beamng",
		"order_simset": 0,
		"version": 1.5
	},
	"material_32_fixtureopaqueglass_reflector_001_78cff_off": {
		"name": "material_32_fixtureopaqueglass_reflector_001_78cff_off",
		"class": "Material",
		"mapTo": "material_32_fixtureopaqueglass_reflector_001_78cff_off",
		"Stages": [
			{
				"normalMap": "camso_col_0xff8080ff.dds",
				"normalMapStrength": 1,
				"diffuseColor": [ 0.470588, 0.0666667, 0.0470588, 1 ],
				"roughnessFactor": 0,
				"metallicFactor": 0
			},
			{
			},
			{
			},
			{
			}
		],
		"alphaRef": 84,
		"alphaTest": true,
		"translucent": false,
		"translucentBlendOp": "None",
		"doubleSided": true,
		"invertBackFaceNormals": true,
		"dynamicCubemap": true,
		"activeLayers": 1,
		"materialTag0": "beamng",
		"order_simset": 0,
		"version": 1.5
	},
	"material_32_fixtureopaqueglass_reflector_001_78cff_on": {
		"name": "material_32_fixtureopaqueglass_reflector_001_78cff_on",
		"class": "Material",
		"mapTo": "material_32_fixtureopaqueglass_reflector_001_78cff_on",
		"Stages": [
			{
				"normalMap": "camso_col_0xff8080ff.dds",
				"normalMapStrength": 1,
				"diffuseColor": [ 0.470588, 0.0666667, 0.0470588, 1 ],
				"roughnessFactor": 0,
				"metallicFactor": 0,
				"emissiveFactor": [ 0.905694, 0.361288, 0.301898 ],
				"glow": true
			},
			{
			},
			{
			},
			{
			}
		],
		"alphaRef": 84,
		"alphaTest": true,
		"translucent": false,
		"translucentBlendOp": "None",
		"doubleSided": true,
		"invertBackFaceNormals": true,
		"dynamicCubemap": true,
		"activeLayers": 1,
		"materialTag0": "beamng",
		"order_simset": 0,
		"version": 1.5
	},
	"material_32_fixtureopaqueglass_reflector_001_78cff_onIntense": {
		"name": "material_32_fixtureopaqueglass_reflector_001_78cff_onIntense",
		"class": "Material",
		"mapTo": "material_32_fixtureopaqueglass_reflector_001_78cff_onIntense",
		"Stages": [
			{
				"normalMap": "camso_col_0xff8080ff.dds",
				"normalMapStrength": 1,
				"diffuseColor": [ 0.470588, 0.0666667, 0.0470588, 1 ],
				"roughnessFactor": 0,
				"metallicFactor": 0,
				"emissiveFactor": [ 1, 0.398907, 0.333333 ],
				"glow": true
			},
			{
			},
			{
			},
			{
			}
		],
		"alphaRef": 84,
		"alphaTest": true,
		"translucent": false,
		"translucentBlendOp": "None",
		"doubleSided": true,
		"invertBackFaceNormals": true,
		"dynamicCubemap": true,
		"activeLayers": 1,
		"materialTag0": "beamng",
		"order_simset": 0,
		"version": 1.5
	},
	"material_33_fixtureopaqueglass_reflector_002_78cff": {
		"name": "material_33_fixtureopaqueglass_reflector_002_78cff",
		"class": "Material",
		"mapTo": "material_33_fixtureopaqueglass_reflector_002_78cff",
		"Stages": [
			{
				"normalMap": "camso_col_0xff8080ff.dds",
				"normalMapStrength": 1,
				"diffuseColor": [ 0.976471, 0.45098, 0, 1 ],
				"roughnessFactor": 0,
				"metallicFactor": 0
			},
			{
			},
			{
			},
			{
			}
		],
		"alphaRef": 84,
		"alphaTest": true,
		"translucent": false,
		"translucentBlendOp": "None",
		"doubleSided": true,
		"invertBackFaceNormals": true,
		"dynamicCubemap": true,
		"activeLayers": 1,
		"materialTag0": "beamng",
		"order_simset": 0,
		"version": 1.5
	},
	"material_33_fixtureopaqueglass_reflector_002_78cff_off": {
		"name": "material_33_fixtureopaqueglass_reflector_002_78cff_off",
		"class": "Material",
		"mapTo": "material_33_fixtureopaqueglass_reflector_002_78cff_off",
		"Stages": [
			{
				"normalMap": "camso_col_0xff8080ff.dds",
				"normalMapStrength": 1,
				"diffuseColor": [ 0.976471, 0.45098, 0, 1 ],
				"roughnessFactor": 0,
				"metallicFactor": 0
			},
			{
			},
			{
			},
			{
			}
		],
		"alphaRef": 84,
		"alphaTest": true,
		"translucent": false,
		"translucentBlendOp": "None",
		"doubleSided": true,
		"invertBackFaceNormals": true,
		"dynamicCubemap": true,
		"activeLayers": 1,
		"materialTag0": "beamng",
		"order_simset": 0,
		"version": 1.5
	},
	"material_33_fixtureopaqueglass_reflector_002_78cff_on": {
		"name": "material_33_fixtureopaqueglass_reflector_002_78cff_on",
		"class": "Material",
		"mapTo": "material_33_fixtureopaqueglass_reflector_002_78cff_on",
		"Stages": [
			{
				"normalMap": "camso_col_0xff8080ff.dds",
				"normalMapStrength": 1,
				"diffuseColor": [ 0.976471, 0.45098, 0, 1 ],
				"roughnessFactor": 0,
				"metallicFactor": 0,
				"emissiveFactor": [ 0.99738, 0.705656, 0 ],
				"glow": true
			},
			{
			},
			{
			},
			{
			}
		],
		"alphaRef": 84,
		"alphaTest": true,
		"translucent": false,
		"translucentBlendOp": "None",
		"doubleSided": true,
		"invertBackFaceNormals": true,
		"dynamicCubemap": true,
		"activeLayers": 1,
		"materialTag0": "beamng",
		"order_simset": 0,
		"version": 1.5
	},
	"material_33_fixtureopaqueglass_reflector_002_78cff_onIntense": {
		"name": "material_33_fixtureopaqueglass_reflector_002_78cff_onIntense",
		"class": "Material",
		"mapTo": "material_33_fixtureopaqueglass_reflector_002_78cff_onIntense",
		"Stages": [
			{
				"normalMap": "camso_col_0xff8080ff.dds",
				"normalMapStrength": 1,
				"diffuseColor": [ 0.976471, 0.45098, 0, 1 ],
				"roughnessFactor": 0,
				"metallicFactor": 0,
				"emissiveFactor": [ 1, 0.70751, 0 ],
				"glow": true
			},
			{
			},
			{
			},
			{
			}
		],
		"alphaRef": 84,
		"alphaTest": true,
		"translucent": false,
		"translucentBlendOp": "None",
		"doubleSided": true,
		"invertBackFaceNormals": true,
		"dynamicCubemap": true,
		"activeLayers": 1,
		"materialTag0": "beamng",
		"order_simset": 0,
		"version": 1.5
	},
	"material_34_fixturebulb_light_002_78cff": {
		"name": "material_34_fixturebulb_light_002_78cff",
		"class": "Material",
		"mapTo": "material_34_fixturebulb_light_002_78cff",
		"Stages": [
			{
				"normalMap": "camso_col_0xff8080ff.dds",
				"normalMapStrength": 1,
				"diffuseColor": [ 0.984314, 0.984314, 0.980392, 1 ],
				"roughnessFactor": 0.02,
				"metallicFactor": 1
			},
			{
			},
			{
			},
			{
			}
		],
		"alphaRef": 84,
		"alphaTest": true,
		"translucent": false,
		"translucentBlendOp": "None",
		"doubleSided": true,
		"invertBackFaceNormals": true,
		"dynamicCubemap": true,
		"activeLayers": 1,
		"materialTag0": "beamng",
		"order_simset": 0,
		"version": 1.5
	},
	"material_34_fixturebulb_light_002_78cff_off": {
		"name": "material_34_fixturebulb_light_002_78cff_off",
		"class": "Material",
		"mapTo": "material_34_fixturebulb_light_002_78cff_off",
		"Stages": [
			{
				"normalMap": "camso_col_0xff8080ff.dds",
				"normalMapStrength": 1,
				"diffuseColor": [ 0.984314, 0.984314, 0.980392, 1 ],
				"roughnessFactor": 0.02,
				"metallicFactor": 1
			},
			{
			},
			{
			},
			{
			}
		],
		"alphaRef": 84,
		"alphaTest": true,
		"translucent": false,
		"translucentBlendOp": "None",
		"doubleSided": true,
		"invertBackFaceNormals": true,
		"dynamicCubemap": true,
		"activeLayers": 1,
		"materialTag0": "beamng",
		"order_simset": 0,
		"version": 1.5
	},
	"material_34_fixturebulb_light_002_78cff_on": {
		"name": "material_34_fixturebulb_light_002_78cff_on",
		"class": "Material",
		"mapTo": "material_34_fixturebulb_light_002_78cff_on",
		"Stages": [
			{
				"normalMap": "camso_col_0xff8080ff.dds",
				"normalMapStrength": 1,
				"diffuseColor": [ 0.984314, 0.984314, 0.980392, 1 ],
				"roughnessFactor": 0.02,
				"metallicFactor": 1,
				"emissiveFactor": [ 1, 0.8, 0.8 ],
				"glow": true
			},
			{
			},
			{
			},
			{
			}
		],
		"alphaRef": 84,
		"alphaTest": true,
		"translucent": false,
		"translucentBlendOp": "None",
		"doubleSided": true,
		"invertBackFaceNormals": true,
		"dynamicCubemap": true,
		"activeLayers": 1,
		"materialTag0": "beamng",
		"order_simset": 0,
		"version": 1.5
	},
	"material_34_fixturebulb_light_002_78cff_onIntense": {
		"name": "material_34_fixturebulb_light_002_78cff_onIntense",
		"class": "Material",
		"mapTo": "material_34_fixturebulb_light_002_78cff_onIntense",
		"Stages": [
			{
				"normalMap": "camso_col_0xff8080ff.dds",
				"normalMapStrength": 1,
				"diffuseColor": [ 0.984314, 0.984314, 0.980392, 1 ],
				"roughnessFactor": 0.02,
				"metallicFactor": 1,
				"emissiveFactor": [ 1, 0.8, 0.8 ],
				"glow": true
			},
			{
			},
			{
			},
			{
			}
		],
		"alphaRef": 84,
		"alphaTest": true,
		"translucent": false,
		"translucentBlendOp": "None",
		"doubleSided": true,
		"invertBackFaceNormals": true,
		"dynamicCubemap": true,
		"activeLayers": 1,
		"materialTag0": "beamng",
		"order_simset": 0,
		"version": 1.5
	},
	"material_35_fixtureglass_reversinglight_001_78cff": {
		"name": "material_35_fixtureglass_reversinglight_001_78cff",
		"class": "Material",
		"mapTo": "material_35_fixtureglass_reversinglight_001_78cff",
		"Stages": [
			{
				"normalMap": "camso_t_taillightreflector_01_normal.dds",
				"normalMapStrength": 1,
				"opacityFactor": 0.74902,
				"diffuseColor": [ 0.94902, 0.94902, 0.94902, 0.74902 ],
				"roughnessFactor": 0,
				"metallicFactor": 0,
				"useAnisotropic": true
			},
			{
			},
			{
			},
			{
			}
		],
		"alphaRef": 1,
		"alphaTest": true,
		"translucent": true,
		"translucentBlendOp": "PreMulAlpha",
		"translucentZWrite": false,
		"castShadows": false,
		"translucentRecvShadows": true,
		"dynamicCubemap": true,
		"activeLayers": 1,
		"materialTag0": "beamng",
		"order_simset": 0,
		"version": 1.5
	},
	"material_35_fixtureglass_reversinglight_001_78cff_off": {
		"name": "material_35_fixtureglass_reversinglight_001_78cff_off",
		"class": "Material",
		"mapTo": "material_35_fixtureglass_reversinglight_001_78cff_off",
		"Stages": [
			{
				"normalMap": "camso_t_taillightreflector_01_normal.dds",
				"normalMapStrength": 1,
				"opacityFactor": 0.74902,
				"diffuseColor": [ 0.94902, 0.94902, 0.94902, 0.74902 ],
				"roughnessFactor": 0,
				"metallicFactor": 0,
				"useAnisotropic": true
			},
			{
			},
			{
			},
			{
			}
		],
		"alphaRef": 1,
		"alphaTest": true,
		"translucent": true,
		"translucentBlendOp": "PreMulAlpha",
		"translucentZWrite": false,
		"castShadows": false,
		"translucentRecvShadows": true,
		"dynamicCubemap": true,
		"activeLayers": 1,
		"materialTag0": "beamng",
		"order_simset": 0,
		"version": 1.5
	},
	"material_35_fixtureglass_reversinglight_001_78cff_on": {
		"name": "material_35_fixtureglass_reversinglight_001_78cff_on",
		"class": "Material",
		"mapTo": "material_35_fixtureglass_reversinglight_001_78cff_on",
		"Stages": [
			{
				"normalMap": "camso_t_taillightreflector_01_normal.dds",
				"normalMapStrength": 1,
				"opacityFactor": 0.74902,
				"diffuseColor": [ 0.94902, 0.94902, 0.94902, 0.74902 ],
				"roughnessFactor": 0,
				"metallicFactor": 0,
				"emissiveFactor": [ 0.992141, 0.992141, 0.992141 ],
				"glow": true,
				"useAnisotropic": true
			},
			{
			},
			{
			},
			{
			}
		],
		"alphaRef": 1,
		"alphaTest": true,
		"translucent": true,
		"translucentBlendOp": "PreMulAlpha",
		"translucentZWrite": false,
		"castShadows": false,
		"translucentRecvShadows": true,
		"dynamicCubemap": true,
		"activeLayers": 1,
		"materialTag0": "beamng",
		"order_simset": 0,
		"version": 1.5
	},
	"material_35_fixtureglass_reversinglight_001_78cff_onIntense": {
		"name": "material_35_fixtureglass_reversinglight_001_78cff_onIntense",
		"class": "Material",
		"mapTo": "material_35_fixtureglass_reversinglight_001_78cff_onIntense",
		"Stages": [
			{
				"normalMap": "camso_t_taillightreflector_01_normal.dds",
				"normalMapStrength": 1,
				"opacityFactor": 0.74902,
				"diffuseColor": [ 0.94902, 0.94902, 0.94902, 0.74902 ],
				"roughnessFactor": 0,
				"metallicFactor": 0,
				"emissiveFactor": [ 1, 1, 1 ],
				"glow": true,
				"useAnisotropic": true
			},
			{
			},
			{
			},
			{
			}
		],
		"alphaRef": 1,
		"alphaTest": true,
		"translucent": true,
		"translucentBlendOp": "PreMulAlpha",
		"translucentZWrite": false,
		"castShadows": false,
		"translucentRecvShadows": true,
		"dynamicCubemap": true,
		"activeLayers": 1,
		"materialTag0": "beamng",
		"order_simset": 0,
		"version": 1.5
	},
	"material_36_fixtureopaqueglass_reflector_001_78cff": {
		"name": "material_36_fixtureopaqueglass_reflector_001_78cff",
		"class": "Material",
		"mapTo": "material_36_fixtureopaqueglass_reflector_001_78cff",
		"Stages": [
			{
				"normalMap": "camso_col_0xff8080ff.dds",
				"normalMapStrength": 1,
				"diffuseColor": [ 0.470588, 0.0666667, 0.0470588, 1 ],
				"roughnessFactor": 0,
				"metallicFactor": 0
			},
			{
			},
			{
			},
			{
			}
		],
		"alphaRef": 84,
		"alphaTest": true,
		"translucent": false,
		"translucentBlendOp": "None",
		"doubleSided": true,
		"invertBackFaceNormals": true,
		"dynamicCubemap": true,
		"activeLayers": 1,
		"materialTag0": "beamng",
		"order_simset": 0,
		"version": 1.5
	},
	"material_36_fixtureopaqueglass_reflector_001_78cff_off": {
		"name": "material_36_fixtureopaqueglass_reflector_001_78cff_off",
		"class": "Material",
		"mapTo": "material_36_fixtureopaqueglass_reflector_001_78cff_off",
		"Stages": [
			{
				"normalMap": "camso_col_0xff8080ff.dds",
				"normalMapStrength": 1,
				"diffuseColor": [ 0.470588, 0.0666667, 0.0470588, 1 ],
				"roughnessFactor": 0,
				"metallicFactor": 0
			},
			{
			},
			{
			},
			{
			}
		],
		"alphaRef": 84,
		"alphaTest": true,
		"translucent": false,
		"translucentBlendOp": "None",
		"doubleSided": true,
		"invertBackFaceNormals": true,
		"dynamicCubemap": true,
		"activeLayers": 1,
		"materialTag0": "beamng",
		"order_simset": 0,
		"version": 1.5
	},
	"material_36_fixtureopaqueglass_reflector_001_78cff_on": {
		"name": "material_36_fixtureopaqueglass_reflector_001_78cff_on",
		"class": "Material",
		"mapTo": "material_36_fixtureopaqueglass_reflector_001_78cff_on",
		"Stages": [
			{
				"normalMap": "camso_col_0xff8080ff.dds",
				"normalMapStrength": 1,
				"diffuseColor": [ 0.470588, 0.0666667, 0.0470588, 1 ],
				"roughnessFactor": 0,
				"metallicFactor": 0,
				"emissiveFactor": [ 0.905694, 0.361288, 0.301898 ],
				"glow": true
			},
			{
			},
			{
			},
			{
			}
		],
		"alphaRef": 84,
		"alphaTest": true,
		"translucent": false,
		"translucentBlendOp": "None",
		"doubleSided": true,
		"invertBackFaceNormals": true,
		"dynamicCubemap": true,
		"activeLayers": 1,
		"materialTag0": "beamng",
		"order_simset": 0,
		"version": 1.5
	},
	"material_36_fixtureopaqueglass_reflector_001_78cff_onIntense": {
		"name": "material_36_fixtureopaqueglass_reflector_001_78cff_onIntense",
		"class": "Material",
		"mapTo": "material_36_fixtureopaqueglass_reflector_001_78cff_onIntense",
		"Stages": [
			{
				"normalMap": "camso_col_0xff8080ff.dds",
				"normalMapStrength": 1,
				"diffuseColor": [ 0.470588, 0.0666667, 0.0470588, 1 ],
				"roughnessFactor": 0,
				"metallicFactor": 0,
				"emissiveFactor": [ 1, 0.398907, 0.333333 ],
				"glow": true
			},
			{
			},
			{
			},
			{
			}
		],
		"alphaRef": 84,
		"alphaTest": true,
		"translucent": false,
		"translucentBlendOp": "None",
		"doubleSided": true,
		"invertBackFaceNormals": true,
		"dynamicCubemap": true,
		"activeLayers": 1,
		"materialTag0": "beamng",
		"order_simset": 0,
		"version": 1.5
	},
	"material_37_mi_plastic_matte_black_78cff": {
		"name": "material_37_mi_plastic_matte_black_78cff",
		"class": "Material",
		"mapTo": "material_37_mi_plastic_matte_black_78cff",
		"Stages": [
			{
				"normalMap": "camso_col_0xff8080ff.dds",
				"normalMapStrength": 1,
				"opacityMap": "78cff_stamp1.dds",
				"opacityMapUseUV": 1,
				"diffuseColor": [ 0.0627451, 0.0627451, 0.0627451, 1 ],
				"roughnessFactor": 0.4,
				"metallicFactor": 0,
				"useAnisotropic": true
			},
			{
			},
			{
			},
			{
			}
		],
		"alphaRef": 84,
		"alphaTest": true,
		"translucent": false,
		"translucentBlendOp": "None",
		"doubleSided": true,
		"invertBackFaceNormals": true,
		"dynamicCubemap": true,
		"activeLayers": 1,
		"materialTag0": "beamng",
		"order_simset": 0,
		"version": 1.5
	},
	"material_38_m_carpaint_78cff": {
		"name": "material_38_m_carpaint_78cff",
		"class": "Material",
		"mapTo": "material_38_m_carpaint_78cff",
		"Stages": [
			{
				"normalMap": "camso_col_0xff8080ff.dds",
				"normalMapStrength": 1,
				"clearCoatFactor": 1,
				"clearCoatRoughnessFactor": 1,
				"opacityMap": "78cff_stamp1.dds",
				"opacityMapUseUV": 1,
				"instanceDiffuse": true,
				"colorPaletteMap": "camso_col_0xffff0000.dds",
				"roughnessFactor": 1,
				"metallicFactor": 1,
				"diffuseColor": [ 1, 1, 1, 1 ],
				"useAnisotropic": true
			},
			{
			},
			{
			},
			{
			}
		],
		"alphaRef": 255,
		"alphaTest": true,
		"translucent": false,
		"translucentBlendOp": "None",
		"doubleSided": true,
		"invertBackFaceNormals": true,
		"dynamicCubemap": true,
		"activeLayers": 1,
		"materialTag0": "beamng",
		"order_simset": 0,
		"version": 1.5
	},
	"material_39_fixturegrille_001_78cff": {
		"name": "material_39_fixturegrille_001_78cff",
		"class": "Material",
		"mapTo": "material_39_fixturegrille_001_78cff",
		"Stages": [
			{
				"normalMap": "camso_t_grille01_n.dds",
				"normalMapStrength": 0.333,
				"diffuseMap": "camso_t_grille01_h_stepped.dds",
				"roughnessMap": "camso_t_grille01_h_stepped_inverse.dds",
				"metallicMap": "camso_t_grille01_h_stepped.dds",
				"opacityMap": "78cff_stamp1.dds",
				"opacityMapUseUV": 1,
				"diffuseColor": [ 0.431373, 0.431373, 0.431373, 1 ],
				"roughnessFactor": 0.2,
				"metallicFactor": 1,
				"useAnisotropic": true
			},
			{
			},
			{
			},
			{
			}
		],
		"alphaRef": 84,
		"alphaTest": true,
		"translucent": false,
		"translucentBlendOp": "None",
		"doubleSided": true,
		"invertBackFaceNormals": true,
		"dynamicCubemap": true,
		"activeLayers": 1,
		"materialTag0": "beamng",
		"order_simset": 0,
		"version": 1.5
	},
	"material_40_mi_carbonfiber_78cff": {
		"name": "material_40_mi_carbonfiber_78cff",
		"class": "Material",
		"mapTo": "material_40_mi_carbonfiber_78cff",
		"Stages": [
			{
				"normalMap": "camso_col_0xff8080ff.dds",
				"normalMapStrength": 1,
				"clearCoatFactor": 0.897143,
				"clearCoatRoughnessFactor": 0,
				"clearCoatBottomNormalMap": "camso_t_carbonfiber_twill_n.dds",
				"clearCoatBottomNormalMapStrength": 0.5,
				"diffuseMap": "camso_t_carbonfiber_twill_m_lerpg_0xFF494949_0xFF464648.dds",
				"roughnessMap": "camso_t_carbonfiber_twill_t_rbgmaskg.dds",
				"diffuseColor": [ 0.498039, 0.498039, 0.498039, 1 ],
				"roughnessFactor": 0.8,
				"metallicFactor": 0.001,
				"useAnisotropic": true
			},
			{
			},
			{
			},
			{
			}
		],
		"alphaRef": 84,
		"alphaTest": true,
		"translucent": false,
		"translucentBlendOp": "None",
		"doubleSided": true,
		"invertBackFaceNormals": true,
		"dynamicCubemap": true,
		"activeLayers": 1,
		"materialTag0": "beamng",
		"order_simset": 0,
		"version": 1.5
	},
	"material_41_m_carpaint_78cff": {
		"name": "material_41_m_carpaint_78cff",
		"class": "Material",
		"mapTo": "material_41_m_carpaint_78cff",
		"Stages": [
			{
				"normalMap": "camso_col_0xff8080ff.dds",
				"normalMapStrength": 1,
				"clearCoatFactor": 1,
				"clearCoatRoughnessFactor": 1,
				"instanceDiffuse": true,
				"colorPaletteMap": "camso_col_0xffff0000.dds",
				"roughnessFactor": 1,
				"metallicFactor": 1,
				"diffuseColor": [ 1, 1, 1, 1 ]
			},
			{
			},
			{
			},
			{
			}
		],
		"alphaRef": 255,
		"alphaTest": true,
		"translucent": false,
		"translucentBlendOp": "None",
		"doubleSided": true,
		"invertBackFaceNormals": true,
		"dynamicCubemap": true,
		"activeLayers": 1,
		"materialTag0": "beamng",
		"order_simset": 0,
		"version": 1.5
	},
	"material_42_fixtureopaque_chrome_001_78cff": {
		"name": "material_42_fixtureopaque_chrome_001_78cff",
		"class": "Material",
		"mapTo": "material_42_fixtureopaque_chrome_001_78cff",
		"Stages": [
			{
				"normalMap": "camso_col_0xff8080ff.dds",
				"normalMapStrength": 0,
				"diffuseMap": "camso_t_wheelhub_r_lerpg_0xFF7C6C61_0xFFFFF9F4.dds",
				"roughnessMap": "camso_t_roughness_8k_rmmodbdp_rbgmaskg.dds",
				"diffuseColor": [ 1, 1, 1, 1 ],
				"roughnessFactor": 0,
				"metallicFactor": 1,
				"useAnisotropic": true
			},
			{
			},
			{
			},
			{
			}
		],
		"alphaRef": 84,
		"alphaTest": true,
		"translucent": false,
		"translucentBlendOp": "None",
		"doubleSided": true,
		"invertBackFaceNormals": true,
		"dynamicCubemap": true,
		"activeLayers": 1,
		"materialTag0": "beamng",
		"order_simset": 0,
		"version": 1.5
	},
	"material_43_hetvesiametallic_custombadgemat_inst3_78cff": {
		"name": "material_43_hetvesiametallic_custombadgemat_inst3_78cff",
		"class": "Material",
		"mapTo": "material_43_hetvesiametallic_custombadgemat_inst3_78cff",
		"Stages": [
			{
				"normalMap": "camso_hetvesia_texture.dds",
				"normalMapStrength": 1,
				"diffuseMap": "camso_hetvesia.dds",
				"opacityMap": "camso_hetvesia_rbgmaska.dds",
				"diffuseColor": [ 1, 1, 1, 1 ],
				"roughnessFactor": 0.2,
				"metallicFactor": 0.95,
				"useAnisotropic": true
			},
			{
			},
			{
			},
			{
			}
		],
		"alphaRef": 127,
		"alphaTest": true,
		"translucent": false,
		"translucentBlendOp": "None",
		"doubleSided": true,
		"invertBackFaceNormals": true,
		"dynamicCubemap": true,
		"activeLayers": 1,
		"materialTag0": "beamng",
		"order_simset": 0,
		"version": 1.5
	},
	"material_44_mi_carbonfiber_78cff": {
		"name": "material_44_mi_carbonfiber_78cff",
		"class": "Material",
		"mapTo": "material_44_mi_carbonfiber_78cff",
		"Stages": [
			{
				"normalMap": "camso_col_0xff8080ff.dds",
				"normalMapStrength": 1,
				"clearCoatFactor": 0.897143,
				"clearCoatRoughnessFactor": 0,
				"clearCoatBottomNormalMap": "camso_t_carbonfiber_twill_n.dds",
				"clearCoatBottomNormalMapStrength": 0.5,
				"diffuseMap": "camso_t_carbonfiber_twill_m_lerpg_0xFF494949_0xFF464648.dds",
				"roughnessMap": "camso_t_carbonfiber_twill_t_rbgmaskg.dds",
				"diffuseColor": [ 0.498039, 0.498039, 0.498039, 1 ],
				"roughnessFactor": 0.8,
				"metallicFactor": 0.001,
				"useAnisotropic": true
			},
			{
			},
			{
			},
			{
			}
		],
		"alphaRef": 84,
		"alphaTest": true,
		"translucent": false,
		"translucentBlendOp": "None",
		"doubleSided": true,
		"invertBackFaceNormals": true,
		"dynamicCubemap": true,
		"activeLayers": 1,
		"materialTag0": "beamng",
		"order_simset": 0,
		"version": 1.5
	},
	"material_45_textmaterial_diffusewhite_inst_78cff": {
		"name": "material_45_textmaterial_diffusewhite_inst_78cff",
		"class": "Material",
		"mapTo": "material_45_textmaterial_diffusewhite_inst_78cff",
		"Stages": [
			{
				"normalMap": "camso_ephesis_regular_emb3_latincapitalletterp_n.dds",
				"normalMapStrength": 1,
				"diffuseMap": "camso_ephesis_regular_emb3_latincapitalletterp.dds",
				"opacityMap": "camso_ephesis_regular_emb3_latincapitalletterp_rbgmaska.dds",
				"diffuseColor": [ 1, 1, 1, 1 ],
				"roughnessFactor": 0.2,
				"metallicFactor": 0,
				"useAnisotropic": true
			},
			{
			},
			{
			},
			{
			}
		],
		"alphaRef": 127,
		"alphaTest": true,
		"translucent": false,
		"translucentBlendOp": "None",
		"doubleSided": true,
		"invertBackFaceNormals": true,
		"dynamicCubemap": true,
		"activeLayers": 1,
		"materialTag0": "beamng",
		"order_simset": 0,
		"version": 1.5
	},
	"material_46_textmaterial_diffusewhite_inst_78cff": {
		"name": "material_46_textmaterial_diffusewhite_inst_78cff",
		"class": "Material",
		"mapTo": "material_46_textmaterial_diffusewhite_inst_78cff",
		"Stages": [
			{
				"normalMap": "camso_ephesis_regular_emb3_latinsmalllettera_n.dds",
				"normalMapStrength": 1,
				"diffuseMap": "camso_ephesis_regular_emb3_latinsmalllettera.dds",
				"opacityMap": "camso_ephesis_regular_emb3_latinsmalllettera_rbgmaska.dds",
				"diffuseColor": [ 1, 1, 1, 1 ],
				"roughnessFactor": 0.2,
				"metallicFactor": 0,
				"useAnisotropic": true
			},
			{
			},
			{
			},
			{
			}
		],
		"alphaRef": 127,
		"alphaTest": true,
		"translucent": false,
		"translucentBlendOp": "None",
		"doubleSided": true,
		"invertBackFaceNormals": true,
		"dynamicCubemap": true,
		"activeLayers": 1,
		"materialTag0": "beamng",
		"order_simset": 0,
		"version": 1.5
	},
	"material_47_textmaterial_diffusewhite_inst_78cff": {
		"name": "material_47_textmaterial_diffusewhite_inst_78cff",
		"class": "Material",
		"mapTo": "material_47_textmaterial_diffusewhite_inst_78cff",
		"Stages": [
			{
				"normalMap": "camso_ephesis_regular_emb3_latinsmalllettern_n.dds",
				"normalMapStrength": 1,
				"diffuseMap": "camso_ephesis_regular_emb3_latinsmalllettern.dds",
				"opacityMap": "camso_ephesis_regular_emb3_latinsmalllettern_rbgmaska.dds",
				"diffuseColor": [ 1, 1, 1, 1 ],
				"roughnessFactor": 0.2,
				"metallicFactor": 0,
				"useAnisotropic": true
			},
			{
			},
			{
			},
			{
			}
		],
		"alphaRef": 127,
		"alphaTest": true,
		"translucent": false,
		"translucentBlendOp": "None",
		"doubleSided": true,
		"invertBackFaceNormals": true,
		"dynamicCubemap": true,
		"activeLayers": 1,
		"materialTag0": "beamng",
		"order_simset": 0,
		"version": 1.5
	},
	"material_48_textmaterial_diffusewhite_inst_78cff": {
		"name": "material_48_textmaterial_diffusewhite_inst_78cff",
		"class": "Material",
		"mapTo": "material_48_textmaterial_diffusewhite_inst_78cff",
		"Stages": [
			{
				"normalMap": "camso_ephesis_regular_emb3_latinsmalllettert_n.dds",
				"normalMapStrength": 1,
				"diffuseMap": "camso_ephesis_regular_emb3_latinsmalllettert.dds",
				"opacityMap": "camso_ephesis_regular_emb3_latinsmalllettert_rbgmaska.dds",
				"diffuseColor": [ 1, 1, 1, 1 ],
				"roughnessFactor": 0.2,
				"metallicFactor": 0,
				"useAnisotropic": true
			},
			{
			},
			{
			},
			{
			}
		],
		"alphaRef": 127,
		"alphaTest": true,
		"translucent": false,
		"translucentBlendOp": "None",
		"doubleSided": true,
		"invertBackFaceNormals": true,
		"dynamicCubemap": true,
		"activeLayers": 1,
		"materialTag0": "beamng",
		"order_simset": 0,
		"version": 1.5
	},
	"material_49_textmaterial_diffusewhite_inst_78cff": {
		"name": "material_49_textmaterial_diffusewhite_inst_78cff",
		"class": "Material",
		"mapTo": "material_49_textmaterial_diffusewhite_inst_78cff",
		"Stages": [
			{
				"normalMap": "camso_ephesis_regular_emb3_latinsmallletterh_n.dds",
				"normalMapStrength": 1,
				"diffuseMap": "camso_ephesis_regular_emb3_latinsmallletterh.dds",
				"opacityMap": "camso_ephesis_regular_emb3_latinsmallletterh_rbgmaska.dds",
				"diffuseColor": [ 1, 1, 1, 1 ],
				"roughnessFactor": 0.2,
				"metallicFactor": 0,
				"useAnisotropic": true
			},
			{
			},
			{
			},
			{
			}
		],
		"alphaRef": 127,
		"alphaTest": true,
		"translucent": false,
		"translucentBlendOp": "None",
		"doubleSided": true,
		"invertBackFaceNormals": true,
		"dynamicCubemap": true,
		"activeLayers": 1,
		"materialTag0": "beamng",
		"order_simset": 0,
		"version": 1.5
	},
	"material_50_textmaterial_diffusewhite_inst_78cff": {
		"name": "material_50_textmaterial_diffusewhite_inst_78cff",
		"class": "Material",
		"mapTo": "material_50_textmaterial_diffusewhite_inst_78cff",
		"Stages": [
			{
				"normalMap": "camso_ephesis_regular_emb3_latinsmalllettere_n.dds",
				"normalMapStrength": 1,
				"diffuseMap": "camso_ephesis_regular_emb3_latinsmalllettere.dds",
				"opacityMap": "camso_ephesis_regular_emb3_latinsmalllettere_rbgmaska.dds",
				"diffuseColor": [ 1, 1, 1, 1 ],
				"roughnessFactor": 0.2,
				"metallicFactor": 0,
				"useAnisotropic": true
			},
			{
			},
			{
			},
			{
			}
		],
		"alphaRef": 127,
		"alphaTest": true,
		"translucent": false,
		"translucentBlendOp": "None",
		"doubleSided": true,
		"invertBackFaceNormals": true,
		"dynamicCubemap": true,
		"activeLayers": 1,
		"materialTag0": "beamng",
		"order_simset": 0,
		"version": 1.5
	},
	"material_51_textmaterial_diffusewhite_inst_78cff": {
		"name": "material_51_textmaterial_diffusewhite_inst_78cff",
		"class": "Material",
		"mapTo": "material_51_textmaterial_diffusewhite_inst_78cff",
		"Stages": [
			{
				"normalMap": "camso_ephesis_regular_emb3_latinsmallletterr_n.dds",
				"normalMapStrength": 1,
				"diffuseMap": "camso_ephesis_regular_emb3_latinsmallletterr.dds",
				"opacityMap": "camso_ephesis_regular_emb3_latinsmallletterr_rbgmaska.dds",
				"diffuseColor": [ 1, 1, 1, 1 ],
				"roughnessFactor": 0.2,
				"metallicFactor": 0,
				"useAnisotropic": true
			},
			{
			},
			{
			},
			{
			}
		],
		"alphaRef": 127,
		"alphaTest": true,
		"translucent": false,
		"translucentBlendOp": "None",
		"doubleSided": true,
		"invertBackFaceNormals": true,
		"dynamicCubemap": true,
		"activeLayers": 1,
		"materialTag0": "beamng",
		"order_simset": 0,
		"version": 1.5
	},
	"material_52_textmaterial_diffusewhite_inst_78cff": {
		"name": "material_52_textmaterial_diffusewhite_inst_78cff",
		"class": "Material",
		"mapTo": "material_52_textmaterial_diffusewhite_inst_78cff",
		"Stages": [
			{
				"normalMap": "camso_col_0xff8080ff.dds",
				"normalMapStrength": 1,
				"diffuseMap": "camso_col_0x00000000.dds",
				"opacityMap": "camso_col_0x00000000.dds",
				"diffuseColor": [ 1, 1, 1, 1 ],
				"roughnessFactor": 0.2,
				"metallicFactor": 0
			},
			{
			},
			{
			},
			{
			}
		],
		"alphaRef": 127,
		"alphaTest": true,
		"translucent": false,
		"translucentBlendOp": "None",
		"doubleSided": true,
		"invertBackFaceNormals": true,
		"dynamicCubemap": true,
		"activeLayers": 1,
		"materialTag0": "beamng",
		"order_simset": 0,
		"version": 1.5
	},
	"material_53_textmaterial_diffusewhite_inst_78cff": {
		"name": "material_53_textmaterial_diffusewhite_inst_78cff",
		"class": "Material",
		"mapTo": "material_53_textmaterial_diffusewhite_inst_78cff",
		"Stages": [
			{
				"normalMap": "camso_ephesis_regular_emb3_latincapitalletters_n.dds",
				"normalMapStrength": 1,
				"diffuseMap": "camso_ephesis_regular_emb3_latincapitalletters.dds",
				"opacityMap": "camso_ephesis_regular_emb3_latincapitalletters_rbgmaska.dds",
				"diffuseColor": [ 1, 1, 1, 1 ],
				"roughnessFactor": 0.2,
				"metallicFactor": 0,
				"useAnisotropic": true
			},
			{
			},
			{
			},
			{
			}
		],
		"alphaRef": 127,
		"alphaTest": true,
		"translucent": false,
		"translucentBlendOp": "None",
		"doubleSided": true,
		"invertBackFaceNormals": true,
		"dynamicCubemap": true,
		"activeLayers": 1,
		"materialTag0": "beamng",
		"order_simset": 0,
		"version": 1.5
	},
	"material_54_worldgridmaterial_78cff": {
		"name": "material_54_worldgridmaterial_78cff",
		"class": "Material",
		"mapTo": "material_54_worldgridmaterial_78cff",
		"Stages": [
			{
				"normalMap": "camso_t_default_material_grid_n.dds",
				"normalMapStrength": 1,
				"clearCoatFactor": 1,
				"clearCoatRoughnessFactor": 0,
				"diffuseColor": [ 1, 1, 1, 1 ],
				"roughnessFactor": 0,
				"metallicFactor": 0,
				"useAnisotropic": true
			},
			{
			},
			{
			},
			{
			}
		],
		"alphaRef": 255,
		"alphaTest": true,
		"translucent": false,
		"translucentBlendOp": "None",
		"doubleSided": true,
		"invertBackFaceNormals": true,
		"dynamicCubemap": true,
		"activeLayers": 1,
		"materialTag0": "beamng",
		"order_simset": 0,
		"version": 1.5
	},
	"material_55_m_carpaint_78cff": {
		"name": "material_55_m_carpaint_78cff",
		"class": "Material",
		"mapTo": "material_55_m_carpaint_78cff",
		"Stages": [
			{
				"normalMap": "camso_col_0xff8080ff.dds",
				"normalMapStrength": 1,
				"clearCoatFactor": 1,
				"clearCoatRoughnessFactor": 0,
				"diffuseColor": [ 0, 0.294118, 0.333333, 1 ],
				"roughnessFactor": 0,
				"metallicFactor": 0
			},
			{
			},
			{
			},
			{
			}
		],
		"alphaRef": 255,
		"alphaTest": true,
		"translucent": false,
		"translucentBlendOp": "None",
		"doubleSided": true,
		"invertBackFaceNormals": true,
		"dynamicCubemap": true,
		"activeLayers": 1,
		"materialTag0": "beamng",
		"order_simset": 0,
		"version": 1.5
	},
	"material_56_m_carpaint_78cff": {
		"name": "material_56_m_carpaint_78cff",
		"class": "Material",
		"mapTo": "material_56_m_carpaint_78cff",
		"Stages": [
			{
				"normalMap": "camso_col_0xff8080ff.dds",
				"normalMapStrength": 1,
				"clearCoatFactor": 1,
				"clearCoatRoughnessFactor": 0,
				"diffuseColor": [ 0.737255, 0.521569, 0, 1 ],
				"roughnessFactor": 0,
				"metallicFactor": 0
			},
			{
			},
			{
			},
			{
			}
		],
		"alphaRef": 255,
		"alphaTest": true,
		"translucent": false,
		"translucentBlendOp": "None",
		"doubleSided": true,
		"invertBackFaceNormals": true,
		"dynamicCubemap": true,
		"activeLayers": 1,
		"materialTag0": "beamng",
		"order_simset": 0,
		"version": 1.5
	},
	"material_57_m_castalloy_inst_78cff": {
		"name": "material_57_m_castalloy_inst_78cff",
		"class": "Material",
		"mapTo": "material_57_m_castalloy_inst_78cff",
		"Stages": [
			{
				"normalMap": "camso_col_0xff8080ff.dds",
				"normalMapStrength": 1,
				"diffuseColor": [ 0.866667, 0.878431, 0.905882, 1 ],
				"roughnessFactor": 0.9,
				"metallicFactor": 1
			},
			{
			},
			{
			},
			{
			}
		],
		"alphaRef": 84,
		"alphaTest": true,
		"translucent": false,
		"translucentBlendOp": "None",
		"doubleSided": true,
		"invertBackFaceNormals": true,
		"dynamicCubemap": true,
		"activeLayers": 1,
		"materialTag0": "beamng",
		"order_simset": 0,
		"version": 1.5
	},
	"material_58_m_blackrubber_78cff": {
		"name": "material_58_m_blackrubber_78cff",
		"class": "Material",
		"mapTo": "material_58_m_blackrubber_78cff",
		"Stages": [
			{
				"normalMap": "camso_col_0xff8080ff.dds",
				"normalMapStrength": 1,
				"diffuseColor": [ 0.0470588, 0.0470588, 0.0470588, 0 ],
				"roughnessFactor": 0,
				"metallicFactor": 0
			},
			{
			},
			{
			},
			{
			}
		],
		"alphaRef": 84,
		"alphaTest": true,
		"translucent": false,
		"translucentBlendOp": "None",
		"doubleSided": true,
		"invertBackFaceNormals": true,
		"dynamicCubemap": true,
		"activeLayers": 1,
		"materialTag0": "beamng",
		"order_simset": 0,
		"version": 1.5
	},
	"material_59_m_machinedmetal_78cff": {
		"name": "material_59_m_machinedmetal_78cff",
		"class": "Material",
		"mapTo": "material_59_m_machinedmetal_78cff",
		"Stages": [
			{
				"normalMap": "camso_col_0xff8080ff.dds",
				"normalMapStrength": 1,
				"diffuseColor": [ 0.654902, 0.654902, 0.654902, 1 ],
				"roughnessFactor": 0.2,
				"metallicFactor": 1
			},
			{
			},
			{
			},
			{
			}
		],
		"alphaRef": 84,
		"alphaTest": true,
		"translucent": false,
		"translucentBlendOp": "None",
		"doubleSided": true,
		"invertBackFaceNormals": true,
		"dynamicCubemap": true,
		"activeLayers": 1,
		"materialTag0": "beamng",
		"order_simset": 0,
		"version": 1.5
	},
	"material_60_m_forgedsteel_78cff": {
		"name": "material_60_m_forgedsteel_78cff",
		"class": "Material",
		"mapTo": "material_60_m_forgedsteel_78cff",
		"Stages": [
			{
				"normalMap": "camso_col_0xff8080ff.dds",
				"normalMapStrength": 1,
				"diffuseColor": [ 0.6, 0.6, 0.6, 1 ],
				"roughnessFactor": 0.3,
				"metallicFactor": 1
			},
			{
			},
			{
			},
			{
			}
		],
		"alphaRef": 84,
		"alphaTest": true,
		"translucent": false,
		"translucentBlendOp": "None",
		"doubleSided": true,
		"invertBackFaceNormals": true,
		"dynamicCubemap": true,
		"activeLayers": 1,
		"materialTag0": "beamng",
		"order_simset": 0,
		"version": 1.5
	},
	"material_61_mp_plastic_78cff": {
		"name": "material_61_mp_plastic_78cff",
		"class": "Material",
		"mapTo": "material_61_mp_plastic_78cff",
		"Stages": [
			{
				"normalMap": "camso_col_0xff8080ff.dds",
				"normalMapStrength": 1,
				"diffuseColor": [ 0.0509804, 0.0509804, 0.0509804, 1 ],
				"roughnessFactor": 0.4,
				"metallicFactor": 0
			},
			{
			},
			{
			},
			{
			}
		],
		"alphaRef": 84,
		"alphaTest": true,
		"translucent": false,
		"translucentBlendOp": "None",
		"doubleSided": true,
		"invertBackFaceNormals": true,
		"dynamicCubemap": true,
		"activeLayers": 1,
		"materialTag0": "beamng",
		"order_simset": 0,
		"version": 1.5
	},
	"material_62_chassis_steel_78cff": {
		"name": "material_62_chassis_steel_78cff",
		"class": "Material",
		"mapTo": "material_62_chassis_steel_78cff",
		"Stages": [
			{
				"normalMap": "camso_col_0xff8080ff.dds",
				"normalMapStrength": 1,
				"diffuseColor": [ 0.560784, 0.560784, 0.560784, 1 ],
				"roughnessFactor": 0.2,
				"metallicFactor": 1
			},
			{
			},
			{
			},
			{
			}
		],
		"alphaRef": 84,
		"alphaTest": true,
		"translucent": false,
		"translucentBlendOp": "None",
		"doubleSided": true,
		"invertBackFaceNormals": true,
		"dynamicCubemap": true,
		"activeLayers": 1,
		"materialTag0": "beamng",
		"order_simset": 0,
		"version": 1.5
	},
	"material_63_m_blackrubber_78cff": {
		"name": "material_63_m_blackrubber_78cff",
		"class": "Material",
		"mapTo": "material_63_m_blackrubber_78cff",
		"Stages": [
			{
				"normalMap": "camso_col_0xff8080ff.dds",
				"normalMapStrength": 1,
				"diffuseColor": [ 0.0470588, 0.0470588, 0.0470588, 0 ],
				"roughnessFactor": 0,
				"metallicFactor": 0
			},
			{
			},
			{
			},
			{
			}
		],
		"alphaRef": 84,
		"alphaTest": true,
		"translucent": false,
		"translucentBlendOp": "None",
		"doubleSided": true,
		"invertBackFaceNormals": true,
		"dynamicCubemap": true,
		"activeLayers": 1,
		"materialTag0": "beamng",
		"order_simset": 0,
		"version": 1.5
	},
	"material_64_m_chrome_78cff": {
		"name": "material_64_m_chrome_78cff",
		"class": "Material",
		"mapTo": "material_64_m_chrome_78cff",
		"Stages": [
			{
				"normalMap": "camso_col_0xff8080ff.dds",
				"normalMapStrength": 1,
				"diffuseColor": [ 0.913725, 0.984314, 1, 1 ],
				"roughnessFactor": 0.19,
				"metallicFactor": 0
			},
			{
			},
			{
			},
			{
			}
		],
		"alphaRef": 84,
		"alphaTest": true,
		"translucent": false,
		"translucentBlendOp": "None",
		"doubleSided": true,
		"invertBackFaceNormals": true,
		"dynamicCubemap": true,
		"activeLayers": 1,
		"materialTag0": "beamng",
		"order_simset": 0,
		"version": 1.5
	},
	"material_65_m_carpaint_78cff": {
		"name": "material_65_m_carpaint_78cff",
		"class": "Material",
		"mapTo": "material_65_m_carpaint_78cff",
		"Stages": [
			{
				"normalMap": "camso_col_0xff8080ff.dds",
				"normalMapStrength": 1,
				"clearCoatFactor": 1,
				"clearCoatRoughnessFactor": 0,
				"diffuseColor": [ 0, 0.294118, 0.333333, 1 ],
				"roughnessFactor": 0,
				"metallicFactor": 0
			},
			{
			},
			{
			},
			{
			}
		],
		"alphaRef": 255,
		"alphaTest": true,
		"translucent": false,
		"translucentBlendOp": "None",
		"doubleSided": true,
		"invertBackFaceNormals": true,
		"dynamicCubemap": true,
		"activeLayers": 1,
		"materialTag0": "beamng",
		"order_simset": 0,
		"version": 1.5
	},
	"material_66_m_castalloy_inst_78cff": {
		"name": "material_66_m_castalloy_inst_78cff",
		"class": "Material",
		"mapTo": "material_66_m_castalloy_inst_78cff",
		"Stages": [
			{
				"normalMap": "camso_col_0xff8080ff.dds",
				"normalMapStrength": 1,
				"diffuseColor": [ 0.866667, 0.878431, 0.905882, 1 ],
				"roughnessFactor": 0.9,
				"metallicFactor": 1
			},
			{
			},
			{
			},
			{
			}
		],
		"alphaRef": 84,
		"alphaTest": true,
		"translucent": false,
		"translucentBlendOp": "None",
		"doubleSided": true,
		"invertBackFaceNormals": true,
		"dynamicCubemap": true,
		"activeLayers": 1,
		"materialTag0": "beamng",
		"order_simset": 0,
		"version": 1.5
	},
	"material_67_mi_pulley_and_alternator_lod2_78cff": {
		"name": "material_67_mi_pulley_and_alternator_lod2_78cff",
		"class": "Material",
		"mapTo": "material_67_mi_pulley_and_alternator_lod2_78cff",
		"Stages": [
			{
				"normalMap": "camso_full_alt_baker_low_bake1_pbr_stoa_normal.dds",
				"normalMapStrength": 1,
				"diffuseMap": "camso_full_alt_baker_low_bake1_pbr_stoa_diffuse.dds",
				"diffuseColor": [ 1, 1, 1, 1 ],
				"roughnessFactor": 0,
				"metallicFactor": 1,
				"useAnisotropic": true
			},
			{
			},
			{
			},
			{
			}
		],
		"alphaRef": 84,
		"alphaTest": true,
		"translucent": false,
		"translucentBlendOp": "None",
		"doubleSided": true,
		"invertBackFaceNormals": true,
		"dynamicCubemap": true,
		"activeLayers": 1,
		"materialTag0": "beamng",
		"order_simset": 0,
		"version": 1.5
	},
	"material_68_mi_alternator_brackets_78cff": {
		"name": "material_68_mi_alternator_brackets_78cff",
		"class": "Material",
		"mapTo": "material_68_mi_alternator_brackets_78cff",
		"Stages": [
			{
				"normalMap": "camso_brackets_low_m_alternator_normal.dds",
				"normalMapStrength": 1,
				"diffuseMap": "camso_brackets_low_m_alternator_brackets_basecolor.dds",
				"diffuseColor": [ 1, 1, 1, 1 ],
				"roughnessFactor": 0,
				"metallicFactor": 1,
				"useAnisotropic": true
			},
			{
			},
			{
			},
			{
			}
		],
		"alphaRef": 84,
		"alphaTest": true,
		"translucent": false,
		"translucentBlendOp": "None",
		"doubleSided": true,
		"invertBackFaceNormals": true,
		"dynamicCubemap": true,
		"activeLayers": 1,
		"materialTag0": "beamng",
		"order_simset": 0,
		"version": 1.5
	},
	"material_69_m_exhaust_78cff": {
		"name": "material_69_m_exhaust_78cff",
		"class": "Material",
		"mapTo": "material_69_m_exhaust_78cff",
		"Stages": [
			{
				"normalMap": "camso_col_0xff8080ff.dds",
				"normalMapStrength": 1,
				"diffuseColor": [ 0.713725, 0.713725, 0.713725, 0 ],
				"roughnessFactor": 0.29238,
				"metallicFactor": 1
			},
			{
			},
			{
			},
			{
			}
		],
		"alphaRef": 84,
		"alphaTest": true,
		"translucent": false,
		"translucentBlendOp": "None",
		"doubleSided": true,
		"invertBackFaceNormals": true,
		"dynamicCubemap": true,
		"activeLayers": 1,
		"materialTag0": "beamng",
		"order_simset": 0,
		"version": 1.5
	},
	"material_70_m_blackhole_78cff": {
		"name": "material_70_m_blackhole_78cff",
		"class": "Material",
		"mapTo": "material_70_m_blackhole_78cff",
		"Stages": [
			{
				"normalMap": "camso_col_0xff8080ff.dds",
				"normalMapStrength": 1,
				"diffuseColor": [ 0, 0, 0, 0 ],
				"roughnessFactor": 0,
				"metallicFactor": 0
			},
			{
			},
			{
			},
			{
			}
		],
		"alphaRef": 84,
		"alphaTest": true,
		"translucent": false,
		"translucentBlendOp": "None",
		"doubleSided": true,
		"invertBackFaceNormals": true,
		"dynamicCubemap": true,
		"activeLayers": 1,
		"materialTag0": "beamng",
		"order_simset": 0,
		"version": 1.5
	},
	"material_71_m_exhaust_01_78cff": {
		"name": "material_71_m_exhaust_01_78cff",
		"class": "Material",
		"mapTo": "material_71_m_exhaust_01_78cff",
		"Stages": [
			{
				"normalMap": "camso_col_0xff8080ff.dds",
				"normalMapStrength": 1,
				"diffuseColor": [ 1, 1, 1, 1 ],
				"roughnessFactor": 0,
				"metallicFactor": 1
			},
			{
			},
			{
			},
			{
			}
		],
		"alphaRef": 84,
		"alphaTest": true,
		"translucent": false,
		"translucentBlendOp": "None",
		"doubleSided": true,
		"invertBackFaceNormals": true,
		"dynamicCubemap": true,
		"activeLayers": 1,
		"materialTag0": "beamng",
		"order_simset": 0,
		"version": 1.5
	},
	"material_72_m_exhaust_01_w_78cff": {
		"name": "material_72_m_exhaust_01_w_78cff",
		"class": "Material",
		"mapTo": "material_72_m_exhaust_01_w_78cff",
		"Stages": [
			{
				"normalMap": "camso_col_0xff8080ff.dds",
				"normalMapStrength": 1,
				"diffuseColor": [ 1, 1, 1, 1 ],
				"roughnessFactor": 0,
				"metallicFactor": 1
			},
			{
			},
			{
			},
			{
			}
		],
		"alphaRef": 84,
		"alphaTest": true,
		"translucent": false,
		"translucentBlendOp": "None",
		"doubleSided": true,
		"invertBackFaceNormals": true,
		"dynamicCubemap": true,
		"activeLayers": 1,
		"materialTag0": "beamng",
		"order_simset": 0,
		"version": 1.5
	},
	"material_73_mp_plastic_78cff": {
		"name": "material_73_mp_plastic_78cff",
		"class": "Material",
		"mapTo": "material_73_mp_plastic_78cff",
		"Stages": [
			{
				"normalMap": "camso_col_0xff8080ff.dds",
				"normalMapStrength": 1,
				"diffuseColor": [ 0.0509804, 0.0509804, 0.0509804, 1 ],
				"roughnessFactor": 0.4,
				"metallicFactor": 0
			},
			{
			},
			{
			},
			{
			}
		],
		"alphaRef": 84,
		"alphaTest": true,
		"translucent": false,
		"translucentBlendOp": "None",
		"doubleSided": true,
		"invertBackFaceNormals": true,
		"dynamicCubemap": true,
		"activeLayers": 1,
		"materialTag0": "beamng",
		"order_simset": 0,
		"version": 1.5
	},
	"material_74_m_metal_78cff": {
		"name": "material_74_m_metal_78cff",
		"class": "Material",
		"mapTo": "material_74_m_metal_78cff",
		"Stages": [
			{
				"normalMap": "camso_col_0xff8080ff.dds",
				"normalMapStrength": 1,
				"diffuseColor": [ 0.741176, 0.741176, 0.741176, 1 ],
				"roughnessFactor": 0.279817,
				"metallicFactor": 1
			},
			{
			},
			{
			},
			{
			}
		],
		"alphaRef": 84,
		"alphaTest": true,
		"translucent": false,
		"translucentBlendOp": "None",
		"doubleSided": true,
		"invertBackFaceNormals": true,
		"dynamicCubemap": true,
		"activeLayers": 1,
		"materialTag0": "beamng",
		"order_simset": 0,
		"version": 1.5
	},
	"material_75_mi_aluminium_car_paint_78cff": {
		"name": "material_75_mi_aluminium_car_paint_78cff",
		"class": "Material",
		"mapTo": "material_75_mi_aluminium_car_paint_78cff",
		"Stages": [
			{
				"normalMap": "camso_col_0xff8080ff.dds",
				"normalMapStrength": 0,
				"diffuseMap": "camso_col_0xff525258.dds",
				"diffuseColor": [ 1, 1, 1, 1 ],
				"roughnessFactor": 0.2,
				"metallicFactor": 1
			},
			{
			},
			{
			},
			{
			}
		],
		"alphaRef": 84,
		"alphaTest": true,
		"translucent": false,
		"translucentBlendOp": "None",
		"doubleSided": true,
		"invertBackFaceNormals": true,
		"dynamicCubemap": true,
		"activeLayers": 1,
		"materialTag0": "beamng",
		"order_simset": 0,
		"version": 1.5
	},
	"material_76_mi_engineoilfilter_78cff": {
		"name": "material_76_mi_engineoilfilter_78cff",
		"class": "Material",
		"mapTo": "material_76_mi_engineoilfilter_78cff",
		"Stages": [
			{
				"normalMap": "camso_col_0xff8080ff.dds",
				"normalMapStrength": 1,
				"diffuseColor": [ 0.309804, 0.364706, 0.419608, 1 ],
				"roughnessFactor": 0.237143,
				"metallicFactor": 0.5
			},
			{
			},
			{
			},
			{
			}
		],
		"alphaRef": 84,
		"alphaTest": true,
		"translucent": false,
		"translucentBlendOp": "None",
		"doubleSided": true,
		"invertBackFaceNormals": true,
		"dynamicCubemap": true,
		"activeLayers": 1,
		"materialTag0": "beamng",
		"order_simset": 0,
		"version": 1.5
	},
	"material_77_mi_castironexhausts_78cff": {
		"name": "material_77_mi_castironexhausts_78cff",
		"class": "Material",
		"mapTo": "material_77_mi_castironexhausts_78cff",
		"Stages": [
			{
				"normalMap": "camso_col_0xff8080ff.dds",
				"normalMapStrength": 1,
				"diffuseMap": "camso_sandcastmap_lerpg_0xFF958684_0xFF2A2C2C.dds",
				"diffuseColor": [ 1, 1, 1, 1 ],
				"roughnessFactor": 0.9,
				"metallicFactor": 0.2,
				"useAnisotropic": true
			},
			{
			},
			{
			},
			{
			}
		],
		"alphaRef": 84,
		"alphaTest": true,
		"translucent": false,
		"translucentBlendOp": "None",
		"doubleSided": true,
		"invertBackFaceNormals": true,
		"dynamicCubemap": true,
		"activeLayers": 1,
		"materialTag0": "beamng",
		"order_simset": 0,
		"version": 1.5
	},
	"material_78_blackhole_78cff": {
		"name": "material_78_blackhole_78cff",
		"class": "Material",
		"mapTo": "material_78_blackhole_78cff",
		"Stages": [
			{
				"normalMap": "camso_col_0xff8080ff.dds",
				"normalMapStrength": 1,
				"diffuseColor": [ 0, 0, 0, 0 ],
				"roughnessFactor": 1,
				"metallicFactor": 0
			},
			{
			},
			{
			},
			{
			}
		],
		"alphaRef": 84,
		"alphaTest": true,
		"translucent": false,
		"translucentBlendOp": "None",
		"doubleSided": true,
		"invertBackFaceNormals": true,
		"activeLayers": 1,
		"materialTag0": "beamng",
		"order_simset": 0,
		"version": 1.5
	},
	"material_79_black_78cff": {
		"name": "material_79_black_78cff",
		"class": "Material",
		"mapTo": "material_79_black_78cff",
		"Stages": [
			{
				"normalMap": "camso_col_0xff8080ff.dds",
				"normalMapStrength": 1,
				"diffuseColor": [ 0.0980392, 0.0980392, 0.0980392, 0 ],
				"roughnessFactor": 0,
				"metallicFactor": 0
			},
			{
			},
			{
			},
			{
			}
		],
		"alphaRef": 84,
		"alphaTest": true,
		"translucent": false,
		"translucentBlendOp": "None",
		"doubleSided": true,
		"invertBackFaceNormals": true,
		"dynamicCubemap": true,
		"activeLayers": 1,
		"materialTag0": "beamng",
		"order_simset": 0,
		"version": 1.5
	},
	"material_80_mi_exhaust_silver_78cff": {
		"name": "material_80_mi_exhaust_silver_78cff",
		"class": "Material",
		"mapTo": "material_80_mi_exhaust_silver_78cff",
		"Stages": [
			{
				"normalMap": "camso_col_0xff8080ff.dds",
				"normalMapStrength": 1,
				"diffuseColor": [ 1, 1, 1, 1 ],
				"roughnessFactor": 0.831,
				"metallicFactor": 1
			},
			{
			},
			{
			},
			{
			}
		],
		"alphaRef": 255,
		"alphaTest": true,
		"translucent": false,
		"translucentBlendOp": "None",
		"doubleSided": true,
		"invertBackFaceNormals": true,
		"dynamicCubemap": true,
		"activeLayers": 1,
		"materialTag0": "beamng",
		"order_simset": 0,
		"version": 1.5
	}
}
