{
	"material_0_m_carpaint_5a04a.skin.dynamicTextures": {
		"name": "material_0_m_carpaint_5a04a.skin.dynamicTextures",
		"class": "Material",
		"mapTo": "material_0_m_carpaint_5a04a.skin.dynamicTextures",
		"Stages": [
			{
				"normalMap": "vehicles/ksa_raion/camso_col_0xff8080ff.dds",
				"normalMapStrength": 1,
				"clearCoatFactor": 1,
				"clearCoatRoughnessFactor": 1,
				"opacityMap": "vehicles/ksa_raion/5a04a_stamp0.dds",
				"opacityMapUseUV": 1,
				"instanceDiffuse": true,
				"roughnessFactor": 1,
				"metallicFactor": 1,
				"diffuseColor": [ 1, 1, 1, 1 ],
				"useAnisotropic": true
			},
			{
				"normalMap": "vehicles/ksa_raion/camso_col_0xff8080ff.dds",
				"normalMapStrength": 1,
				"clearCoatFactor": 1,
				"clearCoatRoughnessFactor": 1,
				"opacityMap": "vehicles/ksa_raion/5a04a_stamp0.dds",
				"opacityMapUseUV": 1,
				"instanceDiffuse": true,
				"roughnessFactor": 1,
				"metallicFactor": 1,
				"baseColorMap": "@DynamicTextureBaseColor",
				"diffuseMapUseUV": 1,
				"colorPaletteMap": "@DynamicTextureColorPalette",
				"colorPaletteMapUseUV": 1,
				"roughnessMap": "@DynamicTextureRoughness",
				"roughnessMapUseUV": 1,
				"metallicMap": "@DynamicTextureMetallic",
				"metallicMapUseUV": 1,
				"useAnisotropic": true
			},
			{
			},
			{
			}
		],
		"alphaRef": 255,
		"alphaTest": true,
		"translucent": false,
		"translucentBlendOp": "None",
		"doubleSided": true,
		"invertBackFaceNormals": true,
		"dynamicCubemap": true,
		"activeLayers": 2,
		"materialTag0": "beamng",
		"materialTag1": "vehicle",
		"order_simset": 0,
		"version": 1.5
	},
	"material_9_m_carpaint_5a04a.skin.dynamicTextures": {
		"name": "material_9_m_carpaint_5a04a.skin.dynamicTextures",
		"class": "Material",
		"mapTo": "material_9_m_carpaint_5a04a.skin.dynamicTextures",
		"Stages": [
			{
				"normalMap": "vehicles/ksa_raion/camso_col_0xff8080ff.dds",
				"normalMapStrength": 1,
				"clearCoatFactor": 1,
				"clearCoatRoughnessFactor": 0,
				"diffuseColor": [ 1, 1, 1, 1 ],
				"roughnessFactor": 0,
				"metallicFactor": 0
			},
			{
				"normalMap": "vehicles/ksa_raion/camso_col_0xff8080ff.dds",
				"normalMapStrength": 1,
				"clearCoatFactor": 1,
				"clearCoatRoughnessFactor": 0,
				"roughnessFactor": 0,
				"metallicFactor": 0,
				"baseColorMap": "@DynamicTextureBaseColor",
				"diffuseMapUseUV": 1,
				"colorPaletteMap": "@DynamicTextureColorPalette",
				"colorPaletteMapUseUV": 1,
				"roughnessMap": "@DynamicTextureRoughness",
				"roughnessMapUseUV": 1,
				"metallicMap": "@DynamicTextureMetallic",
				"metallicMapUseUV": 1
			},
			{
			},
			{
			}
		],
		"alphaRef": 255,
		"alphaTest": true,
		"translucent": false,
		"translucentBlendOp": "None",
		"doubleSided": true,
		"invertBackFaceNormals": true,
		"dynamicCubemap": true,
		"activeLayers": 2,
		"materialTag0": "beamng",
		"materialTag1": "vehicle",
		"order_simset": 0,
		"version": 1.5
	},
	"material_10_m_carpaint_5a04a.skin.dynamicTextures": {
		"name": "material_10_m_carpaint_5a04a.skin.dynamicTextures",
		"class": "Material",
		"mapTo": "material_10_m_carpaint_5a04a.skin.dynamicTextures",
		"Stages": [
			{
				"normalMap": "vehicles/ksa_raion/camso_col_0xff8080ff.dds",
				"normalMapStrength": 1,
				"clearCoatFactor": 1,
				"clearCoatRoughnessFactor": 1,
				"instanceDiffuse": true,
				"roughnessFactor": 1,
				"metallicFactor": 1,
				"diffuseColor": [ 1, 1, 1, 1 ]
			},
			{
				"normalMap": "vehicles/ksa_raion/camso_col_0xff8080ff.dds",
				"normalMapStrength": 1,
				"clearCoatFactor": 1,
				"clearCoatRoughnessFactor": 1,
				"instanceDiffuse": true,
				"roughnessFactor": 1,
				"metallicFactor": 1,
				"baseColorMap": "@DynamicTextureBaseColor",
				"diffuseMapUseUV": 1,
				"colorPaletteMap": "@DynamicTextureColorPalette",
				"colorPaletteMapUseUV": 1,
				"roughnessMap": "@DynamicTextureRoughness",
				"roughnessMapUseUV": 1,
				"metallicMap": "@DynamicTextureMetallic",
				"metallicMapUseUV": 1
			},
			{
			},
			{
			}
		],
		"alphaRef": 255,
		"alphaTest": true,
		"translucent": false,
		"translucentBlendOp": "None",
		"doubleSided": true,
		"invertBackFaceNormals": true,
		"dynamicCubemap": true,
		"activeLayers": 2,
		"materialTag0": "beamng",
		"materialTag1": "vehicle",
		"order_simset": 0,
		"version": 1.5
	},
	"material_17_m_carpaint_5a04a.skin.dynamicTextures": {
		"name": "material_17_m_carpaint_5a04a.skin.dynamicTextures",
		"class": "Material",
		"mapTo": "material_17_m_carpaint_5a04a.skin.dynamicTextures",
		"Stages": [
			{
				"normalMap": "vehicles/ksa_raion/camso_col_0xff8080ff.dds",
				"normalMapStrength": 1,
				"clearCoatFactor": 1,
				"clearCoatRoughnessFactor": 0,
				"diffuseColor": [ 0.847059, 0.0941176, 0, 1 ],
				"roughnessFactor": 0.263333,
				"metallicFactor": 0.752381
			},
			{
				"normalMap": "vehicles/ksa_raion/camso_col_0xff8080ff.dds",
				"normalMapStrength": 1,
				"clearCoatFactor": 1,
				"clearCoatRoughnessFactor": 0,
				"roughnessFactor": 0.263333,
				"metallicFactor": 0.752381,
				"baseColorMap": "@DynamicTextureBaseColor",
				"diffuseMapUseUV": 1,
				"colorPaletteMap": "@DynamicTextureColorPalette",
				"colorPaletteMapUseUV": 1,
				"roughnessMap": "@DynamicTextureRoughness",
				"roughnessMapUseUV": 1,
				"metallicMap": "@DynamicTextureMetallic",
				"metallicMapUseUV": 1
			},
			{
			},
			{
			}
		],
		"alphaRef": 255,
		"alphaTest": true,
		"translucent": false,
		"translucentBlendOp": "None",
		"doubleSided": true,
		"invertBackFaceNormals": true,
		"dynamicCubemap": true,
		"activeLayers": 2,
		"materialTag0": "beamng",
		"materialTag1": "vehicle",
		"order_simset": 0,
		"version": 1.5
	},
	"material_23_m_carpaint_5a04a.skin.dynamicTextures": {
		"name": "material_23_m_carpaint_5a04a.skin.dynamicTextures",
		"class": "Material",
		"mapTo": "material_23_m_carpaint_5a04a.skin.dynamicTextures",
		"Stages": [
			{
				"normalMap": "vehicles/ksa_raion/camso_col_0xff8080ff.dds",
				"normalMapStrength": 1,
				"clearCoatFactor": 1,
				"clearCoatRoughnessFactor": 1,
				"opacityMap": "vehicles/ksa_raion/5a04a_stamp1.dds",
				"opacityMapUseUV": 1,
				"instanceDiffuse": true,
				"roughnessFactor": 1,
				"metallicFactor": 1,
				"diffuseColor": [ 1, 1, 1, 1 ],
				"useAnisotropic": true
			},
			{
				"normalMap": "vehicles/ksa_raion/camso_col_0xff8080ff.dds",
				"normalMapStrength": 1,
				"clearCoatFactor": 1,
				"clearCoatRoughnessFactor": 1,
				"opacityMap": "vehicles/ksa_raion/5a04a_stamp1.dds",
				"opacityMapUseUV": 1,
				"instanceDiffuse": true,
				"roughnessFactor": 1,
				"metallicFactor": 1,
				"baseColorMap": "@DynamicTextureBaseColor",
				"diffuseMapUseUV": 1,
				"colorPaletteMap": "@DynamicTextureColorPalette",
				"colorPaletteMapUseUV": 1,
				"roughnessMap": "@DynamicTextureRoughness",
				"roughnessMapUseUV": 1,
				"metallicMap": "@DynamicTextureMetallic",
				"metallicMapUseUV": 1,
				"useAnisotropic": true
			},
			{
			},
			{
			}
		],
		"alphaRef": 255,
		"alphaTest": true,
		"translucent": false,
		"translucentBlendOp": "None",
		"doubleSided": true,
		"invertBackFaceNormals": true,
		"dynamicCubemap": true,
		"activeLayers": 2,
		"materialTag0": "beamng",
		"materialTag1": "vehicle",
		"order_simset": 0,
		"version": 1.5
	},
	"material_27_m_carpaint_5a04a.skin.dynamicTextures": {
		"name": "material_27_m_carpaint_5a04a.skin.dynamicTextures",
		"class": "Material",
		"mapTo": "material_27_m_carpaint_5a04a.skin.dynamicTextures",
		"Stages": [
			{
				"normalMap": "vehicles/ksa_raion/camso_col_0xff8080ff.dds",
				"normalMapStrength": 1,
				"clearCoatFactor": 1,
				"clearCoatRoughnessFactor": 1,
				"instanceDiffuse": true,
				"roughnessFactor": 1,
				"metallicFactor": 1,
				"diffuseColor": [ 1, 1, 1, 1 ]
			},
			{
				"normalMap": "vehicles/ksa_raion/camso_col_0xff8080ff.dds",
				"normalMapStrength": 1,
				"clearCoatFactor": 1,
				"clearCoatRoughnessFactor": 1,
				"instanceDiffuse": true,
				"roughnessFactor": 1,
				"metallicFactor": 1,
				"baseColorMap": "@DynamicTextureBaseColor",
				"diffuseMapUseUV": 1,
				"colorPaletteMap": "@DynamicTextureColorPalette",
				"colorPaletteMapUseUV": 1,
				"roughnessMap": "@DynamicTextureRoughness",
				"roughnessMapUseUV": 1,
				"metallicMap": "@DynamicTextureMetallic",
				"metallicMapUseUV": 1
			},
			{
			},
			{
			}
		],
		"alphaRef": 255,
		"alphaTest": true,
		"translucent": false,
		"translucentBlendOp": "None",
		"doubleSided": true,
		"invertBackFaceNormals": true,
		"dynamicCubemap": true,
		"activeLayers": 2,
		"materialTag0": "beamng",
		"materialTag1": "vehicle",
		"order_simset": 0,
		"version": 1.5
	},
	"material_30_m_carpaint_5a04a.skin.dynamicTextures": {
		"name": "material_30_m_carpaint_5a04a.skin.dynamicTextures",
		"class": "Material",
		"mapTo": "material_30_m_carpaint_5a04a.skin.dynamicTextures",
		"Stages": [
			{
				"normalMap": "vehicles/ksa_raion/camso_col_0xff8080ff.dds",
				"normalMapStrength": 1,
				"clearCoatFactor": 1,
				"clearCoatRoughnessFactor": 1,
				"instanceDiffuse": true,
				"roughnessFactor": 1,
				"metallicFactor": 1,
				"diffuseColor": [ 1, 1, 1, 1 ]
			},
			{
				"normalMap": "vehicles/ksa_raion/camso_col_0xff8080ff.dds",
				"normalMapStrength": 1,
				"clearCoatFactor": 1,
				"clearCoatRoughnessFactor": 1,
				"instanceDiffuse": true,
				"roughnessFactor": 1,
				"metallicFactor": 1,
				"baseColorMap": "@DynamicTextureBaseColor",
				"diffuseMapUseUV": 1,
				"colorPaletteMap": "@DynamicTextureColorPalette",
				"colorPaletteMapUseUV": 1,
				"roughnessMap": "@DynamicTextureRoughness",
				"roughnessMapUseUV": 1,
				"metallicMap": "@DynamicTextureMetallic",
				"metallicMapUseUV": 1
			},
			{
			},
			{
			}
		],
		"alphaRef": 255,
		"alphaTest": true,
		"translucent": false,
		"translucentBlendOp": "None",
		"doubleSided": true,
		"invertBackFaceNormals": true,
		"dynamicCubemap": true,
		"activeLayers": 2,
		"materialTag0": "beamng",
		"materialTag1": "vehicle",
		"order_simset": 0,
		"version": 1.5
	},
	"material_32_m_carpaint_5a04a.skin.dynamicTextures": {
		"name": "material_32_m_carpaint_5a04a.skin.dynamicTextures",
		"class": "Material",
		"mapTo": "material_32_m_carpaint_5a04a.skin.dynamicTextures",
		"Stages": [
			{
				"normalMap": "vehicles/ksa_raion/camso_col_0xff8080ff.dds",
				"normalMapStrength": 1,
				"clearCoatFactor": 1,
				"clearCoatRoughnessFactor": 1,
				"instanceDiffuse": true,
				"roughnessFactor": 1,
				"metallicFactor": 1,
				"diffuseColor": [ 1, 1, 1, 1 ]
			},
			{
				"normalMap": "vehicles/ksa_raion/camso_col_0xff8080ff.dds",
				"normalMapStrength": 1,
				"clearCoatFactor": 1,
				"clearCoatRoughnessFactor": 1,
				"instanceDiffuse": true,
				"roughnessFactor": 1,
				"metallicFactor": 1,
				"baseColorMap": "@DynamicTextureBaseColor",
				"diffuseMapUseUV": 1,
				"colorPaletteMap": "@DynamicTextureColorPalette",
				"colorPaletteMapUseUV": 1,
				"roughnessMap": "@DynamicTextureRoughness",
				"roughnessMapUseUV": 1,
				"metallicMap": "@DynamicTextureMetallic",
				"metallicMapUseUV": 1
			},
			{
			},
			{
			}
		],
		"alphaRef": 255,
		"alphaTest": true,
		"translucent": false,
		"translucentBlendOp": "None",
		"doubleSided": true,
		"invertBackFaceNormals": true,
		"dynamicCubemap": true,
		"activeLayers": 2,
		"materialTag0": "beamng",
		"materialTag1": "vehicle",
		"order_simset": 0,
		"version": 1.5
	},
	"material_34_m_carpaint_5a04a.skin.dynamicTextures": {
		"name": "material_34_m_carpaint_5a04a.skin.dynamicTextures",
		"class": "Material",
		"mapTo": "material_34_m_carpaint_5a04a.skin.dynamicTextures",
		"Stages": [
			{
				"normalMap": "vehicles/ksa_raion/camso_col_0xff8080ff.dds",
				"normalMapStrength": 1,
				"clearCoatFactor": 1,
				"clearCoatRoughnessFactor": 1,
				"opacityMap": "vehicles/ksa_raion/5a04a_stamp1.dds",
				"opacityMapUseUV": 1,
				"instanceDiffuse": true,
				"roughnessFactor": 1,
				"metallicFactor": 1,
				"diffuseColor": [ 1, 1, 1, 1 ],
				"useAnisotropic": true
			},
			{
				"normalMap": "vehicles/ksa_raion/camso_col_0xff8080ff.dds",
				"normalMapStrength": 1,
				"clearCoatFactor": 1,
				"clearCoatRoughnessFactor": 1,
				"opacityMap": "vehicles/ksa_raion/5a04a_stamp1.dds",
				"opacityMapUseUV": 1,
				"instanceDiffuse": true,
				"roughnessFactor": 1,
				"metallicFactor": 1,
				"baseColorMap": "@DynamicTextureBaseColor",
				"diffuseMapUseUV": 1,
				"colorPaletteMap": "@DynamicTextureColorPalette",
				"colorPaletteMapUseUV": 1,
				"roughnessMap": "@DynamicTextureRoughness",
				"roughnessMapUseUV": 1,
				"metallicMap": "@DynamicTextureMetallic",
				"metallicMapUseUV": 1,
				"useAnisotropic": true
			},
			{
			},
			{
			}
		],
		"alphaRef": 255,
		"alphaTest": true,
		"translucent": false,
		"translucentBlendOp": "None",
		"doubleSided": true,
		"invertBackFaceNormals": true,
		"dynamicCubemap": true,
		"activeLayers": 2,
		"materialTag0": "beamng",
		"materialTag1": "vehicle",
		"order_simset": 0,
		"version": 1.5
	},
	"material_59_m_carpaint_5a04a.skin.dynamicTextures": {
		"name": "material_59_m_carpaint_5a04a.skin.dynamicTextures",
		"class": "Material",
		"mapTo": "material_59_m_carpaint_5a04a.skin.dynamicTextures",
		"Stages": [
			{
				"normalMap": "vehicles/ksa_raion/camso_col_0xff8080ff.dds",
				"normalMapStrength": 1,
				"clearCoatFactor": 1,
				"clearCoatRoughnessFactor": 1,
				"opacityMap": "vehicles/ksa_raion/5a04a_stamp1.dds",
				"opacityMapUseUV": 1,
				"instanceDiffuse": true,
				"roughnessFactor": 1,
				"metallicFactor": 1,
				"diffuseColor": [ 1, 1, 1, 1 ],
				"useAnisotropic": true
			},
			{
				"normalMap": "vehicles/ksa_raion/camso_col_0xff8080ff.dds",
				"normalMapStrength": 1,
				"clearCoatFactor": 1,
				"clearCoatRoughnessFactor": 1,
				"opacityMap": "vehicles/ksa_raion/5a04a_stamp1.dds",
				"opacityMapUseUV": 1,
				"instanceDiffuse": true,
				"roughnessFactor": 1,
				"metallicFactor": 1,
				"baseColorMap": "@DynamicTextureBaseColor",
				"diffuseMapUseUV": 1,
				"colorPaletteMap": "@DynamicTextureColorPalette",
				"colorPaletteMapUseUV": 1,
				"roughnessMap": "@DynamicTextureRoughness",
				"roughnessMapUseUV": 1,
				"metallicMap": "@DynamicTextureMetallic",
				"metallicMapUseUV": 1,
				"useAnisotropic": true
			},
			{
			},
			{
			}
		],
		"alphaRef": 255,
		"alphaTest": true,
		"translucent": false,
		"translucentBlendOp": "None",
		"doubleSided": true,
		"invertBackFaceNormals": true,
		"dynamicCubemap": true,
		"activeLayers": 2,
		"materialTag0": "beamng",
		"materialTag1": "vehicle",
		"order_simset": 0,
		"version": 1.5
	},
	"material_61_m_carpaint_5a04a.skin.dynamicTextures": {
		"name": "material_61_m_carpaint_5a04a.skin.dynamicTextures",
		"class": "Material",
		"mapTo": "material_61_m_carpaint_5a04a.skin.dynamicTextures",
		"Stages": [
			{
				"normalMap": "vehicles/ksa_raion/camso_col_0xff8080ff.dds",
				"normalMapStrength": 1,
				"clearCoatFactor": 1,
				"clearCoatRoughnessFactor": 0,
				"diffuseColor": [ 1, 0.772549, 0.403922, 1 ],
				"roughnessFactor": 0,
				"metallicFactor": 0
			},
			{
				"normalMap": "vehicles/ksa_raion/camso_col_0xff8080ff.dds",
				"normalMapStrength": 1,
				"clearCoatFactor": 1,
				"clearCoatRoughnessFactor": 0,
				"roughnessFactor": 0,
				"metallicFactor": 0,
				"baseColorMap": "@DynamicTextureBaseColor",
				"diffuseMapUseUV": 1,
				"colorPaletteMap": "@DynamicTextureColorPalette",
				"colorPaletteMapUseUV": 1,
				"roughnessMap": "@DynamicTextureRoughness",
				"roughnessMapUseUV": 1,
				"metallicMap": "@DynamicTextureMetallic",
				"metallicMapUseUV": 1
			},
			{
			},
			{
			}
		],
		"alphaRef": 255,
		"alphaTest": true,
		"translucent": false,
		"translucentBlendOp": "None",
		"doubleSided": true,
		"invertBackFaceNormals": true,
		"dynamicCubemap": true,
		"activeLayers": 2,
		"materialTag0": "beamng",
		"materialTag1": "vehicle",
		"order_simset": 0,
		"version": 1.5
	},
	"material_62_m_carpaint_5a04a.skin.dynamicTextures": {
		"name": "material_62_m_carpaint_5a04a.skin.dynamicTextures",
		"class": "Material",
		"mapTo": "material_62_m_carpaint_5a04a.skin.dynamicTextures",
		"Stages": [
			{
				"normalMap": "vehicles/ksa_raion/camso_col_0xff8080ff.dds",
				"normalMapStrength": 1,
				"clearCoatFactor": 1,
				"clearCoatRoughnessFactor": 0,
				"diffuseColor": [ 1, 1, 1, 1 ],
				"roughnessFactor": 0,
				"metallicFactor": 0
			},
			{
				"normalMap": "vehicles/ksa_raion/camso_col_0xff8080ff.dds",
				"normalMapStrength": 1,
				"clearCoatFactor": 1,
				"clearCoatRoughnessFactor": 0,
				"roughnessFactor": 0,
				"metallicFactor": 0,
				"baseColorMap": "@DynamicTextureBaseColor",
				"diffuseMapUseUV": 1,
				"colorPaletteMap": "@DynamicTextureColorPalette",
				"colorPaletteMapUseUV": 1,
				"roughnessMap": "@DynamicTextureRoughness",
				"roughnessMapUseUV": 1,
				"metallicMap": "@DynamicTextureMetallic",
				"metallicMapUseUV": 1
			},
			{
			},
			{
			}
		],
		"alphaRef": 255,
		"alphaTest": true,
		"translucent": false,
		"translucentBlendOp": "None",
		"doubleSided": true,
		"invertBackFaceNormals": true,
		"dynamicCubemap": true,
		"activeLayers": 2,
		"materialTag0": "beamng",
		"materialTag1": "vehicle",
		"order_simset": 0,
		"version": 1.5
	},
	"material_72_m_carpaint_5a04a.skin.dynamicTextures": {
		"name": "material_72_m_carpaint_5a04a.skin.dynamicTextures",
		"class": "Material",
		"mapTo": "material_72_m_carpaint_5a04a.skin.dynamicTextures",
		"Stages": [
			{
				"normalMap": "vehicles/ksa_raion/camso_col_0xff8080ff.dds",
				"normalMapStrength": 1,
				"clearCoatFactor": 1,
				"clearCoatRoughnessFactor": 0,
				"diffuseColor": [ 1, 0.772549, 0.403922, 1 ],
				"roughnessFactor": 0,
				"metallicFactor": 0
			},
			{
				"normalMap": "vehicles/ksa_raion/camso_col_0xff8080ff.dds",
				"normalMapStrength": 1,
				"clearCoatFactor": 1,
				"clearCoatRoughnessFactor": 0,
				"roughnessFactor": 0,
				"metallicFactor": 0,
				"baseColorMap": "@DynamicTextureBaseColor",
				"diffuseMapUseUV": 1,
				"colorPaletteMap": "@DynamicTextureColorPalette",
				"colorPaletteMapUseUV": 1,
				"roughnessMap": "@DynamicTextureRoughness",
				"roughnessMapUseUV": 1,
				"metallicMap": "@DynamicTextureMetallic",
				"metallicMapUseUV": 1
			},
			{
			},
			{
			}
		],
		"alphaRef": 255,
		"alphaTest": true,
		"translucent": false,
		"translucentBlendOp": "None",
		"doubleSided": true,
		"invertBackFaceNormals": true,
		"dynamicCubemap": true,
		"activeLayers": 2,
		"materialTag0": "beamng",
		"materialTag1": "vehicle",
		"order_simset": 0,
		"version": 1.5
	}
}
